     #Energy           s          py          pz          px         dxy         dyz         dz2         dxz         dx2       fy3x2        fxyz        fyz2         fz3        fxz2        fzx2         fx3       tot  
   -46.65907     0.00000     0.00000     0.00000     0.00000     0.00000     0.00000     0.00000     0.00000     0.00000     0.00000     0.00000     0.00000     0.00000     0.00000     0.00000     0.00000     0.00000
   -46.63507     0.00000     0.00000     0.00000     0.00000     0.00000     0.00000     0.00000     0.00000     0.00000     0.00000     0.00000     0.00000     0.00000     0.00000     0.00000     0.00000     0.00000
   -46.61107     0.00000     0.00000     0.00000     0.00000     0.00000     0.00000     0.00000     0.00000     0.00000     0.00000     0.00000     0.00000     0.00000     0.00000     0.00000     0.00000     0.00000
   -46.58707     0.00000     0.00000     0.00000     0.00000     0.00000     0.00000     0.00000     0.00000     0.00000     0.00000     0.00000     0.00000     0.00000     0.00000     0.00000     0.00000     0.00000
   -46.56407     0.00000     0.00000     0.00000     0.00000     0.00000     0.00000     0.00000     0.00000     0.00000     0.00000     0.00000     0.00000     0.00000     0.00000     0.00000     0.00000     0.00000
   -46.54007     0.00000     0.00000     0.00000     0.00000     0.00000     0.00000     0.00000     0.00000     0.00000     0.00000     0.00000     0.00000     0.00000     0.00000     0.00000     0.00000     0.00000
   -46.51607     0.00000     0.00000     0.00000     0.00000     0.00000     0.00000     0.00000     0.00000     0.00000     0.00000     0.00000     0.00000     0.00000     0.00000     0.00000     0.00000     0.00000
   -46.49207     0.00000     0.00000     0.00000     0.00000     0.00000     0.00000     0.00000     0.00000     0.00000     0.00000     0.00000     0.00000     0.00000     0.00000     0.00000     0.00000     0.00000
   -46.46807     0.00000     0.00000     0.00000     0.00000     0.00000     0.00000     0.00000     0.00000     0.00000     0.00000     0.00000     0.00000     0.00000     0.00000     0.00000     0.00000     0.00000
   -46.44407     0.00000     0.00000     0.00000     0.00000     0.00000     0.00000     0.00000     0.00000     0.00000     0.00000     0.00000     0.00000     0.00000     0.00000     0.00000     0.00000     0.00000
   -46.42007     0.00000     0.00000     0.00000     0.00000     0.00000     0.00000     0.00000     0.00000     0.00000     0.00000     0.00000     0.00000     0.00000     0.00000     0.00000     0.00000     0.00000
   -46.39607     0.00000     0.00000     0.00000     0.00000     0.00000     0.00000     0.00000     0.00000     0.00000     0.00000     0.00000     0.00000     0.00000     0.00000     0.00000     0.00000     0.00000
   -46.37207     0.00000     0.00000     0.00000     0.00000     0.00000     0.00000     0.00000     0.00000     0.00000     0.00000     0.00000     0.00000     0.00000     0.00000     0.00000     0.00000     0.00000
   -46.34807     0.00000     0.00000     0.00000     0.00000     0.00000     0.00000     0.00000     0.00000     0.00000     0.00000     0.00000     0.00000     0.00000     0.00000     0.00000     0.00000     0.00000
   -46.32407     0.00000     0.00000     0.00000     0.00000     0.00000     0.00000     0.00000     0.00000     0.00000     0.00000     0.00000     0.00000     0.00000     0.00000     0.00000     0.00000     0.00000
   -46.30007     0.00000     0.00000     0.00000     0.00000     0.00000     0.00000     0.00000     0.00000     0.00000     0.00000     0.00000     0.00000     0.00000     0.00000     0.00000     0.00000     0.00000
   -46.27607     0.00000     0.00000     0.00000     0.00000     0.00000     0.00000     0.00000     0.00000     0.00000     0.00000     0.00000     0.00000     0.00000     0.00000     0.00000     0.00000     0.00000
   -46.25207     0.00000     0.00000     0.00000     0.00000     0.00000     0.00000     0.00000     0.00000     0.00000     0.00000     0.00000     0.00000     0.00000     0.00000     0.00000     0.00000     0.00000
   -46.22807     0.00000     0.00000     0.00000     0.00000     0.00000     0.00000     0.00000     0.00000     0.00000     0.00000     0.00000     0.00000     0.00000     0.00000     0.00000     0.00000     0.00000
   -46.20407     0.00000     0.00000     0.00000     0.00000     0.00000     0.00000     0.00000     0.00000     0.00000     0.00000     0.00000     0.00000     0.00000     0.00000     0.00000     0.00000     0.00000
   -46.18007     0.00000     0.00000     0.00000     0.00000     0.00000     0.00000     0.00000     0.00000     0.00000     0.00000     0.00000     0.00000     0.00000     0.00000     0.00000     0.00000     0.00000
   -46.15607     0.00000     0.00000     0.00000     0.00000     0.00000     0.00000     0.00000     0.00000     0.00000     0.00000     0.00000     0.00000     0.00000     0.00000     0.00000     0.00000     0.00000
   -46.13207     0.00000     0.00000     0.00000     0.00000     0.00000     0.00000     0.00000     0.00000     0.00000     0.00000     0.00000     0.00000     0.00000     0.00000     0.00000     0.00000     0.00000
   -46.10807     0.00000     0.00000     0.00000     0.00000     0.00000     0.00000     0.00000     0.00000     0.00000     0.00000     0.00000     0.00000     0.00000     0.00000     0.00000     0.00000     0.00000
   -46.08407     0.00000     0.00000     0.00000     0.00000     0.00000     0.00000     0.00000     0.00000     0.00000     0.00000     0.00000     0.00000     0.00000     0.00000     0.00000     0.00000     0.00000
   -46.06007     0.00000     0.00000     0.00000     0.00000     0.00000     0.00000     0.00000     0.00000     0.00000     0.00000     0.00000     0.00000     0.00000     0.00000     0.00000     0.00000     0.00000
   -46.03607     0.00000     0.00000     0.00000     0.00000     0.00000     0.00000     0.00000     0.00000     0.00000     0.00000     0.00000     0.00000     0.00000     0.00000     0.00000     0.00000     0.00000
   -46.01207     0.00000     0.00000     0.00000     0.00000     0.00000     0.00000     0.00000     0.00000     0.00000     0.00000     0.00000     0.00000     0.00000     0.00000     0.00000     0.00000     0.00000
   -45.98807     0.00000     0.00000     0.00000     0.00000     0.00000     0.00000     0.00000     0.00000     0.00000     0.00000     0.00000     0.00000     0.00000     0.00000     0.00000     0.00000     0.00000
   -45.96407     0.00000     0.00000     0.00000     0.00000     0.00000     0.00000     0.00000     0.00000     0.00000     0.00000     0.00000     0.00000     0.00000     0.00000     0.00000     0.00000     0.00000
   -45.94007     0.00000     0.00000     0.00000     0.00000     0.00000     0.00000     0.00000     0.00000     0.00000     0.00000     0.00000     0.00000     0.00000     0.00000     0.00000     0.00000     0.00000
   -45.91607     0.00000     0.00000     0.00000     0.00000     0.00000     0.00000     0.00000     0.00000     0.00000     0.00000     0.00000     0.00000     0.00000     0.00000     0.00000     0.00000     0.00000
   -45.89207     0.00000     0.00000     0.00000     0.00000     0.00000     0.00000     0.00000     0.00000     0.00000     0.00000     0.00000     0.00000     0.00000     0.00000     0.00000     0.00000     0.00000
   -45.86807     0.00000     0.00000     0.00000     0.00000     0.00000     0.00000     0.00000     0.00000     0.00000     0.00000     0.00000     0.00000     0.00000     0.00000     0.00000     0.00000     0.00000
   -45.84407     0.00000     0.00000     0.00000     0.00000     0.00000     0.00000     0.00000     0.00000     0.00000     0.00000     0.00000     0.00000     0.00000     0.00000     0.00000     0.00000     0.00000
   -45.82007     0.00000     0.00000     0.00000     0.00000     0.00000     0.00000     0.00000     0.00000     0.00000     0.00000     0.00000     0.00000     0.00000     0.00000     0.00000     0.00000     0.00000
   -45.79607     0.00000     0.00000     0.00000     0.00000     0.00000     0.00000     0.00000     0.00000     0.00000     0.00000     0.00000     0.00000     0.00000     0.00000     0.00000     0.00000     0.00000
   -45.77207     0.00000     0.00000     0.00000     0.00000     0.00000     0.00000     0.00000     0.00000     0.00000     0.00000     0.00000     0.00000     0.00000     0.00000     0.00000     0.00000     0.00000
   -45.74807     0.00000     0.00000     0.00000     0.00000     0.00000     0.00000     0.00000     0.00000     0.00000     0.00000     0.00000     0.00000     0.00000     0.00000     0.00000     0.00000     0.00000
   -45.72407     0.00000     0.00000     0.00000     0.00000     0.00000     0.00000     0.00000     0.00000     0.00000     0.00000     0.00000     0.00000     0.00000     0.00000     0.00000     0.00000     0.00000
   -45.70007     0.00000     0.00000     0.00000     0.00000     0.00000     0.00000     0.00000     0.00000     0.00000     0.00000     0.00000     0.00000     0.00000     0.00000     0.00000     0.00000     0.00000
   -45.67607     0.00000     0.00000     0.00000     0.00000     0.00000     0.00000     0.00000     0.00000     0.00000     0.00000     0.00000     0.00000     0.00000     0.00000     0.00000     0.00000     0.00000
   -45.65307     0.00000     0.00000     0.00000     0.00000     0.00000     0.00000     0.00000     0.00000     0.00000     0.00000     0.00000     0.00000     0.00000     0.00000     0.00000     0.00000     0.00000
   -45.62907     0.00000     0.00000     0.00000     0.00000     0.00000     0.00000     0.00000     0.00000     0.00000     0.00000     0.00000     0.00000     0.00000     0.00000     0.00000     0.00000     0.00000
   -45.60507     0.00000     0.00000     0.00000     0.00000     0.00000     0.00000     0.00000     0.00000     0.00000     0.00000     0.00000     0.00000     0.00000     0.00000     0.00000     0.00000     0.00000
   -45.58107     0.00000     0.00000     0.00000     0.00000     0.00000     0.00000     0.00000     0.00000     0.00000     0.00000     0.00000     0.00000     0.00000     0.00000     0.00000     0.00000     0.00000
   -45.55707     0.00000     0.00000     0.00000     0.00000     0.00000     0.00000     0.00000     0.00000     0.00000     0.00000     0.00000     0.00000     0.00000     0.00000     0.00000     0.00000     0.00000
   -45.53307     0.00000     0.00000     0.00000     0.00000     0.00000     0.00000     0.00000     0.00000     0.00000     0.00000     0.00000     0.00000     0.00000     0.00000     0.00000     0.00000     0.00000
   -45.50907     0.00000     0.00000     0.00000     0.00000     0.00000     0.00000     0.00000     0.00000     0.00000     0.00000     0.00000     0.00000     0.00000     0.00000     0.00000     0.00000     0.00000
   -45.48507     0.00000     0.00000     0.00000     0.00000     0.00000     0.00000     0.00000     0.00000     0.00000     0.00000     0.00000     0.00000     0.00000     0.00000     0.00000     0.00000     0.00000
   -45.46107     0.00000     0.00000     0.00000     0.00000     0.00000     0.00000     0.00000     0.00000     0.00000     0.00000     0.00000     0.00000     0.00000     0.00000     0.00000     0.00000     0.00000
   -45.43707     0.00000     0.00000     0.00000     0.00000     0.00000     0.00000     0.00000     0.00000     0.00000     0.00000     0.00000     0.00000     0.00000     0.00000     0.00000     0.00000     0.00000
   -45.41307     0.00000     0.00000     0.00000     0.00000     0.00000     0.00000     0.00000     0.00000     0.00000     0.00000     0.00000     0.00000     0.00000     0.00000     0.00000     0.00000     0.00000
   -45.38907     0.00000     0.00000     0.00000     0.00000     0.00000     0.00000     0.00000     0.00000     0.00000     0.00000     0.00000     0.00000     0.00000     0.00000     0.00000     0.00000     0.00000
   -45.36507     0.00000     0.00000     0.00000     0.00000     0.00000     0.00000     0.00000     0.00000     0.00000     0.00000     0.00000     0.00000     0.00000     0.00000     0.00000     0.00000     0.00000
   -45.34107     0.00000     0.00000     0.00000     0.00000     0.00000     0.00000     0.00000     0.00000     0.00000     0.00000     0.00000     0.00000     0.00000     0.00000     0.00000     0.00000     0.00000
   -45.31707     0.00000     0.00000     0.00000     0.00000     0.00000     0.00000     0.00000     0.00000     0.00000     0.00000     0.00000     0.00000     0.00000     0.00000     0.00000     0.00000     0.00000
   -45.29307     0.00000     0.00000     0.00000     0.00000     0.00000     0.00000     0.00000     0.00000     0.00000     0.00000     0.00000     0.00000     0.00000     0.00000     0.00000     0.00000     0.00000
   -45.26907     0.00000     0.00000     0.00000     0.00000     0.00000     0.00000     0.00000     0.00000     0.00000     0.00000     0.00000     0.00000     0.00000     0.00000     0.00000     0.00000     0.00000
   -45.24507     0.00000     0.00000     0.00000     0.00000     0.00000     0.00000     0.00000     0.00000     0.00000     0.00000     0.00000     0.00000     0.00000     0.00000     0.00000     0.00000     0.00000
   -45.22107     0.00000     0.00000     0.00000     0.00000     0.00000     0.00000     0.00000     0.00000     0.00000     0.00000     0.00000     0.00000     0.00000     0.00000     0.00000     0.00000     0.00000
   -45.19707     0.00000     0.00000     0.00000     0.00000     0.00000     0.00000     0.00000     0.00000     0.00000     0.00000     0.00000     0.00000     0.00000     0.00000     0.00000     0.00000     0.00000
   -45.17307     0.00000     0.00000     0.00000     0.00000     0.00000     0.00000     0.00000     0.00000     0.00000     0.00000     0.00000     0.00000     0.00000     0.00000     0.00000     0.00000     0.00000
   -45.14907     0.00000     0.00000     0.00000     0.00000     0.00000     0.00000     0.00000     0.00000     0.00000     0.00000     0.00000     0.00000     0.00000     0.00000     0.00000     0.00000     0.00000
   -45.12507     0.00000     0.00000     0.00000     0.00000     0.00000     0.00000     0.00000     0.00000     0.00000     0.00000     0.00000     0.00000     0.00000     0.00000     0.00000     0.00000     0.00000
   -45.10107     0.00000     0.00000     0.00000     0.00000     0.00000     0.00000     0.00000     0.00000     0.00000     0.00000     0.00000     0.00000     0.00000     0.00000     0.00000     0.00000     0.00000
   -45.07707     0.00000     0.00000     0.00000     0.00000     0.00000     0.00000     0.00000     0.00000     0.00000     0.00000     0.00000     0.00000     0.00000     0.00000     0.00000     0.00000     0.00000
   -45.05307     0.00000     0.00000     0.00000     0.00000     0.00000     0.00000     0.00000     0.00000     0.00000     0.00000     0.00000     0.00000     0.00000     0.00000     0.00000     0.00000     0.00000
   -45.02907     0.00000     0.00000     0.00000     0.00000     0.00000     0.00000     0.00000     0.00000     0.00000     0.00000     0.00000     0.00000     0.00000     0.00000     0.00000     0.00000     0.00000
   -45.00507     0.00000     0.00000     0.00000     0.00000     0.00000     0.00000     0.00000     0.00000     0.00000     0.00000     0.00000     0.00000     0.00000     0.00000     0.00000     0.00000     0.00000
   -44.98107     0.00000     0.00000     0.00000     0.00000     0.00000     0.00000     0.00000     0.00000     0.00000     0.00000     0.00000     0.00000     0.00000     0.00000     0.00000     0.00000     0.00000
   -44.95707     0.00000     0.00000     0.00000     0.00000     0.00000     0.00000     0.00000     0.00000     0.00000     0.00000     0.00000     0.00000     0.00000     0.00000     0.00000     0.00000     0.00000
   -44.93307     0.00000     0.00000     0.00000     0.00000     0.00000     0.00000     0.00000     0.00000     0.00000     0.00000     0.00000     0.00000     0.00000     0.00000     0.00000     0.00000     0.00000
   -44.90907     0.00000     0.00000     0.00000     0.00000     0.00000     0.00000     0.00000     0.00000     0.00000     0.00000     0.00000     0.00000     0.00000     0.00000     0.00000     0.00000     0.00000
   -44.88507     0.00000     0.00000     0.00000     0.00000     0.00000     0.00000     0.00000     0.00000     0.00000     0.00000     0.00000     0.00000     0.00000     0.00000     0.00000     0.00000     0.00000
   -44.86107     0.00000     0.00000     0.00000     0.00000     0.00000     0.00000     0.00000     0.00000     0.00000     0.00000     0.00000     0.00000     0.00000     0.00000     0.00000     0.00000     0.00000
   -44.83707     0.00000     0.00000     0.00000     0.00000     0.00000     0.00000     0.00000     0.00000     0.00000     0.00000     0.00000     0.00000     0.00000     0.00000     0.00000     0.00000     0.00000
   -44.81307     0.00000     0.00000     0.00000     0.00000     0.00000     0.00000     0.00000     0.00000     0.00000     0.00000     0.00000     0.00000     0.00000     0.00000     0.00000     0.00000     0.00000
   -44.78907     0.00000     0.00000     0.00000     0.00000     0.00000     0.00000     0.00000     0.00000     0.00000     0.00000     0.00000     0.00000     0.00000     0.00000     0.00000     0.00000     0.00000
   -44.76607     0.00000     0.00000     0.00000     0.00000     0.00000     0.00000     0.00000     0.00000     0.00000     0.00000     0.00000     0.00000     0.00000     0.00000     0.00000     0.00000     0.00000
   -44.74207     0.00000     0.00000     0.00000     0.00000     0.00000     0.00000     0.00000     0.00000     0.00000     0.00000     0.00000     0.00000     0.00000     0.00000     0.00000     0.00000     0.00000
   -44.71807     0.00000     0.00000     0.00000     0.00000     0.00000     0.00000     0.00000     0.00000     0.00000     0.00000     0.00000     0.00000     0.00000     0.00000     0.00000     0.00000     0.00000
   -44.69407     0.00000     0.00000     0.00000     0.00000     0.00000     0.00000     0.00000     0.00000     0.00000     0.00000     0.00000     0.00000     0.00000     0.00000     0.00000     0.00000     0.00000
   -44.67007     0.00000     0.00000     0.00000     0.00000     0.00000     0.00000     0.00000     0.00000     0.00000     0.00000     0.00000     0.00000     0.00000     0.00000     0.00000     0.00000     0.00000
   -44.64607     0.00000     0.00000     0.00000     0.00000     0.00000     0.00000     0.00000     0.00000     0.00000     0.00000     0.00000     0.00000     0.00000     0.00000     0.00000     0.00000     0.00000
   -44.62207     0.00000     0.00000     0.00000     0.00000     0.00000     0.00000     0.00000     0.00000     0.00000     0.00000     0.00000     0.00000     0.00000     0.00000     0.00000     0.00000     0.00000
   -44.59807     0.00000     0.00000     0.00000     0.00000     0.00000     0.00000     0.00000     0.00000     0.00000     0.00000     0.00000     0.00000     0.00000     0.00000     0.00000     0.00000     0.00000
   -44.57407     0.00000     0.00000     0.00000     0.00000     0.00000     0.00000     0.00000     0.00000     0.00000     0.00000     0.00000     0.00000     0.00000     0.00000     0.00000     0.00000     0.00000
   -44.55007     0.00000     0.00000     0.00000     0.00000     0.00000     0.00000     0.00000     0.00000     0.00000     0.00000     0.00000     0.00000     0.00000     0.00000     0.00000     0.00000     0.00000
   -44.52607     0.00000     0.00000     0.00000     0.00000     0.00000     0.00000     0.00000     0.00000     0.00000     0.00000     0.00000     0.00000     0.00000     0.00000     0.00000     0.00000     0.00000
   -44.50207     0.00000     0.00000     0.00000     0.00000     0.00000     0.00000     0.00000     0.00000     0.00000     0.00000     0.00000     0.00000     0.00000     0.00000     0.00000     0.00000     0.00000
   -44.47807     0.00000     0.00000     0.00000     0.00000     0.00000     0.00000     0.00000     0.00000     0.00000     0.00000     0.00000     0.00000     0.00000     0.00000     0.00000     0.00000     0.00000
   -44.45407     0.00000     0.00000     0.00000     0.00000     0.00000     0.00000     0.00000     0.00000     0.00000     0.00000     0.00000     0.00000     0.00000     0.00000     0.00000     0.00000     0.00000
   -44.43007     0.00000     0.00000     0.00000     0.00000     0.00000     0.00000     0.00000     0.00000     0.00000     0.00000     0.00000     0.00000     0.00000     0.00000     0.00000     0.00000     0.00000
   -44.40607     0.00000     0.00000     0.00000     0.00000     0.00000     0.00000     0.00000     0.00000     0.00000     0.00000     0.00000     0.00000     0.00000     0.00000     0.00000     0.00000     0.00000
   -44.38207     0.00000     0.00000     0.00000     0.00000     0.00000     0.00000     0.00000     0.00000     0.00000     0.00000     0.00000     0.00000     0.00000     0.00000     0.00000     0.00000     0.00000
   -44.35807     0.00000     0.00000     0.00000     0.00000     0.00000     0.00000     0.00000     0.00000     0.00000     0.00000     0.00000     0.00000     0.00000     0.00000     0.00000     0.00000     0.00000
   -44.33407     0.00000     0.00000     0.00000     0.00000     0.00000     0.00000     0.00000     0.00000     0.00000     0.00000     0.00000     0.00000     0.00000     0.00000     0.00000     0.00000     0.00000
   -44.31007     0.00000     0.00000     0.00000     0.00000     0.00000     0.00000     0.00000     0.00000     0.00000     0.00000     0.00000     0.00000     0.00000     0.00000     0.00000     0.00000     0.00000
   -44.28607     0.00000     0.00000     0.00000     0.00000     0.00000     0.00000     0.00000     0.00000     0.00000     0.00000     0.00000     0.00000     0.00000     0.00000     0.00000     0.00000     0.00000
   -44.26207     0.00000     0.00000     0.00000     0.00000     0.00000     0.00000     0.00000     0.00000     0.00000     0.00000     0.00000     0.00000     0.00000     0.00000     0.00000     0.00000     0.00000
   -44.23807     0.00000     0.00000     0.00000     0.00000     0.00000     0.00000     0.00000     0.00000     0.00000     0.00000     0.00000     0.00000     0.00000     0.00000     0.00000     0.00000     0.00000
   -44.21407     0.00000     0.00000     0.00000     0.00000     0.00000     0.00000     0.00000     0.00000     0.00000     0.00000     0.00000     0.00000     0.00000     0.00000     0.00000     0.00000     0.00000
   -44.19007     0.00000     0.00000     0.00000     0.00000     0.00000     0.00000     0.00000     0.00000     0.00000     0.00000     0.00000     0.00000     0.00000     0.00000     0.00000     0.00000     0.00000
   -44.16607     0.00000     0.00000     0.00000     0.00000     0.00000     0.00000     0.00000     0.00000     0.00000     0.00000     0.00000     0.00000     0.00000     0.00000     0.00000     0.00000     0.00000
   -44.14207     0.00000     0.00000     0.00000     0.00000     0.00000     0.00000     0.00000     0.00000     0.00000     0.00000     0.00000     0.00000     0.00000     0.00000     0.00000     0.00000     0.00000
   -44.11807     0.00000     0.00000     0.00000     0.00000     0.00000     0.00000     0.00000     0.00000     0.00000     0.00000     0.00000     0.00000     0.00000     0.00000     0.00000     0.00000     0.00000
   -44.09407     0.00000     0.00000     0.00000     0.00000     0.00000     0.00000     0.00000     0.00000     0.00000     0.00000     0.00000     0.00000     0.00000     0.00000     0.00000     0.00000     0.00000
   -44.07007     0.00000     0.00000     0.00000     0.00000     0.00000     0.00000     0.00000     0.00000     0.00000     0.00000     0.00000     0.00000     0.00000     0.00000     0.00000     0.00000     0.00000
   -44.04607     0.00000     0.00000     0.00000     0.00000     0.00000     0.00000     0.00000     0.00000     0.00000     0.00000     0.00000     0.00000     0.00000     0.00000     0.00000     0.00000     0.00000
   -44.02207     0.00000     0.00000     0.00000     0.00000     0.00000     0.00000     0.00000     0.00000     0.00000     0.00000     0.00000     0.00000     0.00000     0.00000     0.00000     0.00000     0.00000
   -43.99807     0.00000     0.00000     0.00000     0.00000     0.00000     0.00000     0.00000     0.00000     0.00000     0.00000     0.00000     0.00000     0.00000     0.00000     0.00000     0.00000     0.00000
   -43.97407     0.00000     0.00000     0.00000     0.00000     0.00000     0.00000     0.00000     0.00000     0.00000     0.00000     0.00000     0.00000     0.00000     0.00000     0.00000     0.00000     0.00000
   -43.95007     0.00000     0.00000     0.00000     0.00000     0.00000     0.00000     0.00000     0.00000     0.00000     0.00000     0.00000     0.00000     0.00000     0.00000     0.00000     0.00000     0.00000
   -43.92607     0.00000     0.00000     0.00000     0.00000     0.00000     0.00000     0.00000     0.00000     0.00000     0.00000     0.00000     0.00000     0.00000     0.00000     0.00000     0.00000     0.00000
   -43.90207     0.00000     0.00000     0.00000     0.00000     0.00000     0.00000     0.00000     0.00000     0.00000     0.00000     0.00000     0.00000     0.00000     0.00000     0.00000     0.00000     0.00000
   -43.87807     0.00000     0.00000     0.00000     0.00000     0.00000     0.00000     0.00000     0.00000     0.00000     0.00000     0.00000     0.00000     0.00000     0.00000     0.00000     0.00000     0.00000
   -43.85507     0.00000     0.00000     0.00000     0.00000     0.00000     0.00000     0.00000     0.00000     0.00000     0.00000     0.00000     0.00000     0.00000     0.00000     0.00000     0.00000     0.00000
   -43.83107     0.00000     0.00000     0.00000     0.00000     0.00000     0.00000     0.00000     0.00000     0.00000     0.00000     0.00000     0.00000     0.00000     0.00000     0.00000     0.00000     0.00000
   -43.80707     0.00000     0.00000     0.00000     0.00000     0.00000     0.00000     0.00000     0.00000     0.00000     0.00000     0.00000     0.00000     0.00000     0.00000     0.00000     0.00000     0.00000
   -43.78307     0.00000     0.00000     0.00000     0.00000     0.00000     0.00000     0.00000     0.00000     0.00000     0.00000     0.00000     0.00000     0.00000     0.00000     0.00000     0.00000     0.00000
   -43.75907     0.00000     0.00000     0.00000     0.00000     0.00000     0.00000     0.00000     0.00000     0.00000     0.00000     0.00000     0.00000     0.00000     0.00000     0.00000     0.00000     0.00000
   -43.73507     0.00000     0.00000     0.00000     0.00000     0.00000     0.00000     0.00000     0.00000     0.00000     0.00000     0.00000     0.00000     0.00000     0.00000     0.00000     0.00000     0.00000
   -43.71107     0.00000     0.00000     0.00000     0.00000     0.00000     0.00000     0.00000     0.00000     0.00000     0.00000     0.00000     0.00000     0.00000     0.00000     0.00000     0.00000     0.00000
   -43.68707     0.00000     0.00000     0.00000     0.00000     0.00000     0.00000     0.00000     0.00000     0.00000     0.00000     0.00000     0.00000     0.00000     0.00000     0.00000     0.00000     0.00000
   -43.66307     0.00000     0.00000     0.00000     0.00000     0.00000     0.00000     0.00000     0.00000     0.00000     0.00000     0.00000     0.00000     0.00000     0.00000     0.00000     0.00000     0.00000
   -43.63907     0.00000     0.00000     0.00000     0.00000     0.00000     0.00000     0.00000     0.00000     0.00000     0.00000     0.00000     0.00000     0.00000     0.00000     0.00000     0.00000     0.00000
   -43.61507     0.00000     0.00000     0.00000     0.00000     0.00000     0.00000     0.00000     0.00000     0.00000     0.00000     0.00000     0.00000     0.00000     0.00000     0.00000     0.00000     0.00000
   -43.59107     0.00000     0.00000     0.00000     0.00000     0.00000     0.00000     0.00000     0.00000     0.00000     0.00000     0.00000     0.00000     0.00000     0.00000     0.00000     0.00000     0.00000
   -43.56707     0.00000     0.00000     0.00000     0.00000     0.00000     0.00000     0.00000     0.00000     0.00000     0.00000     0.00000     0.00000     0.00000     0.00000     0.00000     0.00000     0.00000
   -43.54307     0.00000     0.00000     0.00000     0.00000     0.00000     0.00000     0.00000     0.00000     0.00000     0.00000     0.00000     0.00000     0.00000     0.00000     0.00000     0.00000     0.00000
   -43.51907     0.00000     0.00000     0.00000     0.00000     0.00000     0.00000     0.00000     0.00000     0.00000     0.00000     0.00000     0.00000     0.00000     0.00000     0.00000     0.00000     0.00000
   -43.49507     0.00000     0.00000     0.00000     0.00000     0.00000     0.00000     0.00000     0.00000     0.00000     0.00000     0.00000     0.00000     0.00000     0.00000     0.00000     0.00000     0.00000
   -43.47107     0.00000     0.00000     0.00000     0.00000     0.00000     0.00000     0.00000     0.00000     0.00000     0.00000     0.00000     0.00000     0.00000     0.00000     0.00000     0.00000     0.00000
   -43.44707     0.00000     0.00000     0.00000     0.00000     0.00000     0.00000     0.00000     0.00000     0.00000     0.00000     0.00000     0.00000     0.00000     0.00000     0.00000     0.00000     0.00000
   -43.42307     0.00000     0.00000     0.00000     0.00000     0.00000     0.00000     0.00000     0.00000     0.00000     0.00000     0.00000     0.00000     0.00000     0.00000     0.00000     0.00000     0.00000
   -43.39907     0.00000     0.00000     0.00000     0.00000     0.00000     0.00000     0.00000     0.00000     0.00000     0.00000     0.00000     0.00000     0.00000     0.00000     0.00000     0.00000     0.00000
   -43.37507     0.00000     0.00000     0.00000     0.00000     0.00000     0.00000     0.00000     0.00000     0.00000     0.00000     0.00000     0.00000     0.00000     0.00000     0.00000     0.00000     0.00000
   -43.35107     0.00000     0.00000     0.00000     0.00000     0.00000     0.00000     0.00000     0.00000     0.00000     0.00000     0.00000     0.00000     0.00000     0.00000     0.00000     0.00000     0.00000
   -43.32707     0.00000     0.00000     0.00000     0.00000     0.00000     0.00000     0.00000     0.00000     0.00000     0.00000     0.00000     0.00000     0.00000     0.00000     0.00000     0.00000     0.00000
   -43.30307     0.00000     0.00000     0.00000     0.00000     0.00000     0.00000     0.00000     0.00000     0.00000     0.00000     0.00000     0.00000     0.00000     0.00000     0.00000     0.00000     0.00000
   -43.27907     0.00000     0.00000     0.00000     0.00000     0.00000     0.00000     0.00000     0.00000     0.00000     0.00000     0.00000     0.00000     0.00000     0.00000     0.00000     0.00000     0.00000
   -43.25507     0.00000     0.00000     0.00000     0.00000     0.00000     0.00000     0.00000     0.00000     0.00000     0.00000     0.00000     0.00000     0.00000     0.00000     0.00000     0.00000     0.00000
   -43.23107     0.00000     0.00000     0.00000     0.00000     0.00000     0.00000     0.00000     0.00000     0.00000     0.00000     0.00000     0.00000     0.00000     0.00000     0.00000     0.00000     0.00000
   -43.20707     0.00000     0.00000     0.00000     0.00000     0.00000     0.00000     0.00000     0.00000     0.00000     0.00000     0.00000     0.00000     0.00000     0.00000     0.00000     0.00000     0.00000
   -43.18307     0.00000     0.00000     0.00000     0.00000     0.00000     0.00000     0.00000     0.00000     0.00000     0.00000     0.00000     0.00000     0.00000     0.00000     0.00000     0.00000     0.00000
   -43.15907     0.00000     0.00000     0.00000     0.00000     0.00000     0.00000     0.00000     0.00000     0.00000     0.00000     0.00000     0.00000     0.00000     0.00000     0.00000     0.00000     0.00000
   -43.13507     0.00000     0.00000     0.00000     0.00000     0.00000     0.00000     0.00000     0.00000     0.00000     0.00000     0.00000     0.00000     0.00000     0.00000     0.00000     0.00000     0.00000
   -43.11107     0.00000     0.00000     0.00000     0.00000     0.00000     0.00000     0.00000     0.00000     0.00000     0.00000     0.00000     0.00000     0.00000     0.00000     0.00000     0.00000     0.00000
   -43.08707     0.00000     0.00000     0.00000     0.00000     0.00000     0.00000     0.00000     0.00000     0.00000     0.00000     0.00000     0.00000     0.00000     0.00000     0.00000     0.00000     0.00000
   -43.06307     0.00000     0.00000     0.00000     0.00000     0.00000     0.00000     0.00000     0.00000     0.00000     0.00000     0.00000     0.00000     0.00000     0.00000     0.00000     0.00000     0.00000
   -43.03907     0.00000     0.00000     0.00000     0.00000     0.00000     0.00000     0.00000     0.00000     0.00000     0.00000     0.00000     0.00000     0.00000     0.00000     0.00000     0.00000     0.00000
   -43.01507     0.00000     0.00000     0.00000     0.00000     0.00000     0.00000     0.00000     0.00000     0.00000     0.00000     0.00000     0.00000     0.00000     0.00000     0.00000     0.00000     0.00000
   -42.99107     0.00000     0.00000     0.00000     0.00000     0.00000     0.00000     0.00000     0.00000     0.00000     0.00000     0.00000     0.00000     0.00000     0.00000     0.00000     0.00000     0.00000
   -42.96807     0.00000     0.00000     0.00000     0.00000     0.00000     0.00000     0.00000     0.00000     0.00000     0.00000     0.00000     0.00000     0.00000     0.00000     0.00000     0.00000     0.00000
   -42.94407     0.00000     0.00000     0.00000     0.00000     0.00000     0.00000     0.00000     0.00000     0.00000     0.00000     0.00000     0.00000     0.00000     0.00000     0.00000     0.00000     0.00000
   -42.92007     0.00000     0.00000     0.00000     0.00000     0.00000     0.00000     0.00000     0.00000     0.00000     0.00000     0.00000     0.00000     0.00000     0.00000     0.00000     0.00000     0.00000
   -42.89607     0.00000     0.00000     0.00000     0.00000     0.00000     0.00000     0.00000     0.00000     0.00000     0.00000     0.00000     0.00000     0.00000     0.00000     0.00000     0.00000     0.00000
   -42.87207     0.00000     0.00000     0.00000     0.00000     0.00000     0.00000     0.00000     0.00000     0.00000     0.00000     0.00000     0.00000     0.00000     0.00000     0.00000     0.00000     0.00000
   -42.84807     0.00000     0.00000     0.00000     0.00000     0.00000     0.00000     0.00000     0.00000     0.00000     0.00000     0.00000     0.00000     0.00000     0.00000     0.00000     0.00000     0.00000
   -42.82407     0.00000     0.00000     0.00000     0.00000     0.00000     0.00000     0.00000     0.00000     0.00000     0.00000     0.00000     0.00000     0.00000     0.00000     0.00000     0.00000     0.00000
   -42.80007     0.00000     0.00000     0.00000     0.00000     0.00000     0.00000     0.00000     0.00000     0.00000     0.00000     0.00000     0.00000     0.00000     0.00000     0.00000     0.00000     0.00000
   -42.77607     0.00000     0.00000     0.00000     0.00000     0.00000     0.00000     0.00000     0.00000     0.00000     0.00000     0.00000     0.00000     0.00000     0.00000     0.00000     0.00000     0.00000
   -42.75207     0.00000     0.00000     0.00000     0.00000     0.00000     0.00000     0.00000     0.00000     0.00000     0.00000     0.00000     0.00000     0.00000     0.00000     0.00000     0.00000     0.00000
   -42.72807     0.00000     0.00000     0.00000     0.00000     0.00000     0.00000     0.00000     0.00000     0.00000     0.00000     0.00000     0.00000     0.00000     0.00000     0.00000     0.00000     0.00000
   -42.70407     0.00000     0.00000     0.00000     0.00000     0.00000     0.00000     0.00000     0.00000     0.00000     0.00000     0.00000     0.00000     0.00000     0.00000     0.00000     0.00000     0.00000
   -42.68007     0.00000     0.00000     0.00000     0.00000     0.00000     0.00000     0.00000     0.00000     0.00000     0.00000     0.00000     0.00000     0.00000     0.00000     0.00000     0.00000     0.00000
   -42.65607     0.00000     0.00000     0.00000     0.00000     0.00000     0.00000     0.00000     0.00000     0.00000     0.00000     0.00000     0.00000     0.00000     0.00000     0.00000     0.00000     0.00000
   -42.63207     0.00000     0.00000     0.00000     0.00000     0.00000     0.00000     0.00000     0.00000     0.00000     0.00000     0.00000     0.00000     0.00000     0.00000     0.00000     0.00000     0.00000
   -42.60807     0.00000     0.00000     0.00000     0.00000     0.00000     0.00000     0.00000     0.00000     0.00000     0.00000     0.00000     0.00000     0.00000     0.00000     0.00000     0.00000     0.00000
   -42.58407     0.00000     0.00000     0.00000     0.00000     0.00000     0.00000     0.00000     0.00000     0.00000     0.00000     0.00000     0.00000     0.00000     0.00000     0.00000     0.00000     0.00000
   -42.56007     0.00000     0.00000     0.00000     0.00000     0.00000     0.00000     0.00000     0.00000     0.00000     0.00000     0.00000     0.00000     0.00000     0.00000     0.00000     0.00000     0.00000
   -42.53607     0.00000     0.00000     0.00000     0.00000     0.00000     0.00000     0.00000     0.00000     0.00000     0.00000     0.00000     0.00000     0.00000     0.00000     0.00000     0.00000     0.00000
   -42.51207     0.00000     0.00000     0.00000     0.00000     0.00000     0.00000     0.00000     0.00000     0.00000     0.00000     0.00000     0.00000     0.00000     0.00000     0.00000     0.00000     0.00000
   -42.48807     0.00000     0.00000     0.00000     0.00000     0.00000     0.00000     0.00000     0.00000     0.00000     0.00000     0.00000     0.00000     0.00000     0.00000     0.00000     0.00000     0.00000
   -42.46407     0.00000     0.00000     0.00000     0.00000     0.00000     0.00000     0.00000     0.00000     0.00000     0.00000     0.00000     0.00000     0.00000     0.00000     0.00000     0.00000     0.00000
   -42.44007     0.00000     0.00000     0.00000     0.00000     0.00000     0.00000     0.00000     0.00000     0.00000     0.00000     0.00000     0.00000     0.00000     0.00000     0.00000     0.00000     0.00000
   -42.41607     0.00000     0.00000     0.00000     0.00000     0.00000     0.00000     0.00000     0.00000     0.00000     0.00000     0.00000     0.00000     0.00000     0.00000     0.00000     0.00000     0.00000
   -42.39207     0.00000     0.00000     0.00000     0.00000     0.00000     0.00000     0.00000     0.00000     0.00000     0.00000     0.00000     0.00000     0.00000     0.00000     0.00000     0.00000     0.00000
   -42.36807     0.00000     0.00000     0.00000     0.00000     0.00000     0.00000     0.00000     0.00000     0.00000     0.00000     0.00000     0.00000     0.00000     0.00000     0.00000     0.00000     0.00000
   -42.34407     0.00000     0.00000     0.00000     0.00000     0.00000     0.00000     0.00000     0.00000     0.00000     0.00000     0.00000     0.00000     0.00000     0.00000     0.00000     0.00000     0.00000
   -42.32007     0.00000     0.00000     0.00000     0.00000     0.00000     0.00000     0.00000     0.00000     0.00000     0.00000     0.00000     0.00000     0.00000     0.00000     0.00000     0.00000     0.00000
   -42.29607     0.00000     0.00000     0.00000     0.00000     0.00000     0.00000     0.00000     0.00000     0.00000     0.00000     0.00000     0.00000     0.00000     0.00000     0.00000     0.00000     0.00000
   -42.27207     0.00000     0.00000     0.00000     0.00000     0.00000     0.00000     0.00000     0.00000     0.00000     0.00000     0.00000     0.00000     0.00000     0.00000     0.00000     0.00000     0.00000
   -42.24807     0.00000     0.00000     0.00000     0.00000     0.00000     0.00000     0.00000     0.00000     0.00000     0.00000     0.00000     0.00000     0.00000     0.00000     0.00000     0.00000     0.00000
   -42.22407     0.00000     0.00000     0.00000     0.00000     0.00000     0.00000     0.00000     0.00000     0.00000     0.00000     0.00000     0.00000     0.00000     0.00000     0.00000     0.00000     0.00000
   -42.20007     0.00000     0.00000     0.00000     0.00000     0.00000     0.00000     0.00000     0.00000     0.00000     0.00000     0.00000     0.00000     0.00000     0.00000     0.00000     0.00000     0.00000
   -42.17607     0.00000     0.00000     0.00000     0.00000     0.00000     0.00000     0.00000     0.00000     0.00000     0.00000     0.00000     0.00000     0.00000     0.00000     0.00000     0.00000     0.00000
   -42.15207     0.00000     0.00000     0.00000     0.00000     0.00000     0.00000     0.00000     0.00000     0.00000     0.00000     0.00000     0.00000     0.00000     0.00000     0.00000     0.00000     0.00000
   -42.12807     0.00000     0.00000     0.00000     0.00000     0.00000     0.00000     0.00000     0.00000     0.00000     0.00000     0.00000     0.00000     0.00000     0.00000     0.00000     0.00000     0.00000
   -42.10407     0.00000     0.00000     0.00000     0.00000     0.00000     0.00000     0.00000     0.00000     0.00000     0.00000     0.00000     0.00000     0.00000     0.00000     0.00000     0.00000     0.00000
   -42.08007     0.00000     0.00000     0.00000     0.00000     0.00000     0.00000     0.00000     0.00000     0.00000     0.00000     0.00000     0.00000     0.00000     0.00000     0.00000     0.00000     0.00000
   -42.05707     0.00000     0.00000     0.00000     0.00000     0.00000     0.00000     0.00000     0.00000     0.00000     0.00000     0.00000     0.00000     0.00000     0.00000     0.00000     0.00000     0.00000
   -42.03307     0.00000     0.00000     0.00000     0.00000     0.00000     0.00000     0.00000     0.00000     0.00000     0.00000     0.00000     0.00000     0.00000     0.00000     0.00000     0.00000     0.00000
   -42.00907     0.00000     0.00000     0.00000     0.00000     0.00000     0.00000     0.00000     0.00000     0.00000     0.00000     0.00000     0.00000     0.00000     0.00000     0.00000     0.00000     0.00000
   -41.98507     0.00000     0.00000     0.00000     0.00000     0.00000     0.00000     0.00000     0.00000     0.00000     0.00000     0.00000     0.00000     0.00000     0.00000     0.00000     0.00000     0.00000
   -41.96107     0.00000     0.00000     0.00000     0.00000     0.00000     0.00000     0.00000     0.00000     0.00000     0.00000     0.00000     0.00000     0.00000     0.00000     0.00000     0.00000     0.00000
   -41.93707     0.00000     0.00000     0.00000     0.00000     0.00000     0.00000     0.00000     0.00000     0.00000     0.00000     0.00000     0.00000     0.00000     0.00000     0.00000     0.00000     0.00000
   -41.91307     0.00000     0.00000     0.00000     0.00000     0.00000     0.00000     0.00000     0.00000     0.00000     0.00000     0.00000     0.00000     0.00000     0.00000     0.00000     0.00000     0.00000
   -41.88907     0.00000     0.00000     0.00000     0.00000     0.00000     0.00000     0.00000     0.00000     0.00000     0.00000     0.00000     0.00000     0.00000     0.00000     0.00000     0.00000     0.00000
   -41.86507     0.00000     0.00000     0.00000     0.00000     0.00000     0.00000     0.00000     0.00000     0.00000     0.00000     0.00000     0.00000     0.00000     0.00000     0.00000     0.00000     0.00000
   -41.84107     0.00000     0.00000     0.00000     0.00000     0.00000     0.00000     0.00000     0.00000     0.00000     0.00000     0.00000     0.00000     0.00000     0.00000     0.00000     0.00000     0.00000
   -41.81707     0.00000     0.00000     0.00000     0.00000     0.00000     0.00000     0.00000     0.00000     0.00000     0.00000     0.00000     0.00000     0.00000     0.00000     0.00000     0.00000     0.00000
   -41.79307     0.00000     0.00000     0.00000     0.00000     0.00000     0.00000     0.00000     0.00000     0.00000     0.00000     0.00000     0.00000     0.00000     0.00000     0.00000     0.00000     0.00000
   -41.76907     0.00000     0.00000     0.00000     0.00000     0.00000     0.00000     0.00000     0.00000     0.00000     0.00000     0.00000     0.00000     0.00000     0.00000     0.00000     0.00000     0.00000
   -41.74507     0.00000     0.00000     0.00000     0.00000     0.00000     0.00000     0.00000     0.00000     0.00000     0.00000     0.00000     0.00000     0.00000     0.00000     0.00000     0.00000     0.00000
   -41.72107     0.00000     0.00000     0.00000     0.00000     0.00000     0.00000     0.00000     0.00000     0.00000     0.00000     0.00000     0.00000     0.00000     0.00000     0.00000     0.00000     0.00000
   -41.69707     0.00000     0.00000     0.00000     0.00000     0.00000     0.00000     0.00000     0.00000     0.00000     0.00000     0.00000     0.00000     0.00000     0.00000     0.00000     0.00000     0.00000
   -41.67307     0.00000     0.00000     0.00000     0.00000     0.00000     0.00000     0.00000     0.00000     0.00000     0.00000     0.00000     0.00000     0.00000     0.00000     0.00000     0.00000     0.00000
   -41.64907     0.00000     0.00000     0.00000     0.00000     0.00000     0.00000     0.00000     0.00000     0.00000     0.00000     0.00000     0.00000     0.00000     0.00000     0.00000     0.00000     0.00000
   -41.62507     0.00000     0.00000     0.00000     0.00000     0.00000     0.00000     0.00000     0.00000     0.00000     0.00000     0.00000     0.00000     0.00000     0.00000     0.00000     0.00000     0.00000
   -41.60107     0.00000     0.00000     0.00000     0.00000     0.00000     0.00000     0.00000     0.00000     0.00000     0.00000     0.00000     0.00000     0.00000     0.00000     0.00000     0.00000     0.00000
   -41.57707     0.00000     0.00000     0.00000     0.00000     0.00000     0.00000     0.00000     0.00000     0.00000     0.00000     0.00000     0.00000     0.00000     0.00000     0.00000     0.00000     0.00000
   -41.55307     0.00000     0.00000     0.00000     0.00000     0.00000     0.00000     0.00000     0.00000     0.00000     0.00000     0.00000     0.00000     0.00000     0.00000     0.00000     0.00000     0.00000
   -41.52907     0.00000     0.00000     0.00000     0.00000     0.00000     0.00000     0.00000     0.00000     0.00000     0.00000     0.00000     0.00000     0.00000     0.00000     0.00000     0.00000     0.00000
   -41.50507     0.00000     0.00000     0.00000     0.00000     0.00000     0.00000     0.00000     0.00000     0.00000     0.00000     0.00000     0.00000     0.00000     0.00000     0.00000     0.00000     0.00000
   -41.48107     0.00000     0.00000     0.00000     0.00000     0.00000     0.00000     0.00000     0.00000     0.00000     0.00000     0.00000     0.00000     0.00000     0.00000     0.00000     0.00000     0.00000
   -41.45707     0.00000     0.00000     0.00000     0.00000     0.00000     0.00000     0.00000     0.00000     0.00000     0.00000     0.00000     0.00000     0.00000     0.00000     0.00000     0.00000     0.00000
   -41.43307     0.00000     0.00000     0.00000     0.00000     0.00000     0.00000     0.00000     0.00000     0.00000     0.00000     0.00000     0.00000     0.00000     0.00000     0.00000     0.00000     0.00000
   -41.40907     0.00000     0.00000     0.00000     0.00000     0.00000     0.00000     0.00000     0.00000     0.00000     0.00000     0.00000     0.00000     0.00000     0.00000     0.00000     0.00000     0.00000
   -41.38507     0.00000     0.00000     0.00000     0.00000     0.00000     0.00000     0.00000     0.00000     0.00000     0.00000     0.00000     0.00000     0.00000     0.00000     0.00000     0.00000     0.00000
   -41.36107     0.00000     0.00000     0.00000     0.00000     0.00000     0.00000     0.00000     0.00000     0.00000     0.00000     0.00000     0.00000     0.00000     0.00000     0.00000     0.00000     0.00000
   -41.33707     0.00000     0.00000     0.00000     0.00000     0.00000     0.00000     0.00000     0.00000     0.00000     0.00000     0.00000     0.00000     0.00000     0.00000     0.00000     0.00000     0.00000
   -41.31307     0.00000     0.00000     0.00000     0.00000     0.00000     0.00000     0.00000     0.00000     0.00000     0.00000     0.00000     0.00000     0.00000     0.00000     0.00000     0.00000     0.00000
   -41.28907     0.00000     0.00000     0.00000     0.00000     0.00000     0.00000     0.00000     0.00000     0.00000     0.00000     0.00000     0.00000     0.00000     0.00000     0.00000     0.00000     0.00000
   -41.26507     0.00000     0.00000     0.00000     0.00000     0.00000     0.00000     0.00000     0.00000     0.00000     0.00000     0.00000     0.00000     0.00000     0.00000     0.00000     0.00000     0.00000
   -41.24107     0.00000     0.00000     0.00000     0.00000     0.00000     0.00000     0.00000     0.00000     0.00000     0.00000     0.00000     0.00000     0.00000     0.00000     0.00000     0.00000     0.00000
   -41.21707     0.00000     0.00000     0.00000     0.00000     0.00000     0.00000     0.00000     0.00000     0.00000     0.00000     0.00000     0.00000     0.00000     0.00000     0.00000     0.00000     0.00000
   -41.19307     0.00000     0.00000     0.00000     0.00000     0.00000     0.00000     0.00000     0.00000     0.00000     0.00000     0.00000     0.00000     0.00000     0.00000     0.00000     0.00000     0.00000
   -41.17007     0.00000     0.00000     0.00000     0.00000     0.00000     0.00000     0.00000     0.00000     0.00000     0.00000     0.00000     0.00000     0.00000     0.00000     0.00000     0.00000     0.00000
   -41.14607     0.00000     0.00000     0.00000     0.00000     0.00000     0.00000     0.00000     0.00000     0.00000     0.00000     0.00000     0.00000     0.00000     0.00000     0.00000     0.00000     0.00000
   -41.12207     0.00000     0.00000     0.00000     0.00000     0.00000     0.00000     0.00000     0.00000     0.00000     0.00000     0.00000     0.00000     0.00000     0.00000     0.00000     0.00000     0.00000
   -41.09807     0.00000     0.00000     0.00000     0.00000     0.00000     0.00000     0.00000     0.00000     0.00000     0.00000     0.00000     0.00000     0.00000     0.00000     0.00000     0.00000     0.00000
   -41.07407     0.00000     0.00000     0.00000     0.00000     0.00000     0.00000     0.00000     0.00000     0.00000     0.00000     0.00000     0.00000     0.00000     0.00000     0.00000     0.00000     0.00000
   -41.05007     0.00000     0.00000     0.00000     0.00000     0.00000     0.00000     0.00000     0.00000     0.00000     0.00000     0.00000     0.00000     0.00000     0.00000     0.00000     0.00000     0.00000
   -41.02607     0.00000     0.00000     0.00000     0.00000     0.00000     0.00000     0.00000     0.00000     0.00000     0.00000     0.00000     0.00000     0.00000     0.00000     0.00000     0.00000     0.00000
   -41.00207     0.00000     0.00000     0.00000     0.00000     0.00000     0.00000     0.00000     0.00000     0.00000     0.00000     0.00000     0.00000     0.00000     0.00000     0.00000     0.00000     0.00000
   -40.97807     0.00000     0.00000     0.00000     0.00000     0.00000     0.00000     0.00000     0.00000     0.00000     0.00000     0.00000     0.00000     0.00000     0.00000     0.00000     0.00000     0.00000
   -40.95407     0.00000     0.00000     0.00000     0.00000     0.00000     0.00000     0.00000     0.00000     0.00000     0.00000     0.00000     0.00000     0.00000     0.00000     0.00000     0.00000     0.00000
   -40.93007     0.00000     0.00000     0.00000     0.00000     0.00000     0.00000     0.00000     0.00000     0.00000     0.00000     0.00000     0.00000     0.00000     0.00000     0.00000     0.00000     0.00000
   -40.90607     0.00000     0.00000     0.00000     0.00000     0.00000     0.00000     0.00000     0.00000     0.00000     0.00000     0.00000     0.00000     0.00000     0.00000     0.00000     0.00000     0.00000
   -40.88207     0.00000     0.00000     0.00000     0.00000     0.00000     0.00000     0.00000     0.00000     0.00000     0.00000     0.00000     0.00000     0.00000     0.00000     0.00000     0.00000     0.00000
   -40.85807     0.00000     0.00000     0.00000     0.00000     0.00000     0.00000     0.00000     0.00000     0.00000     0.00000     0.00000     0.00000     0.00000     0.00000     0.00000     0.00000     0.00000
   -40.83407     0.00000     0.00000     0.00000     0.00000     0.00000     0.00000     0.00000     0.00000     0.00000     0.00000     0.00000     0.00000     0.00000     0.00000     0.00000     0.00000     0.00000
   -40.81007     0.00000     0.00000     0.00000     0.00000     0.00000     0.00000     0.00000     0.00000     0.00000     0.00000     0.00000     0.00000     0.00000     0.00000     0.00000     0.00000     0.00000
   -40.78607     0.00000     0.00000     0.00000     0.00000     0.00000     0.00000     0.00000     0.00000     0.00000     0.00000     0.00000     0.00000     0.00000     0.00000     0.00000     0.00000     0.00000
   -40.76207     0.00000     0.00000     0.00000     0.00000     0.00000     0.00000     0.00000     0.00000     0.00000     0.00000     0.00000     0.00000     0.00000     0.00000     0.00000     0.00000     0.00000
   -40.73807     0.00000     0.00000     0.00000     0.00000     0.00000     0.00000     0.00000     0.00000     0.00000     0.00000     0.00000     0.00000     0.00000     0.00000     0.00000     0.00000     0.00000
   -40.71407     0.00000     0.00000     0.00000     0.00000     0.00000     0.00000     0.00000     0.00000     0.00000     0.00000     0.00000     0.00000     0.00000     0.00000     0.00000     0.00000     0.00000
   -40.69007     0.00000     0.00000     0.00000     0.00000     0.00000     0.00000     0.00000     0.00000     0.00000     0.00000     0.00000     0.00000     0.00000     0.00000     0.00000     0.00000     0.00000
   -40.66607     0.00000     0.00000     0.00000     0.00000     0.00000     0.00000     0.00000     0.00000     0.00000     0.00000     0.00000     0.00000     0.00000     0.00000     0.00000     0.00000     0.00000
   -40.64207     0.00000     0.00000     0.00000     0.00000     0.00000     0.00000     0.00000     0.00000     0.00000     0.00000     0.00000     0.00000     0.00000     0.00000     0.00000     0.00000     0.00000
   -40.61807     0.00000     0.00000     0.00000     0.00000     0.00000     0.00000     0.00000     0.00000     0.00000     0.00000     0.00000     0.00000     0.00000     0.00000     0.00000     0.00000     0.00000
   -40.59407     0.00000     0.00000     0.00000     0.00000     0.00000     0.00000     0.00000     0.00000     0.00000     0.00000     0.00000     0.00000     0.00000     0.00000     0.00000     0.00000     0.00000
   -40.57007     0.00000     0.00000     0.00000     0.00000     0.00000     0.00000     0.00000     0.00000     0.00000     0.00000     0.00000     0.00000     0.00000     0.00000     0.00000     0.00000     0.00000
   -40.54607     0.00000     0.00000     0.00000     0.00000     0.00000     0.00000     0.00000     0.00000     0.00000     0.00000     0.00000     0.00000     0.00000     0.00000     0.00000     0.00000     0.00000
   -40.52207     0.00000     0.00000     0.00000     0.00000     0.00000     0.00000     0.00000     0.00000     0.00000     0.00000     0.00000     0.00000     0.00000     0.00000     0.00000     0.00000     0.00000
   -40.49807     0.00000     0.00000     0.00000     0.00000     0.00000     0.00000     0.00000     0.00000     0.00000     0.00000     0.00000     0.00000     0.00000     0.00000     0.00000     0.00000     0.00000
   -40.47407     0.00000     0.00000     0.00000     0.00000     0.00000     0.00000     0.00000     0.00000     0.00000     0.00000     0.00000     0.00000     0.00000     0.00000     0.00000     0.00000     0.00000
   -40.45007     0.00000     0.00000     0.00000     0.00000     0.00000     0.00000     0.00000     0.00000     0.00000     0.00000     0.00000     0.00000     0.00000     0.00000     0.00000     0.00000     0.00000
   -40.42607     0.00000     0.00000     0.00000     0.00000     0.00000     0.00000     0.00000     0.00000     0.00000     0.00000     0.00000     0.00000     0.00000     0.00000     0.00000     0.00000     0.00000
   -40.40207     0.00000     0.00000     0.00000     0.00000     0.00000     0.00000     0.00000     0.00000     0.00000     0.00000     0.00000     0.00000     0.00000     0.00000     0.00000     0.00000     0.00000
   -40.37807     0.00000     0.00000     0.00000     0.00000     0.00000     0.00000     0.00000     0.00000     0.00000     0.00000     0.00000     0.00000     0.00000     0.00000     0.00000     0.00000     0.00000
   -40.35407     0.00000     0.00000     0.00000     0.00000     0.00000     0.00000     0.00000     0.00000     0.00000     0.00000     0.00000     0.00000     0.00000     0.00000     0.00000     0.00000     0.00000
   -40.33007     0.00000     0.00000     0.00000     0.00000     0.00000     0.00000     0.00000     0.00000     0.00000     0.00000     0.00000     0.00000     0.00000     0.00000     0.00000     0.00000     0.00000
   -40.30607     0.00000     0.00000     0.00000     0.00000     0.00000     0.00000     0.00000     0.00000     0.00000     0.00000     0.00000     0.00000     0.00000     0.00000     0.00000     0.00000     0.00000
   -40.28207     0.00000     0.00000     0.00000     0.00000     0.00000     0.00000     0.00000     0.00000     0.00000     0.00000     0.00000     0.00000     0.00000     0.00000     0.00000     0.00000     0.00000
   -40.25907     0.00000     0.00000     0.00000     0.00000     0.00000     0.00000     0.00000     0.00000     0.00000     0.00000     0.00000     0.00000     0.00000     0.00000     0.00000     0.00000     0.00000
   -40.23507     0.00000     0.00000     0.00000     0.00000     0.00000     0.00000     0.00000     0.00000     0.00000     0.00000     0.00000     0.00000     0.00000     0.00000     0.00000     0.00000     0.00000
   -40.21107     0.00000     0.00000     0.00000     0.00000     0.00000     0.00000     0.00000     0.00000     0.00000     0.00000     0.00000     0.00000     0.00000     0.00000     0.00000     0.00000     0.00000
   -40.18707     0.00000     0.00000     0.00000     0.00000     0.00000     0.00000     0.00000     0.00000     0.00000     0.00000     0.00000     0.00000     0.00000     0.00000     0.00000     0.00000     0.00000
   -40.16307     0.00000     0.00000     0.00000     0.00000     0.00000     0.00000     0.00000     0.00000     0.00000     0.00000     0.00000     0.00000     0.00000     0.00000     0.00000     0.00000     0.00000
   -40.13907     0.00000     0.00000     0.00000     0.00000     0.00000     0.00000     0.00000     0.00000     0.00000     0.00000     0.00000     0.00000     0.00000     0.00000     0.00000     0.00000     0.00000
   -40.11507     0.00000     0.00000     0.00000     0.00000     0.00000     0.00000     0.00000     0.00000     0.00000     0.00000     0.00000     0.00000     0.00000     0.00000     0.00000     0.00000     0.00000
   -40.09107     0.00000     0.00000     0.00000     0.00000     0.00000     0.00000     0.00000     0.00000     0.00000     0.00000     0.00000     0.00000     0.00000     0.00000     0.00000     0.00000     0.00000
   -40.06707     0.00000     0.00000     0.00000     0.00000     0.00000     0.00000     0.00000     0.00000     0.00000     0.00000     0.00000     0.00000     0.00000     0.00000     0.00000     0.00000     0.00000
   -40.04307     0.00000     0.00000     0.00000     0.00000     0.00000     0.00000     0.00000     0.00000     0.00000     0.00000     0.00000     0.00000     0.00000     0.00000     0.00000     0.00000     0.00000
   -40.01907     0.00000     0.00000     0.00000     0.00000     0.00000     0.00000     0.00000     0.00000     0.00000     0.00000     0.00000     0.00000     0.00000     0.00000     0.00000     0.00000     0.00000
   -39.99507     0.00000     0.00000     0.00000     0.00000     0.00000     0.00000     0.00000     0.00000     0.00000     0.00000     0.00000     0.00000     0.00000     0.00000     0.00000     0.00000     0.00000
   -39.97107     0.00000     0.00000     0.00000     0.00000     0.00000     0.00000     0.00000     0.00000     0.00000     0.00000     0.00000     0.00000     0.00000     0.00000     0.00000     0.00000     0.00000
   -39.94707     0.00000     0.00000     0.00000     0.00000     0.00000     0.00000     0.00000     0.00000     0.00000     0.00000     0.00000     0.00000     0.00000     0.00000     0.00000     0.00000     0.00000
   -39.92307     0.00000     0.00000     0.00000     0.00000     0.00000     0.00000     0.00000     0.00000     0.00000     0.00000     0.00000     0.00000     0.00000     0.00000     0.00000     0.00000     0.00000
   -39.89907     0.00000     0.00000     0.00000     0.00000     0.00000     0.00000     0.00000     0.00000     0.00000     0.00000     0.00000     0.00000     0.00000     0.00000     0.00000     0.00000     0.00000
   -39.87507     0.00000     0.00000     0.00000     0.00000     0.00000     0.00000     0.00000     0.00000     0.00000     0.00000     0.00000     0.00000     0.00000     0.00000     0.00000     0.00000     0.00000
   -39.85107     0.00000     0.00000     0.00000     0.00000     0.00000     0.00000     0.00000     0.00000     0.00000     0.00000     0.00000     0.00000     0.00000     0.00000     0.00000     0.00000     0.00000
   -39.82707     0.00000     0.00000     0.00000     0.00000     0.00000     0.00000     0.00000     0.00000     0.00000     0.00000     0.00000     0.00000     0.00000     0.00000     0.00000     0.00000     0.00000
   -39.80307     0.00000     0.00000     0.00000     0.00000     0.00000     0.00000     0.00000     0.00000     0.00000     0.00000     0.00000     0.00000     0.00000     0.00000     0.00000     0.00000     0.00000
   -39.77907     0.00000     0.00000     0.00000     0.00000     0.00000     0.00000     0.00000     0.00000     0.00000     0.00000     0.00000     0.00000     0.00000     0.00000     0.00000     0.00000     0.00000
   -39.75507     0.00000     0.00000     0.00000     0.00000     0.00000     0.00000     0.00000     0.00000     0.00000     0.00000     0.00000     0.00000     0.00000     0.00000     0.00000     0.00000     0.00000
   -39.73107     0.00000     0.00000     0.00000     0.00000     0.00000     0.00000     0.00000     0.00000     0.00000     0.00000     0.00000     0.00000     0.00000     0.00000     0.00000     0.00000     0.00000
   -39.70707     0.00000     0.00000     0.00000     0.00000     0.00000     0.00000     0.00000     0.00000     0.00000     0.00000     0.00000     0.00000     0.00000     0.00000     0.00000     0.00000     0.00000
   -39.68307     0.00000     0.00000     0.00000     0.00000     0.00000     0.00000     0.00000     0.00000     0.00000     0.00000     0.00000     0.00000     0.00000     0.00000     0.00000     0.00000     0.00000
   -39.65907     0.00000     0.00000     0.00000     0.00000     0.00000     0.00000     0.00000     0.00000     0.00000     0.00000     0.00000     0.00000     0.00000     0.00000     0.00000     0.00000     0.00000
   -39.63507     0.00000     0.00000     0.00000     0.00000     0.00000     0.00000     0.00000     0.00000     0.00000     0.00000     0.00000     0.00000     0.00000     0.00000     0.00000     0.00000     0.00000
   -39.61107     0.00000     0.00000     0.00000     0.00000     0.00000     0.00000     0.00000     0.00000     0.00000     0.00000     0.00000     0.00000     0.00000     0.00000     0.00000     0.00000     0.00000
   -39.58707     0.00000     0.00000     0.00000     0.00000     0.00000     0.00000     0.00000     0.00000     0.00000     0.00000     0.00000     0.00000     0.00000     0.00000     0.00000     0.00000     0.00000
   -39.56307     0.00000     0.00000     0.00000     0.00000     0.00000     0.00000     0.00000     0.00000     0.00000     0.00000     0.00000     0.00000     0.00000     0.00000     0.00000     0.00000     0.00000
   -39.53907     0.00000     0.00000     0.00000     0.00000     0.00000     0.00000     0.00000     0.00000     0.00000     0.00000     0.00000     0.00000     0.00000     0.00000     0.00000     0.00000     0.00000
   -39.51507     0.00000     0.00000     0.00000     0.00000     0.00000     0.00000     0.00000     0.00000     0.00000     0.00000     0.00000     0.00000     0.00000     0.00000     0.00000     0.00000     0.00000
   -39.49107     0.00000     0.00000     0.00000     0.00000     0.00000     0.00000     0.00000     0.00000     0.00000     0.00000     0.00000     0.00000     0.00000     0.00000     0.00000     0.00000     0.00000
   -39.46707     0.00000     0.00000     0.00000     0.00000     0.00000     0.00000     0.00000     0.00000     0.00000     0.00000     0.00000     0.00000     0.00000     0.00000     0.00000     0.00000     0.00000
   -39.44307     0.00000     0.00000     0.00000     0.00000     0.00000     0.00000     0.00000     0.00000     0.00000     0.00000     0.00000     0.00000     0.00000     0.00000     0.00000     0.00000     0.00000
   -39.41907     0.00000     0.00000     0.00000     0.00000     0.00000     0.00000     0.00000     0.00000     0.00000     0.00000     0.00000     0.00000     0.00000     0.00000     0.00000     0.00000     0.00000
   -39.39507     0.00000     0.00000     0.00000     0.00000     0.00000     0.00000     0.00000     0.00000     0.00000     0.00000     0.00000     0.00000     0.00000     0.00000     0.00000     0.00000     0.00000
   -39.37207     0.00000     0.00000     0.00000     0.00000     0.00000     0.00000     0.00000     0.00000     0.00000     0.00000     0.00000     0.00000     0.00000     0.00000     0.00000     0.00000     0.00000
   -39.34807     0.00000     0.00000     0.00000     0.00000     0.00000     0.00000     0.00000     0.00000     0.00000     0.00000     0.00000     0.00000     0.00000     0.00000     0.00000     0.00000     0.00000
   -39.32407     0.00000     0.00000     0.00000     0.00000     0.00000     0.00000     0.00000     0.00000     0.00000     0.00000     0.00000     0.00000     0.00000     0.00000     0.00000     0.00000     0.00000
   -39.30007     0.00000     0.00000     0.00000     0.00000     0.00000     0.00000     0.00000     0.00000     0.00000     0.00000     0.00000     0.00000     0.00000     0.00000     0.00000     0.00000     0.00000
   -39.27607     0.00000     0.00000     0.00000     0.00000     0.00000     0.00000     0.00000     0.00000     0.00000     0.00000     0.00000     0.00000     0.00000     0.00000     0.00000     0.00000     0.00000
   -39.25207     0.00000     0.00000     0.00000     0.00000     0.00000     0.00000     0.00000     0.00000     0.00000     0.00000     0.00000     0.00000     0.00000     0.00000     0.00000     0.00000     0.00000
   -39.22807     0.00000     0.00000     0.00000     0.00000     0.00000     0.00000     0.00000     0.00000     0.00000     0.00000     0.00000     0.00000     0.00000     0.00000     0.00000     0.00000     0.00000
   -39.20407     0.00000     0.00000     0.00000     0.00000     0.00000     0.00000     0.00000     0.00000     0.00000     0.00000     0.00000     0.00000     0.00000     0.00000     0.00000     0.00000     0.00000
   -39.18007     0.00000     0.00000     0.00000     0.00000     0.00000     0.00000     0.00000     0.00000     0.00000     0.00000     0.00000     0.00000     0.00000     0.00000     0.00000     0.00000     0.00000
   -39.15607     0.00000     0.00000     0.00000     0.00000     0.00000     0.00000     0.00000     0.00000     0.00000     0.00000     0.00000     0.00000     0.00000     0.00000     0.00000     0.00000     0.00000
   -39.13207     0.00000     0.00000     0.00000     0.00000     0.00000     0.00000     0.00000     0.00000     0.00000     0.00000     0.00000     0.00000     0.00000     0.00000     0.00000     0.00000     0.00000
   -39.10807     0.00000     0.00000     0.00000     0.00000     0.00000     0.00000     0.00000     0.00000     0.00000     0.00000     0.00000     0.00000     0.00000     0.00000     0.00000     0.00000     0.00000
   -39.08407     0.00000     0.00000     0.00000     0.00000     0.00000     0.00000     0.00000     0.00000     0.00000     0.00000     0.00000     0.00000     0.00000     0.00000     0.00000     0.00000     0.00000
   -39.06007     0.00000     0.00000     0.00000     0.00000     0.00000     0.00000     0.00000     0.00000     0.00000     0.00000     0.00000     0.00000     0.00000     0.00000     0.00000     0.00000     0.00000
   -39.03607     0.00000     0.00000     0.00000     0.00000     0.00000     0.00000     0.00000     0.00000     0.00000     0.00000     0.00000     0.00000     0.00000     0.00000     0.00000     0.00000     0.00000
   -39.01207     0.00000     0.00000     0.00000     0.00000     0.00000     0.00000     0.00000     0.00000     0.00000     0.00000     0.00000     0.00000     0.00000     0.00000     0.00000     0.00000     0.00000
   -38.98807     0.00000     0.00000     0.00000     0.00000     0.00000     0.00000     0.00000     0.00000     0.00000     0.00000     0.00000     0.00000     0.00000     0.00000     0.00000     0.00000     0.00000
   -38.96407     0.00000     0.00000     0.00000     0.00000     0.00000     0.00000     0.00000     0.00000     0.00000     0.00000     0.00000     0.00000     0.00000     0.00000     0.00000     0.00000     0.00000
   -38.94007     0.00000     0.00000     0.00000     0.00000     0.00000     0.00000     0.00000     0.00000     0.00000     0.00000     0.00000     0.00000     0.00000     0.00000     0.00000     0.00000     0.00000
   -38.91607     0.00000     0.00000     0.00000     0.00000     0.00000     0.00000     0.00000     0.00000     0.00000     0.00000     0.00000     0.00000     0.00000     0.00000     0.00000     0.00000     0.00000
   -38.89207     0.00000     0.00000     0.00000     0.00000     0.00000     0.00000     0.00000     0.00000     0.00000     0.00000     0.00000     0.00000     0.00000     0.00000     0.00000     0.00000     0.00000
   -38.86807     0.00000     0.00000     0.00000     0.00000     0.00000     0.00000     0.00000     0.00000     0.00000     0.00000     0.00000     0.00000     0.00000     0.00000     0.00000     0.00000     0.00000
   -38.84407     0.00000     0.00000     0.00000     0.00000     0.00000     0.00000     0.00000     0.00000     0.00000     0.00000     0.00000     0.00000     0.00000     0.00000     0.00000     0.00000     0.00000
   -38.82007     0.00000     0.00000     0.00000     0.00000     0.00000     0.00000     0.00000     0.00000     0.00000     0.00000     0.00000     0.00000     0.00000     0.00000     0.00000     0.00000     0.00000
   -38.79607     0.00000     0.00000     0.00000     0.00000     0.00000     0.00000     0.00000     0.00000     0.00000     0.00000     0.00000     0.00000     0.00000     0.00000     0.00000     0.00000     0.00000
   -38.77207     0.00000     0.00000     0.00000     0.00000     0.00000     0.00000     0.00000     0.00000     0.00000     0.00000     0.00000     0.00000     0.00000     0.00000     0.00000     0.00000     0.00000
   -38.74807     0.00000     0.00000     0.00000     0.00000     0.00000     0.00000     0.00000     0.00000     0.00000     0.00000     0.00000     0.00000     0.00000     0.00000     0.00000     0.00000     0.00000
   -38.72407     0.00000     0.00000     0.00000     0.00000     0.00000     0.00000     0.00000     0.00000     0.00000     0.00000     0.00000     0.00000     0.00000     0.00000     0.00000     0.00000     0.00000
   -38.70007     0.00000     0.00000     0.00000     0.00000     0.00000     0.00000     0.00000     0.00000     0.00000     0.00000     0.00000     0.00000     0.00000     0.00000     0.00000     0.00000     0.00000
   -38.67607     0.00000     0.00000     0.00000     0.00000     0.00000     0.00000     0.00000     0.00000     0.00000     0.00000     0.00000     0.00000     0.00000     0.00000     0.00000     0.00000     0.00000
   -38.65207     0.00000     0.00000     0.00000     0.00000     0.00000     0.00000     0.00000     0.00000     0.00000     0.00000     0.00000     0.00000     0.00000     0.00000     0.00000     0.00000     0.00000
   -38.62807     0.00000     0.00000     0.00000     0.00000     0.00000     0.00000     0.00000     0.00000     0.00000     0.00000     0.00000     0.00000     0.00000     0.00000     0.00000     0.00000     0.00000
   -38.60407     0.00000     0.00000     0.00000     0.00000     0.00000     0.00000     0.00000     0.00000     0.00000     0.00000     0.00000     0.00000     0.00000     0.00000     0.00000     0.00000     0.00000
   -38.58007     0.00000     0.00000     0.00000     0.00000     0.00000     0.00000     0.00000     0.00000     0.00000     0.00000     0.00000     0.00000     0.00000     0.00000     0.00000     0.00000     0.00000
   -38.55607     0.00000     0.00000     0.00000     0.00000     0.00000     0.00000     0.00000     0.00000     0.00000     0.00000     0.00000     0.00000     0.00000     0.00000     0.00000     0.00000     0.00000
   -38.53207     0.00000     0.00000     0.00000     0.00000     0.00000     0.00000     0.00000     0.00000     0.00000     0.00000     0.00000     0.00000     0.00000     0.00000     0.00000     0.00000     0.00000
   -38.50807     0.00000     0.00000     0.00000     0.00000     0.00000     0.00000     0.00000     0.00000     0.00000     0.00000     0.00000     0.00000     0.00000     0.00000     0.00000     0.00000     0.00000
   -38.48407     0.00000     0.00000     0.00000     0.00000     0.00000     0.00000     0.00000     0.00000     0.00000     0.00000     0.00000     0.00000     0.00000     0.00000     0.00000     0.00000     0.00000
   -38.46107     0.00000     0.00000     0.00000     0.00000     0.00000     0.00000     0.00000     0.00000     0.00000     0.00000     0.00000     0.00000     0.00000     0.00000     0.00000     0.00000     0.00000
   -38.43707     0.00000     0.00000     0.00000     0.00000     0.00000     0.00000     0.00000     0.00000     0.00000     0.00000     0.00000     0.00000     0.00000     0.00000     0.00000     0.00000     0.00000
   -38.41307     0.00000     0.00000     0.00000     0.00000     0.00000     0.00000     0.00000     0.00000     0.00000     0.00000     0.00000     0.00000     0.00000     0.00000     0.00000     0.00000     0.00000
   -38.38907     0.00000     0.00000     0.00000     0.00000     0.00000     0.00000     0.00000     0.00000     0.00000     0.00000     0.00000     0.00000     0.00000     0.00000     0.00000     0.00000     0.00000
   -38.36507     0.00000     0.00000     0.00000     0.00000     0.00000     0.00000     0.00000     0.00000     0.00000     0.00000     0.00000     0.00000     0.00000     0.00000     0.00000     0.00000     0.00000
   -38.34107     0.00000     0.00000     0.00000     0.00000     0.00000     0.00000     0.00000     0.00000     0.00000     0.00000     0.00000     0.00000     0.00000     0.00000     0.00000     0.00000     0.00000
   -38.31707     0.00000     0.00000     0.00000     0.00000     0.00000     0.00000     0.00000     0.00000     0.00000     0.00000     0.00000     0.00000     0.00000     0.00000     0.00000     0.00000     0.00000
   -38.29307     0.00000     0.00000     0.00000     0.00000     0.00000     0.00000     0.00000     0.00000     0.00000     0.00000     0.00000     0.00000     0.00000     0.00000     0.00000     0.00000     0.00000
   -38.26907     0.00000     0.00000     0.00000     0.00000     0.00000     0.00000     0.00000     0.00000     0.00000     0.00000     0.00000     0.00000     0.00000     0.00000     0.00000     0.00000     0.00000
   -38.24507     0.00000     0.00000     0.00000     0.00000     0.00000     0.00000     0.00000     0.00000     0.00000     0.00000     0.00000     0.00000     0.00000     0.00000     0.00000     0.00000     0.00000
   -38.22107     0.00000     0.00000     0.00000     0.00000     0.00000     0.00000     0.00000     0.00000     0.00000     0.00000     0.00000     0.00000     0.00000     0.00000     0.00000     0.00000     0.00000
   -38.19707     0.00000     0.00000     0.00000     0.00000     0.00000     0.00000     0.00000     0.00000     0.00000     0.00000     0.00000     0.00000     0.00000     0.00000     0.00000     0.00000     0.00000
   -38.17307     0.00000     0.00000     0.00000     0.00000     0.00000     0.00000     0.00000     0.00000     0.00000     0.00000     0.00000     0.00000     0.00000     0.00000     0.00000     0.00000     0.00000
   -38.14907     0.00000     0.00000     0.00000     0.00000     0.00000     0.00000     0.00000     0.00000     0.00000     0.00000     0.00000     0.00000     0.00000     0.00000     0.00000     0.00000     0.00000
   -38.12507     0.00000     0.00000     0.00000     0.00000     0.00000     0.00000     0.00000     0.00000     0.00000     0.00000     0.00000     0.00000     0.00000     0.00000     0.00000     0.00000     0.00000
   -38.10107     0.00000     0.00000     0.00000     0.00000     0.00000     0.00000     0.00000     0.00000     0.00000     0.00000     0.00000     0.00000     0.00000     0.00000     0.00000     0.00000     0.00000
   -38.07707     0.00000     0.00000     0.00000     0.00000     0.00000     0.00000     0.00000     0.00000     0.00000     0.00000     0.00000     0.00000     0.00000     0.00000     0.00000     0.00000     0.00000
   -38.05307     0.00000     0.00000     0.00000     0.00000     0.00000     0.00000     0.00000     0.00000     0.00000     0.00000     0.00000     0.00000     0.00000     0.00000     0.00000     0.00000     0.00000
   -38.02907     0.00000     0.00000     0.00000     0.00000     0.00000     0.00000     0.00000     0.00000     0.00000     0.00000     0.00000     0.00000     0.00000     0.00000     0.00000     0.00000     0.00000
   -38.00507     0.00000     0.00000     0.00000     0.00000     0.00000     0.00000     0.00000     0.00000     0.00000     0.00000     0.00000     0.00000     0.00000     0.00000     0.00000     0.00000     0.00000
   -37.98107     0.00000     0.00000     0.00000     0.00000     0.00000     0.00000     0.00000     0.00000     0.00000     0.00000     0.00000     0.00000     0.00000     0.00000     0.00000     0.00000     0.00000
   -37.95707     0.00000     0.00000     0.00000     0.00000     0.00000     0.00000     0.00000     0.00000     0.00000     0.00000     0.00000     0.00000     0.00000     0.00000     0.00000     0.00000     0.00000
   -37.93307     0.00000     0.00000     0.00000     0.00000     0.00000     0.00000     0.00000     0.00000     0.00000     0.00000     0.00000     0.00000     0.00000     0.00000     0.00000     0.00000     0.00000
   -37.90907     0.00000     0.00000     0.00000     0.00000     0.00000     0.00000     0.00000     0.00000     0.00000     0.00000     0.00000     0.00000     0.00000     0.00000     0.00000     0.00000     0.00000
   -37.88507     0.00000     0.00000     0.00000     0.00000     0.00000     0.00000     0.00000     0.00000     0.00000     0.00000     0.00000     0.00000     0.00000     0.00000     0.00000     0.00000     0.00000
   -37.86107     0.00000     0.00000     0.00000     0.00000     0.00000     0.00000     0.00000     0.00000     0.00000     0.00000     0.00000     0.00000     0.00000     0.00000     0.00000     0.00000     0.00000
   -37.83707     0.00000     0.00000     0.00000     0.00000     0.00000     0.00000     0.00000     0.00000     0.00000     0.00000     0.00000     0.00000     0.00000     0.00000     0.00000     0.00000     0.00000
   -37.81307     0.00000     0.00000     0.00000     0.00000     0.00000     0.00000     0.00000     0.00000     0.00000     0.00000     0.00000     0.00000     0.00000     0.00000     0.00000     0.00000     0.00000
   -37.78907     0.00000     0.00000     0.00000     0.00000     0.00000     0.00000     0.00000     0.00000     0.00000     0.00000     0.00000     0.00000     0.00000     0.00000     0.00000     0.00000     0.00000
   -37.76507     0.00000     0.00000     0.00000     0.00000     0.00000     0.00000     0.00000     0.00000     0.00000     0.00000     0.00000     0.00000     0.00000     0.00000     0.00000     0.00000     0.00000
   -37.74107     0.00000     0.00000     0.00000     0.00000     0.00000     0.00000     0.00000     0.00000     0.00000     0.00000     0.00000     0.00000     0.00000     0.00000     0.00000     0.00000     0.00000
   -37.71707     0.00000     0.00000     0.00000     0.00000     0.00000     0.00000     0.00000     0.00000     0.00000     0.00000     0.00000     0.00000     0.00000     0.00000     0.00000     0.00000     0.00000
   -37.69307     0.00000     0.00000     0.00000     0.00000     0.00000     0.00000     0.00000     0.00000     0.00000     0.00000     0.00000     0.00000     0.00000     0.00000     0.00000     0.00000     0.00000
   -37.66907     0.00000     0.00000     0.00000     0.00000     0.00000     0.00000     0.00000     0.00000     0.00000     0.00000     0.00000     0.00000     0.00000     0.00000     0.00000     0.00000     0.00000
   -37.64507     0.00000     0.00000     0.00000     0.00000     0.00000     0.00000     0.00000     0.00000     0.00000     0.00000     0.00000     0.00000     0.00000     0.00000     0.00000     0.00000     0.00000
   -37.62107     0.00000     0.00000     0.00000     0.00000     0.00000     0.00000     0.00000     0.00000     0.00000     0.00000     0.00000     0.00000     0.00000     0.00000     0.00000     0.00000     0.00000
   -37.59707     0.00000     0.00000     0.00000     0.00000     0.00000     0.00000     0.00000     0.00000     0.00000     0.00000     0.00000     0.00000     0.00000     0.00000     0.00000     0.00000     0.00000
   -37.57407     0.00000     0.00000     0.00000     0.00000     0.00000     0.00000     0.00000     0.00000     0.00000     0.00000     0.00000     0.00000     0.00000     0.00000     0.00000     0.00000     0.00000
   -37.55007     0.00000     0.00000     0.00000     0.00000     0.00000     0.00000     0.00000     0.00000     0.00000     0.00000     0.00000     0.00000     0.00000     0.00000     0.00000     0.00000     0.00000
   -37.52607     0.00000     0.00000     0.00000     0.00000     0.00000     0.00000     0.00000     0.00000     0.00000     0.00000     0.00000     0.00000     0.00000     0.00000     0.00000     0.00000     0.00000
   -37.50207     0.00000     0.00000     0.00000     0.00000     0.00000     0.00000     0.00000     0.00000     0.00000     0.00000     0.00000     0.00000     0.00000     0.00000     0.00000     0.00000     0.00000
   -37.47807     0.00000     0.00000     0.00000     0.00000     0.00000     0.00000     0.00000     0.00000     0.00000     0.00000     0.00000     0.00000     0.00000     0.00000     0.00000     0.00000     0.00000
   -37.45407     0.00000     0.00000     0.00000     0.00000     0.00000     0.00000     0.00000     0.00000     0.00000     0.00000     0.00000     0.00000     0.00000     0.00000     0.00000     0.00000     0.00000
   -37.43007     0.00000     0.00000     0.00000     0.00000     0.00000     0.00000     0.00000     0.00000     0.00000     0.00000     0.00000     0.00000     0.00000     0.00000     0.00000     0.00000     0.00000
   -37.40607     0.00000     0.00000     0.00000     0.00000     0.00000     0.00000     0.00000     0.00000     0.00000     0.00000     0.00000     0.00000     0.00000     0.00000     0.00000     0.00000     0.00000
   -37.38207     0.00000     0.00000     0.00000     0.00000     0.00000     0.00000     0.00000     0.00000     0.00000     0.00000     0.00000     0.00000     0.00000     0.00000     0.00000     0.00000     0.00000
   -37.35807     0.00000     0.00000     0.00000     0.00000     0.00000     0.00000     0.00000     0.00000     0.00000     0.00000     0.00000     0.00000     0.00000     0.00000     0.00000     0.00000     0.00000
   -37.33407     0.00000     0.00000     0.00000     0.00000     0.00000     0.00000     0.00000     0.00000     0.00000     0.00000     0.00000     0.00000     0.00000     0.00000     0.00000     0.00000     0.00000
   -37.31007     0.00000     0.00000     0.00000     0.00000     0.00000     0.00000     0.00000     0.00000     0.00000     0.00000     0.00000     0.00000     0.00000     0.00000     0.00000     0.00000     0.00000
   -37.28607     0.00000     0.00000     0.00000     0.00000     0.00000     0.00000     0.00000     0.00000     0.00000     0.00000     0.00000     0.00000     0.00000     0.00000     0.00000     0.00000     0.00000
   -37.26207     0.00000     0.00000     0.00000     0.00000     0.00000     0.00000     0.00000     0.00000     0.00000     0.00000     0.00000     0.00000     0.00000     0.00000     0.00000     0.00000     0.00000
   -37.23807     0.00000     0.00000     0.00000     0.00000     0.00000     0.00000     0.00000     0.00000     0.00000     0.00000     0.00000     0.00000     0.00000     0.00000     0.00000     0.00000     0.00000
   -37.21407     0.00000     0.00000     0.00000     0.00000     0.00000     0.00000     0.00000     0.00000     0.00000     0.00000     0.00000     0.00000     0.00000     0.00000     0.00000     0.00000     0.00000
   -37.19007     0.00000     0.00000     0.00000     0.00000     0.00000     0.00000     0.00000     0.00000     0.00000     0.00000     0.00000     0.00000     0.00000     0.00000     0.00000     0.00000     0.00000
   -37.16607     0.00000     0.00000     0.00000     0.00000     0.00000     0.00000     0.00000     0.00000     0.00000     0.00000     0.00000     0.00000     0.00000     0.00000     0.00000     0.00000     0.00000
   -37.14207     0.00000     0.00000     0.00000     0.00000     0.00000     0.00000     0.00000     0.00000     0.00000     0.00000     0.00000     0.00000     0.00000     0.00000     0.00000     0.00000     0.00000
   -37.11807     0.00000     0.00000     0.00000     0.00000     0.00000     0.00000     0.00000     0.00000     0.00000     0.00000     0.00000     0.00000     0.00000     0.00000     0.00000     0.00000     0.00000
   -37.09407     0.00000     0.00000     0.00000     0.00000     0.00000     0.00000     0.00000     0.00000     0.00000     0.00000     0.00000     0.00000     0.00000     0.00000     0.00000     0.00000     0.00000
   -37.07007     0.00000     0.00000     0.00000     0.00000     0.00000     0.00000     0.00000     0.00000     0.00000     0.00000     0.00000     0.00000     0.00000     0.00000     0.00000     0.00000     0.00000
   -37.04607     0.00000     0.00000     0.00000     0.00000     0.00000     0.00000     0.00000     0.00000     0.00000     0.00000     0.00000     0.00000     0.00000     0.00000     0.00000     0.00000     0.00000
   -37.02207     0.00000     0.00000     0.00000     0.00000     0.00000     0.00000     0.00000     0.00000     0.00000     0.00000     0.00000     0.00000     0.00000     0.00000     0.00000     0.00000     0.00000
   -36.99807     0.00000     0.00000     0.00000     0.00000     0.00000     0.00000     0.00000     0.00000     0.00000     0.00000     0.00000     0.00000     0.00000     0.00000     0.00000     0.00000     0.00000
   -36.97407     0.00000     0.00000     0.00000     0.00000     0.00000     0.00000     0.00000     0.00000     0.00000     0.00000     0.00000     0.00000     0.00000     0.00000     0.00000     0.00000     0.00000
   -36.95007     0.00000     0.00000     0.00000     0.00000     0.00000     0.00000     0.00000     0.00000     0.00000     0.00000     0.00000     0.00000     0.00000     0.00000     0.00000     0.00000     0.00000
   -36.92607     0.00000     0.00000     0.00000     0.00000     0.00000     0.00000     0.00000     0.00000     0.00000     0.00000     0.00000     0.00000     0.00000     0.00000     0.00000     0.00000     0.00000
   -36.90207     0.00000     0.00000     0.00000     0.00000     0.00000     0.00000     0.00000     0.00000     0.00000     0.00000     0.00000     0.00000     0.00000     0.00000     0.00000     0.00000     0.00000
   -36.87807     0.00000     0.00000     0.00000     0.00000     0.00000     0.00000     0.00000     0.00000     0.00000     0.00000     0.00000     0.00000     0.00000     0.00000     0.00000     0.00000     0.00000
   -36.85407     0.00000     0.00000     0.00000     0.00000     0.00000     0.00000     0.00000     0.00000     0.00000     0.00000     0.00000     0.00000     0.00000     0.00000     0.00000     0.00000     0.00000
   -36.83007     0.00000     0.00000     0.00000     0.00000     0.00000     0.00000     0.00000     0.00000     0.00000     0.00000     0.00000     0.00000     0.00000     0.00000     0.00000     0.00000     0.00000
   -36.80607     0.00000     0.00000     0.00000     0.00000     0.00000     0.00000     0.00000     0.00000     0.00000     0.00000     0.00000     0.00000     0.00000     0.00000     0.00000     0.00000     0.00000
   -36.78207     0.00000     0.00000     0.00000     0.00000     0.00000     0.00000     0.00000     0.00000     0.00000     0.00000     0.00000     0.00000     0.00000     0.00000     0.00000     0.00000     0.00000
   -36.75807     0.00000     0.00000     0.00000     0.00000     0.00000     0.00000     0.00000     0.00000     0.00000     0.00000     0.00000     0.00000     0.00000     0.00000     0.00000     0.00000     0.00000
   -36.73407     0.00000     0.00000     0.00000     0.00000     0.00000     0.00000     0.00000     0.00000     0.00000     0.00000     0.00000     0.00000     0.00000     0.00000     0.00000     0.00000     0.00000
   -36.71007     0.00000     0.00000     0.00000     0.00000     0.00000     0.00000     0.00000     0.00000     0.00000     0.00000     0.00000     0.00000     0.00000     0.00000     0.00000     0.00000     0.00000
   -36.68707     0.00000     0.00000     0.00000     0.00000     0.00000     0.00000     0.00000     0.00000     0.00000     0.00000     0.00000     0.00000     0.00000     0.00000     0.00000     0.00000     0.00000
   -36.66307     0.00000     0.00000     0.00000     0.00000     0.00000     0.00000     0.00000     0.00000     0.00000     0.00000     0.00000     0.00000     0.00000     0.00000     0.00000     0.00000     0.00000
   -36.63907     0.00000     0.00000     0.00000     0.00000     0.00000     0.00000     0.00000     0.00000     0.00000     0.00000     0.00000     0.00000     0.00000     0.00000     0.00000     0.00000     0.00000
   -36.61507     0.00000     0.00000     0.00000     0.00000     0.00000     0.00000     0.00000     0.00000     0.00000     0.00000     0.00000     0.00000     0.00000     0.00000     0.00000     0.00000     0.00000
   -36.59107     0.00000     0.00000     0.00000     0.00000     0.00000     0.00000     0.00000     0.00000     0.00000     0.00000     0.00000     0.00000     0.00000     0.00000     0.00000     0.00000     0.00000
   -36.56707     0.00000     0.00000     0.00000     0.00000     0.00000     0.00000     0.00000     0.00000     0.00000     0.00000     0.00000     0.00000     0.00000     0.00000     0.00000     0.00000     0.00000
   -36.54307     0.00000     0.00000     0.00000     0.00000     0.00000     0.00000     0.00000     0.00000     0.00000     0.00000     0.00000     0.00000     0.00000     0.00000     0.00000     0.00000     0.00000
   -36.51907     0.00000     0.00000     0.00000     0.00000     0.00000     0.00000     0.00000     0.00000     0.00000     0.00000     0.00000     0.00000     0.00000     0.00000     0.00000     0.00000     0.00000
   -36.49507     0.00000     0.00000     0.00000     0.00000     0.00000     0.00000     0.00000     0.00000     0.00000     0.00000     0.00000     0.00000     0.00000     0.00000     0.00000     0.00000     0.00000
   -36.47107     0.00000     0.00000     0.00000     0.00000     0.00000     0.00000     0.00000     0.00000     0.00000     0.00000     0.00000     0.00000     0.00000     0.00000     0.00000     0.00000     0.00000
   -36.44707     0.00000     0.00000     0.00000     0.00000     0.00000     0.00000     0.00000     0.00000     0.00000     0.00000     0.00000     0.00000     0.00000     0.00000     0.00000     0.00000     0.00000
   -36.42307     0.00000     0.00000     0.00000     0.00000     0.00000     0.00000     0.00000     0.00000     0.00000     0.00000     0.00000     0.00000     0.00000     0.00000     0.00000     0.00000     0.00000
   -36.39907     0.00000     0.00000     0.00000     0.00000     0.00000     0.00000     0.00000     0.00000     0.00000     0.00000     0.00000     0.00000     0.00000     0.00000     0.00000     0.00000     0.00000
   -36.37507     0.00000     0.00000     0.00000     0.00000     0.00000     0.00000     0.00000     0.00000     0.00000     0.00000     0.00000     0.00000     0.00000     0.00000     0.00000     0.00000     0.00000
   -36.35107     0.00000     0.00000     0.00000     0.00000     0.00000     0.00000     0.00000     0.00000     0.00000     0.00000     0.00000     0.00000     0.00000     0.00000     0.00000     0.00000     0.00000
   -36.32707     0.00000     0.00000     0.00000     0.00000     0.00000     0.00000     0.00000     0.00000     0.00000     0.00000     0.00000     0.00000     0.00000     0.00000     0.00000     0.00000     0.00000
   -36.30307     0.00000     0.00000     0.00000     0.00000     0.00000     0.00000     0.00000     0.00000     0.00000     0.00000     0.00000     0.00000     0.00000     0.00000     0.00000     0.00000     0.00000
   -36.27907     0.00000     0.00000     0.00000     0.00000     0.00000     0.00000     0.00000     0.00000     0.00000     0.00000     0.00000     0.00000     0.00000     0.00000     0.00000     0.00000     0.00000
   -36.25507     0.00000     0.00000     0.00000     0.00000     0.00000     0.00000     0.00000     0.00000     0.00000     0.00000     0.00000     0.00000     0.00000     0.00000     0.00000     0.00000     0.00000
   -36.23107     0.00000     0.00000     0.00000     0.00000     0.00000     0.00000     0.00000     0.00000     0.00000     0.00000     0.00000     0.00000     0.00000     0.00000     0.00000     0.00000     0.00000
   -36.20707     0.00000     0.00000     0.00000     0.00000     0.00000     0.00000     0.00000     0.00000     0.00000     0.00000     0.00000     0.00000     0.00000     0.00000     0.00000     0.00000     0.00000
   -36.18307     0.00000     0.00000     0.00000     0.00000     0.00000     0.00000     0.00000     0.00000     0.00000     0.00000     0.00000     0.00000     0.00000     0.00000     0.00000     0.00000     0.00000
   -36.15907     0.00000     0.00000     0.00000     0.00000     0.00000     0.00000     0.00000     0.00000     0.00000     0.00000     0.00000     0.00000     0.00000     0.00000     0.00000     0.00000     0.00000
   -36.13507     0.00000     0.00000     0.00000     0.00000     0.00000     0.00000     0.00000     0.00000     0.00000     0.00000     0.00000     0.00000     0.00000     0.00000     0.00000     0.00000     0.00000
   -36.11107     0.00000     0.00000     0.00000     0.00000     0.00000     0.00000     0.00000     0.00000     0.00000     0.00000     0.00000     0.00000     0.00000     0.00000     0.00000     0.00000     0.00000
   -36.08707     0.00000     0.00000     0.00000     0.00000     0.00000     0.00000     0.00000     0.00000     0.00000     0.00000     0.00000     0.00000     0.00000     0.00000     0.00000     0.00000     0.00000
   -36.06307     0.00000     0.00000     0.00000     0.00000     0.00000     0.00000     0.00000     0.00000     0.00000     0.00000     0.00000     0.00000     0.00000     0.00000     0.00000     0.00000     0.00000
   -36.03907     0.00000     0.00000     0.00000     0.00000     0.00000     0.00000     0.00000     0.00000     0.00000     0.00000     0.00000     0.00000     0.00000     0.00000     0.00000     0.00000     0.00000
   -36.01507     0.00000     0.00000     0.00000     0.00000     0.00000     0.00000     0.00000     0.00000     0.00000     0.00000     0.00000     0.00000     0.00000     0.00000     0.00000     0.00000     0.00000
   -35.99107     0.00000     0.00000     0.00000     0.00000     0.00000     0.00000     0.00000     0.00000     0.00000     0.00000     0.00000     0.00000     0.00000     0.00000     0.00000     0.00000     0.00000
   -35.96707     0.00000     0.00000     0.00000     0.00000     0.00000     0.00000     0.00000     0.00000     0.00000     0.00000     0.00000     0.00000     0.00000     0.00000     0.00000     0.00000     0.00000
   -35.94307     0.00000     0.00000     0.00000     0.00000     0.00000     0.00000     0.00000     0.00000     0.00000     0.00000     0.00000     0.00000     0.00000     0.00000     0.00000     0.00000     0.00000
   -35.91907     0.00000     0.00000     0.00000     0.00000     0.00000     0.00000     0.00000     0.00000     0.00000     0.00000     0.00000     0.00000     0.00000     0.00000     0.00000     0.00000     0.00000
   -35.89507     0.00000     0.00000     0.00000     0.00000     0.00000     0.00000     0.00000     0.00000     0.00000     0.00000     0.00000     0.00000     0.00000     0.00000     0.00000     0.00000     0.00000
   -35.87107     0.00000     0.00000     0.00000     0.00000     0.00000     0.00000     0.00000     0.00000     0.00000     0.00000     0.00000     0.00000     0.00000     0.00000     0.00000     0.00000     0.00000
   -35.84707     0.00000     0.00000     0.00000     0.00000     0.00000     0.00000     0.00000     0.00000     0.00000     0.00000     0.00000     0.00000     0.00000     0.00000     0.00000     0.00000     0.00000
   -35.82307     0.00000     0.00000     0.00000     0.00000     0.00000     0.00000     0.00000     0.00000     0.00000     0.00000     0.00000     0.00000     0.00000     0.00000     0.00000     0.00000     0.00000
   -35.79907     0.00000     0.00000     0.00000     0.00000     0.00000     0.00000     0.00000     0.00000     0.00000     0.00000     0.00000     0.00000     0.00000     0.00000     0.00000     0.00000     0.00000
   -35.77607     0.00000     0.00000     0.00000     0.00000     0.00000     0.00000     0.00000     0.00000     0.00000     0.00000     0.00000     0.00000     0.00000     0.00000     0.00000     0.00000     0.00000
   -35.75207     0.00000     0.00000     0.00000     0.00000     0.00000     0.00000     0.00000     0.00000     0.00000     0.00000     0.00000     0.00000     0.00000     0.00000     0.00000     0.00000     0.00000
   -35.72807     0.00000     0.00000     0.00000     0.00000     0.00000     0.00000     0.00000     0.00000     0.00000     0.00000     0.00000     0.00000     0.00000     0.00000     0.00000     0.00000     0.00000
   -35.70407     0.00000     0.00000     0.00000     0.00000     0.00000     0.00000     0.00000     0.00000     0.00000     0.00000     0.00000     0.00000     0.00000     0.00000     0.00000     0.00000     0.00000
   -35.68007     0.00000     0.00000     0.00000     0.00000     0.00000     0.00000     0.00000     0.00000     0.00000     0.00000     0.00000     0.00000     0.00000     0.00000     0.00000     0.00000     0.00000
   -35.65607     0.00000     0.00000     0.00000     0.00000     0.00000     0.00000     0.00000     0.00000     0.00000     0.00000     0.00000     0.00000     0.00000     0.00000     0.00000     0.00000     0.00000
   -35.63207     0.00000     0.00000     0.00000     0.00000     0.00000     0.00000     0.00000     0.00000     0.00000     0.00000     0.00000     0.00000     0.00000     0.00000     0.00000     0.00000     0.00000
   -35.60807     0.00000     0.00000     0.00000     0.00000     0.00000     0.00000     0.00000     0.00000     0.00000     0.00000     0.00000     0.00000     0.00000     0.00000     0.00000     0.00000     0.00000
   -35.58407     0.00000     0.00000     0.00000     0.00000     0.00000     0.00000     0.00000     0.00000     0.00000     0.00000     0.00000     0.00000     0.00000     0.00000     0.00000     0.00000     0.00000
   -35.56007     0.00000     0.00000     0.00000     0.00000     0.00000     0.00000     0.00000     0.00000     0.00000     0.00000     0.00000     0.00000     0.00000     0.00000     0.00000     0.00000     0.00000
   -35.53607     0.00000     0.00000     0.00000     0.00000     0.00000     0.00000     0.00000     0.00000     0.00000     0.00000     0.00000     0.00000     0.00000     0.00000     0.00000     0.00000     0.00000
   -35.51207     0.00000     0.00000     0.00000     0.00000     0.00000     0.00000     0.00000     0.00000     0.00000     0.00000     0.00000     0.00000     0.00000     0.00000     0.00000     0.00000     0.00000
   -35.48807     0.00000     0.00000     0.00000     0.00000     0.00000     0.00000     0.00000     0.00000     0.00000     0.00000     0.00000     0.00000     0.00000     0.00000     0.00000     0.00000     0.00000
   -35.46407     0.00000     0.00000     0.00000     0.00000     0.00000     0.00000     0.00000     0.00000     0.00000     0.00000     0.00000     0.00000     0.00000     0.00000     0.00000     0.00000     0.00000
   -35.44007     0.00000     0.00000     0.00000     0.00000     0.00000     0.00000     0.00000     0.00000     0.00000     0.00000     0.00000     0.00000     0.00000     0.00000     0.00000     0.00000     0.00000
   -35.41607     0.00000     0.00000     0.00000     0.00000     0.00000     0.00000     0.00000     0.00000     0.00000     0.00000     0.00000     0.00000     0.00000     0.00000     0.00000     0.00000     0.00000
   -35.39207     0.00000     0.00000     0.00000     0.00000     0.00000     0.00000     0.00000     0.00000     0.00000     0.00000     0.00000     0.00000     0.00000     0.00000     0.00000     0.00000     0.00000
   -35.36807     0.00000     0.00000     0.00000     0.00000     0.00000     0.00000     0.00000     0.00000     0.00000     0.00000     0.00000     0.00000     0.00000     0.00000     0.00000     0.00000     0.00000
   -35.34407     0.00000     0.00000     0.00000     0.00000     0.00000     0.00000     0.00000     0.00000     0.00000     0.00000     0.00000     0.00000     0.00000     0.00000     0.00000     0.00000     0.00000
   -35.32007     0.00000     0.00000     0.00000     0.00000     0.00000     0.00000     0.00000     0.00000     0.00000     0.00000     0.00000     0.00000     0.00000     0.00000     0.00000     0.00000     0.00000
   -35.29607     0.00000     0.00000     0.00000     0.00000     0.00000     0.00000     0.00000     0.00000     0.00000     0.00000     0.00000     0.00000     0.00000     0.00000     0.00000     0.00000     0.00000
   -35.27207     0.00000     0.00000     0.00000     0.00000     0.00000     0.00000     0.00000     0.00000     0.00000     0.00000     0.00000     0.00000     0.00000     0.00000     0.00000     0.00000     0.00000
   -35.24807     0.00000     0.00000     0.00000     0.00000     0.00000     0.00000     0.00000     0.00000     0.00000     0.00000     0.00000     0.00000     0.00000     0.00000     0.00000     0.00000     0.00000
   -35.22407     0.00000     0.00000     0.00000     0.00000     0.00000     0.00000     0.00000     0.00000     0.00000     0.00000     0.00000     0.00000     0.00000     0.00000     0.00000     0.00000     0.00000
   -35.20007     0.00000     0.00000     0.00000     0.00000     0.00000     0.00000     0.00000     0.00000     0.00000     0.00000     0.00000     0.00000     0.00000     0.00000     0.00000     0.00000     0.00000
   -35.17607     0.00000     0.00000     0.00000     0.00000     0.00000     0.00000     0.00000     0.00000     0.00000     0.00000     0.00000     0.00000     0.00000     0.00000     0.00000     0.00000     0.00000
   -35.15207     0.00000     0.00000     0.00000     0.00000     0.00000     0.00000     0.00000     0.00000     0.00000     0.00000     0.00000     0.00000     0.00000     0.00000     0.00000     0.00000     0.00000
   -35.12807     0.00000     0.00000     0.00000     0.00000     0.00000     0.00000     0.00000     0.00000     0.00000     0.00000     0.00000     0.00000     0.00000     0.00000     0.00000     0.00000     0.00000
   -35.10407     0.00000     0.00000     0.00000     0.00000     0.00000     0.00000     0.00000     0.00000     0.00000     0.00000     0.00000     0.00000     0.00000     0.00000     0.00000     0.00000     0.00000
   -35.08007     0.00000     0.00000     0.00000     0.00000     0.00000     0.00000     0.00000     0.00000     0.00000     0.00000     0.00000     0.00000     0.00000     0.00000     0.00000     0.00000     0.00000
   -35.05607     0.00000     0.00000     0.00000     0.00000     0.00000     0.00000     0.00000     0.00000     0.00000     0.00000     0.00000     0.00000     0.00000     0.00000     0.00000     0.00000     0.00000
   -35.03207     0.00000     0.00000     0.00000     0.00000     0.00000     0.00000     0.00000     0.00000     0.00000     0.00000     0.00000     0.00000     0.00000     0.00000     0.00000     0.00000     0.00000
   -35.00807     0.00000     0.00000     0.00000     0.00000     0.00000     0.00000     0.00000     0.00000     0.00000     0.00000     0.00000     0.00000     0.00000     0.00000     0.00000     0.00000     0.00000
   -34.98407     0.00000     0.00000     0.00000     0.00000     0.00000     0.00000     0.00000     0.00000     0.00000     0.00000     0.00000     0.00000     0.00000     0.00000     0.00000     0.00000     0.00000
   -34.96007     0.00000     0.00000     0.00000     0.00000     0.00000     0.00000     0.00000     0.00000     0.00000     0.00000     0.00000     0.00000     0.00000     0.00000     0.00000     0.00000     0.00000
   -34.93607     0.00000     0.00000     0.00000     0.00000     0.00000     0.00000     0.00000     0.00000     0.00000     0.00000     0.00000     0.00000     0.00000     0.00000     0.00000     0.00000     0.00000
   -34.91207     0.00000     0.00000     0.00000     0.00000     0.00000     0.00000     0.00000     0.00000     0.00000     0.00000     0.00000     0.00000     0.00000     0.00000     0.00000     0.00000     0.00000
   -34.88907     0.00000     0.00000     0.00000     0.00000     0.00000     0.00000     0.00000     0.00000     0.00000     0.00000     0.00000     0.00000     0.00000     0.00000     0.00000     0.00000     0.00000
   -34.86507     0.00000     0.00000     0.00000     0.00000     0.00000     0.00000     0.00000     0.00000     0.00000     0.00000     0.00000     0.00000     0.00000     0.00000     0.00000     0.00000     0.00000
   -34.84107     0.00000     0.00000     0.00000     0.00000     0.00000     0.00000     0.00000     0.00000     0.00000     0.00000     0.00000     0.00000     0.00000     0.00000     0.00000     0.00000     0.00000
   -34.81707     0.00000     0.00000     0.00000     0.00000     0.00000     0.00000     0.00000     0.00000     0.00000     0.00000     0.00000     0.00000     0.00000     0.00000     0.00000     0.00000     0.00000
   -34.79307     0.00000     0.00000     0.00000     0.00000     0.00000     0.00000     0.00000     0.00000     0.00000     0.00000     0.00000     0.00000     0.00000     0.00000     0.00000     0.00000     0.00000
   -34.76907     0.00000     0.00000     0.00000     0.00000     0.00000     0.00000     0.00000     0.00000     0.00000     0.00000     0.00000     0.00000     0.00000     0.00000     0.00000     0.00000     0.00000
   -34.74507     0.00000     0.00000     0.00000     0.00000     0.00000     0.00000     0.00000     0.00000     0.00000     0.00000     0.00000     0.00000     0.00000     0.00000     0.00000     0.00000     0.00000
   -34.72107     0.00000     0.00000     0.00000     0.00000     0.00000     0.00000     0.00000     0.00000     0.00000     0.00000     0.00000     0.00000     0.00000     0.00000     0.00000     0.00000     0.00000
   -34.69707     0.00000     0.00000     0.00000     0.00000     0.00000     0.00000     0.00000     0.00000     0.00000     0.00000     0.00000     0.00000     0.00000     0.00000     0.00000     0.00000     0.00000
   -34.67307     0.00000     0.00000     0.00000     0.00000     0.00000     0.00000     0.00000     0.00000     0.00000     0.00000     0.00000     0.00000     0.00000     0.00000     0.00000     0.00000     0.00000
   -34.64907     0.00000     0.00000     0.00000     0.00000     0.00000     0.00000     0.00000     0.00000     0.00000     0.00000     0.00000     0.00000     0.00000     0.00000     0.00000     0.00000     0.00000
   -34.62507     0.00000     0.00000     0.00000     0.00000     0.00000     0.00000     0.00000     0.00000     0.00000     0.00000     0.00000     0.00000     0.00000     0.00000     0.00000     0.00000     0.00000
   -34.60107     0.00000     0.00000     0.00000     0.00000     0.00000     0.00000     0.00000     0.00000     0.00000     0.00000     0.00000     0.00000     0.00000     0.00000     0.00000     0.00000     0.00000
   -34.57707     0.00000     0.00000     0.00000     0.00000     0.00000     0.00000     0.00000     0.00000     0.00000     0.00000     0.00000     0.00000     0.00000     0.00000     0.00000     0.00000     0.00000
   -34.55307     0.00000     0.00000     0.00000     0.00000     0.00000     0.00000     0.00000     0.00000     0.00000     0.00000     0.00000     0.00000     0.00000     0.00000     0.00000     0.00000     0.00000
   -34.52907     0.00000     0.00000     0.00000     0.00000     0.00000     0.00000     0.00000     0.00000     0.00000     0.00000     0.00000     0.00000     0.00000     0.00000     0.00000     0.00000     0.00000
   -34.50507     0.00000     0.00000     0.00000     0.00000     0.00000     0.00000     0.00000     0.00000     0.00000     0.00000     0.00000     0.00000     0.00000     0.00000     0.00000     0.00000     0.00000
   -34.48107     0.00000     0.00000     0.00000     0.00000     0.00000     0.00000     0.00000     0.00000     0.00000     0.00000     0.00000     0.00000     0.00000     0.00000     0.00000     0.00000     0.00000
   -34.45707     0.00000     0.00000     0.00000     0.00000     0.00000     0.00000     0.00000     0.00000     0.00000     0.00000     0.00000     0.00000     0.00000     0.00000     0.00000     0.00000     0.00000
   -34.43307     0.00000     0.00000     0.00000     0.00000     0.00000     0.00000     0.00000     0.00000     0.00000     0.00000     0.00000     0.00000     0.00000     0.00000     0.00000     0.00000     0.00000
   -34.40907     0.00000     0.00000     0.00000     0.00000     0.00000     0.00000     0.00000     0.00000     0.00000     0.00000     0.00000     0.00000     0.00000     0.00000     0.00000     0.00000     0.00000
   -34.38507     0.00000     0.00000     0.00000     0.00000     0.00000     0.00000     0.00000     0.00000     0.00000     0.00000     0.00000     0.00000     0.00000     0.00000     0.00000     0.00000     0.00000
   -34.36107     0.00000     0.00000     0.00000     0.00000     0.00000     0.00000     0.00000     0.00000     0.00000     0.00000     0.00000     0.00000     0.00000     0.00000     0.00000     0.00000     0.00000
   -34.33707     0.00000     0.00000     0.00000     0.00000     0.00000     0.00000     0.00000     0.00000     0.00000     0.00000     0.00000     0.00000     0.00000     0.00000     0.00000     0.00000     0.00000
   -34.31307     0.00000     0.00000     0.00000     0.00000     0.00000     0.00000     0.00000     0.00000     0.00000     0.00000     0.00000     0.00000     0.00000     0.00000     0.00000     0.00000     0.00000
   -34.28907     0.00000     0.00000     0.00000     0.00000     0.00000     0.00000     0.00000     0.00000     0.00000     0.00000     0.00000     0.00000     0.00000     0.00000     0.00000     0.00000     0.00000
   -34.26507     0.00000     0.00000     0.00000     0.00000     0.00000     0.00000     0.00000     0.00000     0.00000     0.00000     0.00000     0.00000     0.00000     0.00000     0.00000     0.00000     0.00000
   -34.24107     0.00000     0.00000     0.00000     0.00000     0.00000     0.00000     0.00000     0.00000     0.00000     0.00000     0.00000     0.00000     0.00000     0.00000     0.00000     0.00000     0.00000
   -34.21707     0.00000     0.00000     0.00000     0.00000     0.00000     0.00000     0.00000     0.00000     0.00000     0.00000     0.00000     0.00000     0.00000     0.00000     0.00000     0.00000     0.00000
   -34.19307     0.00000     0.00000     0.00000     0.00000     0.00000     0.00000     0.00000     0.00000     0.00000     0.00000     0.00000     0.00000     0.00000     0.00000     0.00000     0.00000     0.00000
   -34.16907     0.00000     0.00000     0.00000     0.00000     0.00000     0.00000     0.00000     0.00000     0.00000     0.00000     0.00000     0.00000     0.00000     0.00000     0.00000     0.00000     0.00000
   -34.14507     0.00000     0.00000     0.00000     0.00000     0.00000     0.00000     0.00000     0.00000     0.00000     0.00000     0.00000     0.00000     0.00000     0.00000     0.00000     0.00000     0.00000
   -34.12107     0.00000     0.00000     0.00000     0.00000     0.00000     0.00000     0.00000     0.00000     0.00000     0.00000     0.00000     0.00000     0.00000     0.00000     0.00000     0.00000     0.00000
   -34.09707     0.00000     0.00000     0.00000     0.00000     0.00000     0.00000     0.00000     0.00000     0.00000     0.00000     0.00000     0.00000     0.00000     0.00000     0.00000     0.00000     0.00000
   -34.07307     0.00000     0.00000     0.00000     0.00000     0.00000     0.00000     0.00000     0.00000     0.00000     0.00000     0.00000     0.00000     0.00000     0.00000     0.00000     0.00000     0.00000
   -34.04907     0.00000     0.00000     0.00000     0.00000     0.00000     0.00000     0.00000     0.00000     0.00000     0.00000     0.00000     0.00000     0.00000     0.00000     0.00000     0.00000     0.00000
   -34.02507     0.00000     0.00000     0.00000     0.00000     0.00000     0.00000     0.00000     0.00000     0.00000     0.00000     0.00000     0.00000     0.00000     0.00000     0.00000     0.00000     0.00000
   -34.00107     0.00000     0.00000     0.00000     0.00000     0.00000     0.00000     0.00000     0.00000     0.00000     0.00000     0.00000     0.00000     0.00000     0.00000     0.00000     0.00000     0.00000
   -33.97807     0.00000     0.00000     0.00000     0.00000     0.00000     0.00000     0.00000     0.00000     0.00000     0.00000     0.00000     0.00000     0.00000     0.00000     0.00000     0.00000     0.00000
   -33.95407     0.00000     0.00000     0.00000     0.00000     0.00000     0.00000     0.00000     0.00000     0.00000     0.00000     0.00000     0.00000     0.00000     0.00000     0.00000     0.00000     0.00000
   -33.93007     0.00000     0.00000     0.00000     0.00000     0.00000     0.00000     0.00000     0.00000     0.00000     0.00000     0.00000     0.00000     0.00000     0.00000     0.00000     0.00000     0.00000
   -33.90607     0.00000     0.00000     0.00000     0.00000     0.00000     0.00000     0.00000     0.00000     0.00000     0.00000     0.00000     0.00000     0.00000     0.00000     0.00000     0.00000     0.00000
   -33.88207     0.00000     0.00000     0.00000     0.00000     0.00000     0.00000     0.00000     0.00000     0.00000     0.00000     0.00000     0.00000     0.00000     0.00000     0.00000     0.00000     0.00000
   -33.85807     0.00000     0.00000     0.00000     0.00000     0.00000     0.00000     0.00000     0.00000     0.00000     0.00000     0.00000     0.00000     0.00000     0.00000     0.00000     0.00000     0.00000
   -33.83407     0.00000     0.00000     0.00000     0.00000     0.00000     0.00000     0.00000     0.00000     0.00000     0.00000     0.00000     0.00000     0.00000     0.00000     0.00000     0.00000     0.00000
   -33.81007     0.00000     0.00000     0.00000     0.00000     0.00000     0.00000     0.00000     0.00000     0.00000     0.00000     0.00000     0.00000     0.00000     0.00000     0.00000     0.00000     0.00000
   -33.78607     0.00000     0.00000     0.00000     0.00000     0.00000     0.00000     0.00000     0.00000     0.00000     0.00000     0.00000     0.00000     0.00000     0.00000     0.00000     0.00000     0.00000
   -33.76207     0.00000     0.00000     0.00000     0.00000     0.00000     0.00000     0.00000     0.00000     0.00000     0.00000     0.00000     0.00000     0.00000     0.00000     0.00000     0.00000     0.00000
   -33.73807     0.00000     0.00000     0.00000     0.00000     0.00000     0.00000     0.00000     0.00000     0.00000     0.00000     0.00000     0.00000     0.00000     0.00000     0.00000     0.00000     0.00000
   -33.71407     0.00000     0.00000     0.00000     0.00000     0.00000     0.00000     0.00000     0.00000     0.00000     0.00000     0.00000     0.00000     0.00000     0.00000     0.00000     0.00000     0.00000
   -33.69007     0.00000     0.00000     0.00000     0.00000     0.00000     0.00000     0.00000     0.00000     0.00000     0.00000     0.00000     0.00000     0.00000     0.00000     0.00000     0.00000     0.00000
   -33.66607     0.00000     0.00000     0.00000     0.00000     0.00000     0.00000     0.00000     0.00000     0.00000     0.00000     0.00000     0.00000     0.00000     0.00000     0.00000     0.00000     0.00000
   -33.64207     0.00000     0.00000     0.00000     0.00000     0.00000     0.00000     0.00000     0.00000     0.00000     0.00000     0.00000     0.00000     0.00000     0.00000     0.00000     0.00000     0.00000
   -33.61807     0.00000     0.00000     0.00000     0.00000     0.00000     0.00000     0.00000     0.00000     0.00000     0.00000     0.00000     0.00000     0.00000     0.00000     0.00000     0.00000     0.00000
   -33.59407     0.00000     0.00000     0.00000     0.00000     0.00000     0.00000     0.00000     0.00000     0.00000     0.00000     0.00000     0.00000     0.00000     0.00000     0.00000     0.00000     0.00000
   -33.57007     0.00000     0.00000     0.00000     0.00000     0.00000     0.00000     0.00000     0.00000     0.00000     0.00000     0.00000     0.00000     0.00000     0.00000     0.00000     0.00000     0.00000
   -33.54607     0.00000     0.00000     0.00000     0.00000     0.00000     0.00000     0.00000     0.00000     0.00000     0.00000     0.00000     0.00000     0.00000     0.00000     0.00000     0.00000     0.00000
   -33.52207     0.00000     0.00000     0.00000     0.00000     0.00000     0.00000     0.00000     0.00000     0.00000     0.00000     0.00000     0.00000     0.00000     0.00000     0.00000     0.00000     0.00000
   -33.49807     0.00000     0.00000     0.00000     0.00000     0.00000     0.00000     0.00000     0.00000     0.00000     0.00000     0.00000     0.00000     0.00000     0.00000     0.00000     0.00000     0.00000
   -33.47407     0.00000     0.00000     0.00000     0.00000     0.00000     0.00000     0.00000     0.00000     0.00000     0.00000     0.00000     0.00000     0.00000     0.00000     0.00000     0.00000     0.00000
   -33.45007     0.00000     0.00000     0.00000     0.00000     0.00000     0.00000     0.00000     0.00000     0.00000     0.00000     0.00000     0.00000     0.00000     0.00000     0.00000     0.00000     0.00000
   -33.42607     0.00000     0.00000     0.00000     0.00000     0.00000     0.00000     0.00000     0.00000     0.00000     0.00000     0.00000     0.00000     0.00000     0.00000     0.00000     0.00000     0.00000
   -33.40207     0.00000     0.00000     0.00000     0.00000     0.00000     0.00000     0.00000     0.00000     0.00000     0.00000     0.00000     0.00000     0.00000     0.00000     0.00000     0.00000     0.00000
   -33.37807     0.00000     0.00000     0.00000     0.00000     0.00000     0.00000     0.00000     0.00000     0.00000     0.00000     0.00000     0.00000     0.00000     0.00000     0.00000     0.00000     0.00000
   -33.35407     0.00000     0.00000     0.00000     0.00000     0.00000     0.00000     0.00000     0.00000     0.00000     0.00000     0.00000     0.00000     0.00000     0.00000     0.00000     0.00000     0.00000
   -33.33007     0.00000     0.00000     0.00000     0.00000     0.00000     0.00000     0.00000     0.00000     0.00000     0.00000     0.00000     0.00000     0.00000     0.00000     0.00000     0.00000     0.00000
   -33.30607     0.00000     0.00000     0.00000     0.00000     0.00000     0.00000     0.00000     0.00000     0.00000     0.00000     0.00000     0.00000     0.00000     0.00000     0.00000     0.00000     0.00000
   -33.28207     0.00000     0.00000     0.00000     0.00000     0.00000     0.00000     0.00000     0.00000     0.00000     0.00000     0.00000     0.00000     0.00000     0.00000     0.00000     0.00000     0.00000
   -33.25807     0.00000     0.00000     0.00000     0.00000     0.00000     0.00000     0.00000     0.00000     0.00000     0.00000     0.00000     0.00000     0.00000     0.00000     0.00000     0.00000     0.00000
   -33.23407     0.00000     0.00000     0.00000     0.00000     0.00000     0.00000     0.00000     0.00000     0.00000     0.00000     0.00000     0.00000     0.00000     0.00000     0.00000     0.00000     0.00000
   -33.21007     0.00000     0.00000     0.00000     0.00000     0.00000     0.00000     0.00000     0.00000     0.00000     0.00000     0.00000     0.00000     0.00000     0.00000     0.00000     0.00000     0.00000
   -33.18607     0.00000     0.00000     0.00000     0.00000     0.00000     0.00000     0.00000     0.00000     0.00000     0.00000     0.00000     0.00000     0.00000     0.00000     0.00000     0.00000     0.00000
   -33.16207     0.00000     0.00000     0.00000     0.00000     0.00000     0.00000     0.00000     0.00000     0.00000     0.00000     0.00000     0.00000     0.00000     0.00000     0.00000     0.00000     0.00000
   -33.13807     0.00000     0.00000     0.00000     0.00000     0.00000     0.00000     0.00000     0.00000     0.00000     0.00000     0.00000     0.00000     0.00000     0.00000     0.00000     0.00000     0.00000
   -33.11407     0.00000     0.00000     0.00000     0.00000     0.00000     0.00000     0.00000     0.00000     0.00000     0.00000     0.00000     0.00000     0.00000     0.00000     0.00000     0.00000     0.00000
   -33.09107     0.00000     0.00000     0.00000     0.00000     0.00000     0.00000     0.00000     0.00000     0.00000     0.00000     0.00000     0.00000     0.00000     0.00000     0.00000     0.00000     0.00000
   -33.06707     0.00000     0.00000     0.00000     0.00000     0.00000     0.00000     0.00000     0.00000     0.00000     0.00000     0.00000     0.00000     0.00000     0.00000     0.00000     0.00000     0.00000
   -33.04307     0.00000     0.00000     0.00000     0.00000     0.00000     0.00000     0.00000     0.00000     0.00000     0.00000     0.00000     0.00000     0.00000     0.00000     0.00000     0.00000     0.00000
   -33.01907     0.00000     0.00000     0.00000     0.00000     0.00000     0.00000     0.00000     0.00000     0.00000     0.00000     0.00000     0.00000     0.00000     0.00000     0.00000     0.00000     0.00000
   -32.99507     0.00000     0.00000     0.00000     0.00000     0.00000     0.00000     0.00000     0.00000     0.00000     0.00000     0.00000     0.00000     0.00000     0.00000     0.00000     0.00000     0.00000
   -32.97107     0.00000     0.00000     0.00000     0.00000     0.00000     0.00000     0.00000     0.00000     0.00000     0.00000     0.00000     0.00000     0.00000     0.00000     0.00000     0.00000     0.00000
   -32.94707     0.00000     0.00000     0.00000     0.00000     0.00000     0.00000     0.00000     0.00000     0.00000     0.00000     0.00000     0.00000     0.00000     0.00000     0.00000     0.00000     0.00000
   -32.92307     0.00000     0.00000     0.00000     0.00000     0.00000     0.00000     0.00000     0.00000     0.00000     0.00000     0.00000     0.00000     0.00000     0.00000     0.00000     0.00000     0.00000
   -32.89907     0.00000     0.00000     0.00000     0.00000     0.00000     0.00000     0.00000     0.00000     0.00000     0.00000     0.00000     0.00000     0.00000     0.00000     0.00000     0.00000     0.00000
   -32.87507     0.00000     0.00000     0.00000     0.00000     0.00000     0.00000     0.00000     0.00000     0.00000     0.00000     0.00000     0.00000     0.00000     0.00000     0.00000     0.00000     0.00000
   -32.85107     0.00000     0.00000     0.00000     0.00000     0.00000     0.00000     0.00000     0.00000     0.00000     0.00000     0.00000     0.00000     0.00000     0.00000     0.00000     0.00000     0.00000
   -32.82707     0.00000     0.00000     0.00000     0.00000     0.00000     0.00000     0.00000     0.00000     0.00000     0.00000     0.00000     0.00000     0.00000     0.00000     0.00000     0.00000     0.00000
   -32.80307     0.00000     0.00000     0.00000     0.00000     0.00000     0.00000     0.00000     0.00000     0.00000     0.00000     0.00000     0.00000     0.00000     0.00000     0.00000     0.00000     0.00000
   -32.77907     0.00000     0.00000     0.00000     0.00000     0.00000     0.00000     0.00000     0.00000     0.00000     0.00000     0.00000     0.00000     0.00000     0.00000     0.00000     0.00000     0.00000
   -32.75507     0.00000     0.00000     0.00000     0.00000     0.00000     0.00000     0.00000     0.00000     0.00000     0.00000     0.00000     0.00000     0.00000     0.00000     0.00000     0.00000     0.00000
   -32.73107     0.00000     0.00000     0.00000     0.00000     0.00000     0.00000     0.00000     0.00000     0.00000     0.00000     0.00000     0.00000     0.00000     0.00000     0.00000     0.00000     0.00000
   -32.70707     0.00000     0.00000     0.00000     0.00000     0.00000     0.00000     0.00000     0.00000     0.00000     0.00000     0.00000     0.00000     0.00000     0.00000     0.00000     0.00000     0.00000
   -32.68307     0.00000     0.00000     0.00000     0.00000     0.00000     0.00000     0.00000     0.00000     0.00000     0.00000     0.00000     0.00000     0.00000     0.00000     0.00000     0.00000     0.00000
   -32.65907     0.00000     0.00000     0.00000     0.00000     0.00000     0.00000     0.00000     0.00000     0.00000     0.00000     0.00000     0.00000     0.00000     0.00000     0.00000     0.00000     0.00000
   -32.63507     0.00000     0.00000     0.00000     0.00000     0.00000     0.00000     0.00000     0.00000     0.00000     0.00000     0.00000     0.00000     0.00000     0.00000     0.00000     0.00000     0.00000
   -32.61107     0.00000     0.00000     0.00000     0.00000     0.00000     0.00000     0.00000     0.00000     0.00000     0.00000     0.00000     0.00000     0.00000     0.00000     0.00000     0.00000     0.00000
   -32.58707     0.00000     0.00000     0.00000     0.00000     0.00000     0.00000     0.00000     0.00000     0.00000     0.00000     0.00000     0.00000     0.00000     0.00000     0.00000     0.00000     0.00000
   -32.56307     0.00000     0.00000     0.00000     0.00000     0.00000     0.00000     0.00000     0.00000     0.00000     0.00000     0.00000     0.00000     0.00000     0.00000     0.00000     0.00000     0.00000
   -32.53907     0.00000     0.00000     0.00000     0.00000     0.00000     0.00000     0.00000     0.00000     0.00000     0.00000     0.00000     0.00000     0.00000     0.00000     0.00000     0.00000     0.00000
   -32.51507     0.00000     0.00000     0.00000     0.00000     0.00000     0.00000     0.00000     0.00000     0.00000     0.00000     0.00000     0.00000     0.00000     0.00000     0.00000     0.00000     0.00000
   -32.49107     0.00000     0.00000     0.00000     0.00000     0.00000     0.00000     0.00000     0.00000     0.00000     0.00000     0.00000     0.00000     0.00000     0.00000     0.00000     0.00000     0.00000
   -32.46707     0.00000     0.00000     0.00000     0.00000     0.00000     0.00000     0.00000     0.00000     0.00000     0.00000     0.00000     0.00000     0.00000     0.00000     0.00000     0.00000     0.00000
   -32.44307     0.00000     0.00000     0.00000     0.00000     0.00000     0.00000     0.00000     0.00000     0.00000     0.00000     0.00000     0.00000     0.00000     0.00000     0.00000     0.00000     0.00000
   -32.41907     0.00000     0.00000     0.00000     0.00000     0.00000     0.00000     0.00000     0.00000     0.00000     0.00000     0.00000     0.00000     0.00000     0.00000     0.00000     0.00000     0.00000
   -32.39507     0.00000     0.00000     0.00000     0.00000     0.00000     0.00000     0.00000     0.00000     0.00000     0.00000     0.00000     0.00000     0.00000     0.00000     0.00000     0.00000     0.00000
   -32.37107     0.00000     0.00000     0.00000     0.00000     0.00000     0.00000     0.00000     0.00000     0.00000     0.00000     0.00000     0.00000     0.00000     0.00000     0.00000     0.00000     0.00000
   -32.34707     0.00000     0.00000     0.00000     0.00000     0.00000     0.00000     0.00000     0.00000     0.00000     0.00000     0.00000     0.00000     0.00000     0.00000     0.00000     0.00000     0.00000
   -32.32307     0.00000     0.00000     0.00000     0.00000     0.00000     0.00000     0.00000     0.00000     0.00000     0.00000     0.00000     0.00000     0.00000     0.00000     0.00000     0.00000     0.00000
   -32.29907     0.00000     0.00000     0.00000     0.00000     0.00000     0.00000     0.00000     0.00000     0.00000     0.00000     0.00000     0.00000     0.00000     0.00000     0.00000     0.00000     0.00000
   -32.27507     0.00000     0.00000     0.00000     0.00000     0.00000     0.00000     0.00000     0.00000     0.00000     0.00000     0.00000     0.00000     0.00000     0.00000     0.00000     0.00000     0.00000
   -32.25107     0.00000     0.00000     0.00000     0.00000     0.00000     0.00000     0.00000     0.00000     0.00000     0.00000     0.00000     0.00000     0.00000     0.00000     0.00000     0.00000     0.00000
   -32.22707     0.00000     0.00000     0.00000     0.00000     0.00000     0.00000     0.00000     0.00000     0.00000     0.00000     0.00000     0.00000     0.00000     0.00000     0.00000     0.00000     0.00000
   -32.20307     0.00000     0.00000     0.00000     0.00000     0.00000     0.00000     0.00000     0.00000     0.00000     0.00000     0.00000     0.00000     0.00000     0.00000     0.00000     0.00000     0.00000
   -32.18007     0.00000     0.00000     0.00000     0.00000     0.00000     0.00000     0.00000     0.00000     0.00000     0.00000     0.00000     0.00000     0.00000     0.00000     0.00000     0.00000     0.00000
   -32.15607     0.00000     0.00000     0.00000     0.00000     0.00000     0.00000     0.00000     0.00000     0.00000     0.00000     0.00000     0.00000     0.00000     0.00000     0.00000     0.00000     0.00000
   -32.13207     0.00000     0.00000     0.00000     0.00000     0.00000     0.00000     0.00000     0.00000     0.00000     0.00000     0.00000     0.00000     0.00000     0.00000     0.00000     0.00000     0.00000
   -32.10807     0.00000     0.00000     0.00000     0.00000     0.00000     0.00000     0.00000     0.00000     0.00000     0.00000     0.00000     0.00000     0.00000     0.00000     0.00000     0.00000     0.00000
   -32.08407     0.00000     0.00000     0.00000     0.00000     0.00000     0.00000     0.00000     0.00000     0.00000     0.00000     0.00000     0.00000     0.00000     0.00000     0.00000     0.00000     0.00000
   -32.06007     0.00000     0.00000     0.00000     0.00000     0.00000     0.00000     0.00000     0.00000     0.00000     0.00000     0.00000     0.00000     0.00000     0.00000     0.00000     0.00000     0.00000
   -32.03607     0.00000     0.00000     0.00000     0.00000     0.00000     0.00000     0.00000     0.00000     0.00000     0.00000     0.00000     0.00000     0.00000     0.00000     0.00000     0.00000     0.00000
   -32.01207     0.00000     0.00000     0.00000     0.00000     0.00000     0.00000     0.00000     0.00000     0.00000     0.00000     0.00000     0.00000     0.00000     0.00000     0.00000     0.00000     0.00000
   -31.98807     0.00000     0.00000     0.00000     0.00000     0.00000     0.00000     0.00000     0.00000     0.00000     0.00000     0.00000     0.00000     0.00000     0.00000     0.00000     0.00000     0.00000
   -31.96407     0.00000     0.00000     0.00000     0.00000     0.00000     0.00000     0.00000     0.00000     0.00000     0.00000     0.00000     0.00000     0.00000     0.00000     0.00000     0.00000     0.00000
   -31.94007     0.00000     0.00000     0.00000     0.00000     0.00000     0.00000     0.00000     0.00000     0.00000     0.00000     0.00000     0.00000     0.00000     0.00000     0.00000     0.00000     0.00000
   -31.91607     0.00000     0.00000     0.00000     0.00000     0.00000     0.00000     0.00000     0.00000     0.00000     0.00000     0.00000     0.00000     0.00000     0.00000     0.00000     0.00000     0.00000
   -31.89207     0.00000     0.00000     0.00000     0.00000     0.00000     0.00000     0.00000     0.00000     0.00000     0.00000     0.00000     0.00000     0.00000     0.00000     0.00000     0.00000     0.00000
   -31.86807     0.00000     0.00000     0.00000     0.00000     0.00000     0.00000     0.00000     0.00000     0.00000     0.00000     0.00000     0.00000     0.00000     0.00000     0.00000     0.00000     0.00000
   -31.84407     0.00000     0.00000     0.00000     0.00000     0.00000     0.00000     0.00000     0.00000     0.00000     0.00000     0.00000     0.00000     0.00000     0.00000     0.00000     0.00000     0.00000
   -31.82007     0.00000     0.00000     0.00000     0.00000     0.00000     0.00000     0.00000     0.00000     0.00000     0.00000     0.00000     0.00000     0.00000     0.00000     0.00000     0.00000     0.00000
   -31.79607     0.00000     0.00000     0.00000     0.00000     0.00000     0.00000     0.00000     0.00000     0.00000     0.00000     0.00000     0.00000     0.00000     0.00000     0.00000     0.00000     0.00000
   -31.77207     0.00000     0.00000     0.00000     0.00000     0.00000     0.00000     0.00000     0.00000     0.00000     0.00000     0.00000     0.00000     0.00000     0.00000     0.00000     0.00000     0.00000
   -31.74807     0.00000     0.00000     0.00000     0.00000     0.00000     0.00000     0.00000     0.00000     0.00000     0.00000     0.00000     0.00000     0.00000     0.00000     0.00000     0.00000     0.00000
   -31.72407     0.00000     0.00000     0.00000     0.00000     0.00000     0.00000     0.00000     0.00000     0.00000     0.00000     0.00000     0.00000     0.00000     0.00000     0.00000     0.00000     0.00000
   -31.70007     0.00000     0.00000     0.00000     0.00000     0.00000     0.00000     0.00000     0.00000     0.00000     0.00000     0.00000     0.00000     0.00000     0.00000     0.00000     0.00000     0.00000
   -31.67607     0.00000     0.00000     0.00000     0.00000     0.00000     0.00000     0.00000     0.00000     0.00000     0.00000     0.00000     0.00000     0.00000     0.00000     0.00000     0.00000     0.00000
   -31.65207     0.00000     0.00000     0.00000     0.00000     0.00000     0.00000     0.00000     0.00000     0.00000     0.00000     0.00000     0.00000     0.00000     0.00000     0.00000     0.00000     0.00000
   -31.62807     0.00000     0.00000     0.00000     0.00000     0.00000     0.00000     0.00000     0.00000     0.00000     0.00000     0.00000     0.00000     0.00000     0.00000     0.00000     0.00000     0.00000
   -31.60407     0.00000     0.00000     0.00000     0.00000     0.00000     0.00000     0.00000     0.00000     0.00000     0.00000     0.00000     0.00000     0.00000     0.00000     0.00000     0.00000     0.00000
   -31.58007     0.00000     0.00000     0.00000     0.00000     0.00000     0.00000     0.00000     0.00000     0.00000     0.00000     0.00000     0.00000     0.00000     0.00000     0.00000     0.00000     0.00000
   -31.55607     0.00000     0.00000     0.00000     0.00000     0.00000     0.00000     0.00000     0.00000     0.00000     0.00000     0.00000     0.00000     0.00000     0.00000     0.00000     0.00000     0.00000
   -31.53207     0.00000     0.00000     0.00000     0.00000     0.00000     0.00000     0.00000     0.00000     0.00000     0.00000     0.00000     0.00000     0.00000     0.00000     0.00000     0.00000     0.00000
   -31.50807     0.00000     0.00000     0.00000     0.00000     0.00000     0.00000     0.00000     0.00000     0.00000     0.00000     0.00000     0.00000     0.00000     0.00000     0.00000     0.00000     0.00000
   -31.48407     0.00000     0.00000     0.00000     0.00000     0.00000     0.00000     0.00000     0.00000     0.00000     0.00000     0.00000     0.00000     0.00000     0.00000     0.00000     0.00000     0.00000
   -31.46007     0.00000     0.00000     0.00000     0.00000     0.00000     0.00000     0.00000     0.00000     0.00000     0.00000     0.00000     0.00000     0.00000     0.00000     0.00000     0.00000     0.00000
   -31.43607     0.00000     0.00000     0.00000     0.00000     0.00000     0.00000     0.00000     0.00000     0.00000     0.00000     0.00000     0.00000     0.00000     0.00000     0.00000     0.00000     0.00000
   -31.41207     0.00000     0.00000     0.00000     0.00000     0.00000     0.00000     0.00000     0.00000     0.00000     0.00000     0.00000     0.00000     0.00000     0.00000     0.00000     0.00000     0.00000
   -31.38807     0.00000     0.00000     0.00000     0.00000     0.00000     0.00000     0.00000     0.00000     0.00000     0.00000     0.00000     0.00000     0.00000     0.00000     0.00000     0.00000     0.00000
   -31.36407     0.00000     0.00000     0.00000     0.00000     0.00000     0.00000     0.00000     0.00000     0.00000     0.00000     0.00000     0.00000     0.00000     0.00000     0.00000     0.00000     0.00000
   -31.34007     0.00000     0.00000     0.00000     0.00000     0.00000     0.00000     0.00000     0.00000     0.00000     0.00000     0.00000     0.00000     0.00000     0.00000     0.00000     0.00000     0.00000
   -31.31607     0.00000     0.00000     0.00000     0.00000     0.00000     0.00000     0.00000     0.00000     0.00000     0.00000     0.00000     0.00000     0.00000     0.00000     0.00000     0.00000     0.00000
   -31.29307     0.00000     0.00000     0.00000     0.00000     0.00000     0.00000     0.00000     0.00000     0.00000     0.00000     0.00000     0.00000     0.00000     0.00000     0.00000     0.00000     0.00000
   -31.26907     0.00000     0.00000     0.00000     0.00000     0.00000     0.00000     0.00000     0.00000     0.00000     0.00000     0.00000     0.00000     0.00000     0.00000     0.00000     0.00000     0.00000
   -31.24507     0.00000     0.00000     0.00000     0.00000     0.00000     0.00000     0.00000     0.00000     0.00000     0.00000     0.00000     0.00000     0.00000     0.00000     0.00000     0.00000     0.00000
   -31.22107     0.00000     0.00000     0.00000     0.00000     0.00000     0.00000     0.00000     0.00000     0.00000     0.00000     0.00000     0.00000     0.00000     0.00000     0.00000     0.00000     0.00000
   -31.19707     0.00000     0.00000     0.00000     0.00000     0.00000     0.00000     0.00000     0.00000     0.00000     0.00000     0.00000     0.00000     0.00000     0.00000     0.00000     0.00000     0.00000
   -31.17307     0.00000     0.00000     0.00000     0.00000     0.00000     0.00000     0.00000     0.00000     0.00000     0.00000     0.00000     0.00000     0.00000     0.00000     0.00000     0.00000     0.00000
   -31.14907     0.00000     0.00000     0.00000     0.00000     0.00000     0.00000     0.00000     0.00000     0.00000     0.00000     0.00000     0.00000     0.00000     0.00000     0.00000     0.00000     0.00000
   -31.12507     0.00000     0.00000     0.00000     0.00000     0.00000     0.00000     0.00000     0.00000     0.00000     0.00000     0.00000     0.00000     0.00000     0.00000     0.00000     0.00000     0.00000
   -31.10107     0.00000     0.00000     0.00000     0.00000     0.00000     0.00000     0.00000     0.00000     0.00000     0.00000     0.00000     0.00000     0.00000     0.00000     0.00000     0.00000     0.00000
   -31.07707     0.00000     0.00000     0.00000     0.00000     0.00000     0.00000     0.00000     0.00000     0.00000     0.00000     0.00000     0.00000     0.00000     0.00000     0.00000     0.00000     0.00000
   -31.05307     0.00000     0.00000     0.00000     0.00000     0.00000     0.00000     0.00000     0.00000     0.00000     0.00000     0.00000     0.00000     0.00000     0.00000     0.00000     0.00000     0.00000
   -31.02907     0.00000     0.00000     0.00000     0.00000     0.00000     0.00000     0.00000     0.00000     0.00000     0.00000     0.00000     0.00000     0.00000     0.00000     0.00000     0.00000     0.00000
   -31.00507     0.00000     0.00000     0.00000     0.00000     0.00000     0.00000     0.00000     0.00000     0.00000     0.00000     0.00000     0.00000     0.00000     0.00000     0.00000     0.00000     0.00000
   -30.98107     0.00000     0.00000     0.00000     0.00000     0.00000     0.00000     0.00000     0.00000     0.00000     0.00000     0.00000     0.00000     0.00000     0.00000     0.00000     0.00000     0.00000
   -30.95707     0.00000     0.00000     0.00000     0.00000     0.00000     0.00000     0.00000     0.00000     0.00000     0.00000     0.00000     0.00000     0.00000     0.00000     0.00000     0.00000     0.00000
   -30.93307     0.00000     0.00000     0.00000     0.00000     0.00000     0.00000     0.00000     0.00000     0.00000     0.00000     0.00000     0.00000     0.00000     0.00000     0.00000     0.00000     0.00000
   -30.90907     0.00000     0.00000     0.00000     0.00000     0.00000     0.00000     0.00000     0.00000     0.00000     0.00000     0.00000     0.00000     0.00000     0.00000     0.00000     0.00000     0.00000
   -30.88507     0.00000     0.00000     0.00000     0.00000     0.00000     0.00000     0.00000     0.00000     0.00000     0.00000     0.00000     0.00000     0.00000     0.00000     0.00000     0.00000     0.00000
   -30.86107     0.00000     0.00000     0.00000     0.00000     0.00000     0.00000     0.00000     0.00000     0.00000     0.00000     0.00000     0.00000     0.00000     0.00000     0.00000     0.00000     0.00000
   -30.83707     0.00000     0.00000     0.00000     0.00000     0.00000     0.00000     0.00000     0.00000     0.00000     0.00000     0.00000     0.00000     0.00000     0.00000     0.00000     0.00000     0.00000
   -30.81307     0.00000     0.00000     0.00000     0.00000     0.00000     0.00000     0.00000     0.00000     0.00000     0.00000     0.00000     0.00000     0.00000     0.00000     0.00000     0.00000     0.00000
   -30.78907     0.00000     0.00000     0.00000     0.00000     0.00000     0.00000     0.00000     0.00000     0.00000     0.00000     0.00000     0.00000     0.00000     0.00000     0.00000     0.00000     0.00000
   -30.76507     0.00000     0.00000     0.00000     0.00000     0.00000     0.00000     0.00000     0.00000     0.00000     0.00000     0.00000     0.00000     0.00000     0.00000     0.00000     0.00000     0.00000
   -30.74107     0.00000     0.00000     0.00000     0.00000     0.00000     0.00000     0.00000     0.00000     0.00000     0.00000     0.00000     0.00000     0.00000     0.00000     0.00000     0.00000     0.00000
   -30.71707     0.00000     0.00000     0.00000     0.00000     0.00000     0.00000     0.00000     0.00000     0.00000     0.00000     0.00000     0.00000     0.00000     0.00000     0.00000     0.00000     0.00000
   -30.69307     0.00000     0.00000     0.00000     0.00000     0.00000     0.00000     0.00000     0.00000     0.00000     0.00000     0.00000     0.00000     0.00000     0.00000     0.00000     0.00000     0.00000
   -30.66907     0.00000     0.00000     0.00000     0.00000     0.00000     0.00000     0.00000     0.00000     0.00000     0.00000     0.00000     0.00000     0.00000     0.00000     0.00000     0.00000     0.00000
   -30.64507     0.00000     0.00000     0.00000     0.00000     0.00000     0.00000     0.00000     0.00000     0.00000     0.00000     0.00000     0.00000     0.00000     0.00000     0.00000     0.00000     0.00000
   -30.62107     0.00000     0.00000     0.00000     0.00000     0.00000     0.00000     0.00000     0.00000     0.00000     0.00000     0.00000     0.00000     0.00000     0.00000     0.00000     0.00000     0.00000
   -30.59707     0.00000     0.00000     0.00000     0.00000     0.00000     0.00000     0.00000     0.00000     0.00000     0.00000     0.00000     0.00000     0.00000     0.00000     0.00000     0.00000     0.00000
   -30.57307     0.00000     0.00000     0.00000     0.00000     0.00000     0.00000     0.00000     0.00000     0.00000     0.00000     0.00000     0.00000     0.00000     0.00000     0.00000     0.00000     0.00000
   -30.54907     0.00000     0.00000     0.00000     0.00000     0.00000     0.00000     0.00000     0.00000     0.00000     0.00000     0.00000     0.00000     0.00000     0.00000     0.00000     0.00000     0.00000
   -30.52507     0.00000     0.00000     0.00000     0.00000     0.00000     0.00000     0.00000     0.00000     0.00000     0.00000     0.00000     0.00000     0.00000     0.00000     0.00000     0.00000     0.00000
   -30.50107     0.00000     0.00000     0.00000     0.00000     0.00000     0.00000     0.00000     0.00000     0.00000     0.00000     0.00000     0.00000     0.00000     0.00000     0.00000     0.00000     0.00000
   -30.47707     0.00000     0.00000     0.00000     0.00000     0.00000     0.00000     0.00000     0.00000     0.00000     0.00000     0.00000     0.00000     0.00000     0.00000     0.00000     0.00000     0.00000
   -30.45307     0.00000     0.00000     0.00000     0.00000     0.00000     0.00000     0.00000     0.00000     0.00000     0.00000     0.00000     0.00000     0.00000     0.00000     0.00000     0.00000     0.00000
   -30.42907     0.00000     0.00000     0.00000     0.00000     0.00000     0.00000     0.00000     0.00000     0.00000     0.00000     0.00000     0.00000     0.00000     0.00000     0.00000     0.00000     0.00000
   -30.40507     0.00000     0.00000     0.00000     0.00000     0.00000     0.00000     0.00000     0.00000     0.00000     0.00000     0.00000     0.00000     0.00000     0.00000     0.00000     0.00000     0.00000
   -30.38207     0.00000     0.00000     0.00000     0.00000     0.00000     0.00000     0.00000     0.00000     0.00000     0.00000     0.00000     0.00000     0.00000     0.00000     0.00000     0.00000     0.00000
   -30.35807     0.00000     0.00000     0.00000     0.00000     0.00000     0.00000     0.00000     0.00000     0.00000     0.00000     0.00000     0.00000     0.00000     0.00000     0.00000     0.00000     0.00000
   -30.33407     0.00000     0.00000     0.00000     0.00000     0.00000     0.00000     0.00000     0.00000     0.00000     0.00000     0.00000     0.00000     0.00000     0.00000     0.00000     0.00000     0.00000
   -30.31007     0.00000     0.00000     0.00000     0.00000     0.00000     0.00000     0.00000     0.00000     0.00000     0.00000     0.00000     0.00000     0.00000     0.00000     0.00000     0.00000     0.00000
   -30.28607     0.00000     0.00000     0.00000     0.00000     0.00000     0.00000     0.00000     0.00000     0.00000     0.00000     0.00000     0.00000     0.00000     0.00000     0.00000     0.00000     0.00000
   -30.26207     0.00000     0.00000     0.00000     0.00000     0.00000     0.00000     0.00000     0.00000     0.00000     0.00000     0.00000     0.00000     0.00000     0.00000     0.00000     0.00000     0.00000
   -30.23807     0.00000     0.00000     0.00000     0.00000     0.00000     0.00000     0.00000     0.00000     0.00000     0.00000     0.00000     0.00000     0.00000     0.00000     0.00000     0.00000     0.00000
   -30.21407     0.00000     0.00000     0.00000     0.00000     0.00000     0.00000     0.00000     0.00000     0.00000     0.00000     0.00000     0.00000     0.00000     0.00000     0.00000     0.00000     0.00000
   -30.19007     0.00000     0.00000     0.00000     0.00000     0.00000     0.00000     0.00000     0.00000     0.00000     0.00000     0.00000     0.00000     0.00000     0.00000     0.00000     0.00000     0.00000
   -30.16607     0.00000     0.00000     0.00000     0.00000     0.00000     0.00000     0.00000     0.00000     0.00000     0.00000     0.00000     0.00000     0.00000     0.00000     0.00000     0.00000     0.00000
   -30.14207     0.00000     0.00000     0.00000     0.00000     0.00000     0.00000     0.00000     0.00000     0.00000     0.00000     0.00000     0.00000     0.00000     0.00000     0.00000     0.00000     0.00000
   -30.11807     0.00000     0.00000     0.00000     0.00000     0.00000     0.00000     0.00000     0.00000     0.00000     0.00000     0.00000     0.00000     0.00000     0.00000     0.00000     0.00000     0.00000
   -30.09407     0.00000     0.00000     0.00000     0.00000     0.00000     0.00000     0.00000     0.00000     0.00000     0.00000     0.00000     0.00000     0.00000     0.00000     0.00000     0.00000     0.00000
   -30.07007     0.00000     0.00000     0.00000     0.00000     0.00000     0.00000     0.00000     0.00000     0.00000     0.00000     0.00000     0.00000     0.00000     0.00000     0.00000     0.00000     0.00000
   -30.04607     0.00000     0.00000     0.00000     0.00000     0.00000     0.00000     0.00000     0.00000     0.00000     0.00000     0.00000     0.00000     0.00000     0.00000     0.00000     0.00000     0.00000
   -30.02207     0.00000     0.00000     0.00000     0.00000     0.00000     0.00000     0.00000     0.00000     0.00000     0.00000     0.00000     0.00000     0.00000     0.00000     0.00000     0.00000     0.00000
   -29.99807     0.00000     0.00000     0.00000     0.00000     0.00000     0.00000     0.00000     0.00000     0.00000     0.00000     0.00000     0.00000     0.00000     0.00000     0.00000     0.00000     0.00000
   -29.97407     0.00000     0.00000     0.00000     0.00000     0.00000     0.00000     0.00000     0.00000     0.00000     0.00000     0.00000     0.00000     0.00000     0.00000     0.00000     0.00000     0.00000
   -29.95007     0.00000     0.00000     0.00000     0.00000     0.00000     0.00000     0.00000     0.00000     0.00000     0.00000     0.00000     0.00000     0.00000     0.00000     0.00000     0.00000     0.00000
   -29.92607     0.00000     0.00000     0.00000     0.00000     0.00000     0.00000     0.00000     0.00000     0.00000     0.00000     0.00000     0.00000     0.00000     0.00000     0.00000     0.00000     0.00000
   -29.90207     0.00000     0.00000     0.00000     0.00000     0.00000     0.00000     0.00000     0.00000     0.00000     0.00000     0.00000     0.00000     0.00000     0.00000     0.00000     0.00000     0.00000
   -29.87807     0.00000     0.00000     0.00000     0.00000     0.00000     0.00000     0.00000     0.00000     0.00000     0.00000     0.00000     0.00000     0.00000     0.00000     0.00000     0.00000     0.00000
   -29.85407     0.00000     0.00000     0.00000     0.00000     0.00000     0.00000     0.00000     0.00000     0.00000     0.00000     0.00000     0.00000     0.00000     0.00000     0.00000     0.00000     0.00000
   -29.83007     0.00000     0.00000     0.00000     0.00000     0.00000     0.00000     0.00000     0.00000     0.00000     0.00000     0.00000     0.00000     0.00000     0.00000     0.00000     0.00000     0.00000
   -29.80607     0.00000     0.00000     0.00000     0.00000     0.00000     0.00000     0.00000     0.00000     0.00000     0.00000     0.00000     0.00000     0.00000     0.00000     0.00000     0.00000     0.00000
   -29.78207     0.00000     0.00000     0.00000     0.00000     0.00000     0.00000     0.00000     0.00000     0.00000     0.00000     0.00000     0.00000     0.00000     0.00000     0.00000     0.00000     0.00000
   -29.75807     0.00000     0.00000     0.00000     0.00000     0.00000     0.00000     0.00000     0.00000     0.00000     0.00000     0.00000     0.00000     0.00000     0.00000     0.00000     0.00000     0.00000
   -29.73407     0.00000     0.00000     0.00000     0.00000     0.00000     0.00000     0.00000     0.00000     0.00000     0.00000     0.00000     0.00000     0.00000     0.00000     0.00000     0.00000     0.00000
   -29.71007     0.00000     0.00000     0.00000     0.00000     0.00000     0.00000     0.00000     0.00000     0.00000     0.00000     0.00000     0.00000     0.00000     0.00000     0.00000     0.00000     0.00000
   -29.68607     0.00000     0.00000     0.00000     0.00000     0.00000     0.00000     0.00000     0.00000     0.00000     0.00000     0.00000     0.00000     0.00000     0.00000     0.00000     0.00000     0.00000
   -29.66207     0.00000     0.00000     0.00000     0.00000     0.00000     0.00000     0.00000     0.00000     0.00000     0.00000     0.00000     0.00000     0.00000     0.00000     0.00000     0.00000     0.00000
   -29.63807     0.00000     0.00000     0.00000     0.00000     0.00000     0.00000     0.00000     0.00000     0.00000     0.00000     0.00000     0.00000     0.00000     0.00000     0.00000     0.00000     0.00000
   -29.61407     0.00000     0.00000     0.00000     0.00000     0.00000     0.00000     0.00000     0.00000     0.00000     0.00000     0.00000     0.00000     0.00000     0.00000     0.00000     0.00000     0.00000
   -29.59007     0.00000     0.00000     0.00000     0.00000     0.00000     0.00000     0.00000     0.00000     0.00000     0.00000     0.00000     0.00000     0.00000     0.00000     0.00000     0.00000     0.00000
   -29.56607     0.00000     0.00000     0.00000     0.00000     0.00000     0.00000     0.00000     0.00000     0.00000     0.00000     0.00000     0.00000     0.00000     0.00000     0.00000     0.00000     0.00000
   -29.54207     0.00000     0.00000     0.00000     0.00000     0.00000     0.00000     0.00000     0.00000     0.00000     0.00000     0.00000     0.00000     0.00000     0.00000     0.00000     0.00000     0.00000
   -29.51807     0.00000     0.00000     0.00000     0.00000     0.00000     0.00000     0.00000     0.00000     0.00000     0.00000     0.00000     0.00000     0.00000     0.00000     0.00000     0.00000     0.00000
   -29.49507     0.00000     0.00000     0.00000     0.00000     0.00000     0.00000     0.00000     0.00000     0.00000     0.00000     0.00000     0.00000     0.00000     0.00000     0.00000     0.00000     0.00000
   -29.47107     0.00000     0.00000     0.00000     0.00000     0.00000     0.00000     0.00000     0.00000     0.00000     0.00000     0.00000     0.00000     0.00000     0.00000     0.00000     0.00000     0.00000
   -29.44707     0.00000     0.00000     0.00000     0.00000     0.00000     0.00000     0.00000     0.00000     0.00000     0.00000     0.00000     0.00000     0.00000     0.00000     0.00000     0.00000     0.00000
   -29.42307     0.00000     0.00000     0.00000     0.00000     0.00000     0.00000     0.00000     0.00000     0.00000     0.00000     0.00000     0.00000     0.00000     0.00000     0.00000     0.00000     0.00000
   -29.39907     0.00000     0.00000     0.00000     0.00000     0.00000     0.00000     0.00000     0.00000     0.00000     0.00000     0.00000     0.00000     0.00000     0.00000     0.00000     0.00000     0.00000
   -29.37507     0.00000     0.00000     0.00000     0.00000     0.00000     0.00000     0.00000     0.00000     0.00000     0.00000     0.00000     0.00000     0.00000     0.00000     0.00000     0.00000     0.00000
   -29.35107     0.00000     0.00000     0.00000     0.00000     0.00000     0.00000     0.00000     0.00000     0.00000     0.00000     0.00000     0.00000     0.00000     0.00000     0.00000     0.00000     0.00000
   -29.32707     0.00000     0.00000     0.00000     0.00000     0.00000     0.00000     0.00000     0.00000     0.00000     0.00000     0.00000     0.00000     0.00000     0.00000     0.00000     0.00000     0.00000
   -29.30307     0.00000     0.00000     0.00000     0.00000     0.00000     0.00000     0.00000     0.00000     0.00000     0.00000     0.00000     0.00000     0.00000     0.00000     0.00000     0.00000     0.00000
   -29.27907     0.00000     0.00000     0.00000     0.00000     0.00000     0.00000     0.00000     0.00000     0.00000     0.00000     0.00000     0.00000     0.00000     0.00000     0.00000     0.00000     0.00000
   -29.25507     0.00000     0.00000     0.00000     0.00000     0.00000     0.00000     0.00000     0.00000     0.00000     0.00000     0.00000     0.00000     0.00000     0.00000     0.00000     0.00000     0.00000
   -29.23107     0.00000     0.00000     0.00000     0.00000     0.00000     0.00000     0.00000     0.00000     0.00000     0.00000     0.00000     0.00000     0.00000     0.00000     0.00000     0.00000     0.00000
   -29.20707     0.00000     0.00000     0.00000     0.00000     0.00000     0.00000     0.00000     0.00000     0.00000     0.00000     0.00000     0.00000     0.00000     0.00000     0.00000     0.00000     0.00000
   -29.18307     0.00000     0.00000     0.00000     0.00000     0.00000     0.00000     0.00000     0.00000     0.00000     0.00000     0.00000     0.00000     0.00000     0.00000     0.00000     0.00000     0.00000
   -29.15907     0.00000     0.00000     0.00000     0.00000     0.00000     0.00000     0.00000     0.00000     0.00000     0.00000     0.00000     0.00000     0.00000     0.00000     0.00000     0.00000     0.00000
   -29.13507     0.00000     0.00000     0.00000     0.00000     0.00000     0.00000     0.00000     0.00000     0.00000     0.00000     0.00000     0.00000     0.00000     0.00000     0.00000     0.00000     0.00000
   -29.11107     0.00000     0.00000     0.00000     0.00000     0.00000     0.00000     0.00000     0.00000     0.00000     0.00000     0.00000     0.00000     0.00000     0.00000     0.00000     0.00000     0.00000
   -29.08707     0.00000     0.00000     0.00000     0.00000     0.00000     0.00000     0.00000     0.00000     0.00000     0.00000     0.00000     0.00000     0.00000     0.00000     0.00000     0.00000     0.00000
   -29.06307     0.00000     0.00000     0.00000     0.00000     0.00000     0.00000     0.00000     0.00000     0.00000     0.00000     0.00000     0.00000     0.00000     0.00000     0.00000     0.00000     0.00000
   -29.03907     0.00000     0.00000     0.00000     0.00000     0.00000     0.00000     0.00000     0.00000     0.00000     0.00000     0.00000     0.00000     0.00000     0.00000     0.00000     0.00000     0.00000
   -29.01507     0.00000     0.00000     0.00000     0.00000     0.00000     0.00000     0.00000     0.00000     0.00000     0.00000     0.00000     0.00000     0.00000     0.00000     0.00000     0.00000     0.00000
   -28.99107     0.00000     0.00000     0.00000     0.00000     0.00000     0.00000     0.00000     0.00000     0.00000     0.00000     0.00000     0.00000     0.00000     0.00000     0.00000     0.00000     0.00000
   -28.96707     0.00000     0.00000     0.00000     0.00000     0.00000     0.00000     0.00000     0.00000     0.00000     0.00000     0.00000     0.00000     0.00000     0.00000     0.00000     0.00000     0.00000
   -28.94307     0.00000     0.00000     0.00000     0.00000     0.00000     0.00000     0.00000     0.00000     0.00000     0.00000     0.00000     0.00000     0.00000     0.00000     0.00000     0.00000     0.00000
   -28.91907     0.00000     0.00000     0.00000     0.00000     0.00000     0.00000     0.00000     0.00000     0.00000     0.00000     0.00000     0.00000     0.00000     0.00000     0.00000     0.00000     0.00000
   -28.89507     0.00000     0.00000     0.00000     0.00000     0.00000     0.00000     0.00000     0.00000     0.00000     0.00000     0.00000     0.00000     0.00000     0.00000     0.00000     0.00000     0.00000
   -28.87107     0.00000     0.00000     0.00000     0.00000     0.00000     0.00000     0.00000     0.00000     0.00000     0.00000     0.00000     0.00000     0.00000     0.00000     0.00000     0.00000     0.00000
   -28.84707     0.00000     0.00000     0.00000     0.00000     0.00000     0.00000     0.00000     0.00000     0.00000     0.00000     0.00000     0.00000     0.00000     0.00000     0.00000     0.00000     0.00000
   -28.82307     0.00000     0.00000     0.00000     0.00000     0.00000     0.00000     0.00000     0.00000     0.00000     0.00000     0.00000     0.00000     0.00000     0.00000     0.00000     0.00000     0.00000
   -28.79907     0.00000     0.00000     0.00000     0.00000     0.00000     0.00000     0.00000     0.00000     0.00000     0.00000     0.00000     0.00000     0.00000     0.00000     0.00000     0.00000     0.00000
   -28.77507     0.00000     0.00000     0.00000     0.00000     0.00000     0.00000     0.00000     0.00000     0.00000     0.00000     0.00000     0.00000     0.00000     0.00000     0.00000     0.00000     0.00000
   -28.75107     0.00000     0.00000     0.00000     0.00000     0.00000     0.00000     0.00000     0.00000     0.00000     0.00000     0.00000     0.00000     0.00000     0.00000     0.00000     0.00000     0.00000
   -28.72707     0.00000     0.00000     0.00000     0.00000     0.00000     0.00000     0.00000     0.00000     0.00000     0.00000     0.00000     0.00000     0.00000     0.00000     0.00000     0.00000     0.00000
   -28.70307     0.00000     0.00000     0.00000     0.00000     0.00000     0.00000     0.00000     0.00000     0.00000     0.00000     0.00000     0.00000     0.00000     0.00000     0.00000     0.00000     0.00000
   -28.67907     0.00000     0.00000     0.00000     0.00000     0.00000     0.00000     0.00000     0.00000     0.00000     0.00000     0.00000     0.00000     0.00000     0.00000     0.00000     0.00000     0.00000
   -28.65507     0.00000     0.00000     0.00000     0.00000     0.00000     0.00000     0.00000     0.00000     0.00000     0.00000     0.00000     0.00000     0.00000     0.00000     0.00000     0.00000     0.00000
   -28.63107     0.00000     0.00000     0.00000     0.00000     0.00000     0.00000     0.00000     0.00000     0.00000     0.00000     0.00000     0.00000     0.00000     0.00000     0.00000     0.00000     0.00000
   -28.60807     0.00000     0.00000     0.00000     0.00000     0.00000     0.00000     0.00000     0.00000     0.00000     0.00000     0.00000     0.00000     0.00000     0.00000     0.00000     0.00000     0.00000
   -28.58407     0.00000     0.00000     0.00000     0.00000     0.00000     0.00000     0.00000     0.00000     0.00000     0.00000     0.00000     0.00000     0.00000     0.00000     0.00000     0.00000     0.00000
   -28.56007     0.00000     0.00000     0.00000     0.00000     0.00000     0.00000     0.00000     0.00000     0.00000     0.00000     0.00000     0.00000     0.00000     0.00000     0.00000     0.00000     0.00000
   -28.53607     0.00000     0.00000     0.00000     0.00000     0.00000     0.00000     0.00000     0.00000     0.00000     0.00000     0.00000     0.00000     0.00000     0.00000     0.00000     0.00000     0.00000
   -28.51207     0.00000     0.00000     0.00000     0.00000     0.00000     0.00000     0.00000     0.00000     0.00000     0.00000     0.00000     0.00000     0.00000     0.00000     0.00000     0.00000     0.00000
   -28.48807     0.00000     0.00000     0.00000     0.00000     0.00000     0.00000     0.00000     0.00000     0.00000     0.00000     0.00000     0.00000     0.00000     0.00000     0.00000     0.00000     0.00000
   -28.46407     0.00000     0.00000     0.00000     0.00000     0.00000     0.00000     0.00000     0.00000     0.00000     0.00000     0.00000     0.00000     0.00000     0.00000     0.00000     0.00000     0.00000
   -28.44007     0.00000     0.00000     0.00000     0.00000     0.00000     0.00000     0.00000     0.00000     0.00000     0.00000     0.00000     0.00000     0.00000     0.00000     0.00000     0.00000     0.00000
   -28.41607     0.00000     0.00000     0.00000     0.00000     0.00000     0.00000     0.00000     0.00000     0.00000     0.00000     0.00000     0.00000     0.00000     0.00000     0.00000     0.00000     0.00000
   -28.39207     0.00000     0.00000     0.00000     0.00000     0.00000     0.00000     0.00000     0.00000     0.00000     0.00000     0.00000     0.00000     0.00000     0.00000     0.00000     0.00000     0.00000
   -28.36807     0.00000     0.00000     0.00000     0.00000     0.00000     0.00000     0.00000     0.00000     0.00000     0.00000     0.00000     0.00000     0.00000     0.00000     0.00000     0.00000     0.00000
   -28.34407     0.00000     0.00000     0.00000     0.00000     0.00000     0.00000     0.00000     0.00000     0.00000     0.00000     0.00000     0.00000     0.00000     0.00000     0.00000     0.00000     0.00000
   -28.32007     0.00000     0.00000     0.00000     0.00000     0.00000     0.00000     0.00000     0.00000     0.00000     0.00000     0.00000     0.00000     0.00000     0.00000     0.00000     0.00000     0.00000
   -28.29607     0.00000     0.00000     0.00000     0.00000     0.00000     0.00000     0.00000     0.00000     0.00000     0.00000     0.00000     0.00000     0.00000     0.00000     0.00000     0.00000     0.00000
   -28.27207     0.00000     0.00000     0.00000     0.00000     0.00000     0.00000     0.00000     0.00000     0.00000     0.00000     0.00000     0.00000     0.00000     0.00000     0.00000     0.00000     0.00000
   -28.24807     0.00000     0.00000     0.00000     0.00000     0.00000     0.00000     0.00000     0.00000     0.00000     0.00000     0.00000     0.00000     0.00000     0.00000     0.00000     0.00000     0.00000
   -28.22407     0.00000     0.00000     0.00000     0.00000     0.00000     0.00000     0.00000     0.00000     0.00000     0.00000     0.00000     0.00000     0.00000     0.00000     0.00000     0.00000     0.00000
   -28.20007     0.00000     0.00000     0.00000     0.00000     0.00000     0.00000     0.00000     0.00000     0.00000     0.00000     0.00000     0.00000     0.00000     0.00000     0.00000     0.00000     0.00000
   -28.17607     0.00000     0.00000     0.00000     0.00000     0.00000     0.00000     0.00000     0.00000     0.00000     0.00000     0.00000     0.00000     0.00000     0.00000     0.00000     0.00000     0.00000
   -28.15207     0.00000     0.00000     0.00000     0.00000     0.00000     0.00000     0.00000     0.00000     0.00000     0.00000     0.00000     0.00000     0.00000     0.00000     0.00000     0.00000     0.00000
   -28.12807     0.00000     0.00000     0.00000     0.00000     0.00000     0.00000     0.00000     0.00000     0.00000     0.00000     0.00000     0.00000     0.00000     0.00000     0.00000     0.00000     0.00000
   -28.10407     0.00000     0.00000     0.00000     0.00000     0.00000     0.00000     0.00000     0.00000     0.00000     0.00000     0.00000     0.00000     0.00000     0.00000     0.00000     0.00000     0.00000
   -28.08007     0.00000     0.00000     0.00000     0.00000     0.00000     0.00000     0.00000     0.00000     0.00000     0.00000     0.00000     0.00000     0.00000     0.00000     0.00000     0.00000     0.00000
   -28.05607     0.00000     0.00000     0.00000     0.00000     0.00000     0.00000     0.00000     0.00000     0.00000     0.00000     0.00000     0.00000     0.00000     0.00000     0.00000     0.00000     0.00000
   -28.03207     0.00000     0.00000     0.00000     0.00000     0.00000     0.00000     0.00000     0.00000     0.00000     0.00000     0.00000     0.00000     0.00000     0.00000     0.00000     0.00000     0.00000
   -28.00807     0.00000     0.00000     0.00000     0.00000     0.00000     0.00000     0.00000     0.00000     0.00000     0.00000     0.00000     0.00000     0.00000     0.00000     0.00000     0.00000     0.00000
   -27.98407     0.00000     0.00000     0.00000     0.00000     0.00000     0.00000     0.00000     0.00000     0.00000     0.00000     0.00000     0.00000     0.00000     0.00000     0.00000     0.00000     0.00000
   -27.96007     0.00000     0.00000     0.00000     0.00000     0.00000     0.00000     0.00000     0.00000     0.00000     0.00000     0.00000     0.00000     0.00000     0.00000     0.00000     0.00000     0.00000
   -27.93607     0.00000     0.00000     0.00000     0.00000     0.00000     0.00000     0.00000     0.00000     0.00000     0.00000     0.00000     0.00000     0.00000     0.00000     0.00000     0.00000     0.00000
   -27.91207     0.00000     0.00000     0.00000     0.00000     0.00000     0.00000     0.00000     0.00000     0.00000     0.00000     0.00000     0.00000     0.00000     0.00000     0.00000     0.00000     0.00000
   -27.88807     0.00000     0.00000     0.00000     0.00000     0.00000     0.00000     0.00000     0.00000     0.00000     0.00000     0.00000     0.00000     0.00000     0.00000     0.00000     0.00000     0.00000
   -27.86407     0.00000     0.00000     0.00000     0.00000     0.00000     0.00000     0.00000     0.00000     0.00000     0.00000     0.00000     0.00000     0.00000     0.00000     0.00000     0.00000     0.00000
   -27.84007     0.00000     0.00000     0.00000     0.00000     0.00000     0.00000     0.00000     0.00000     0.00000     0.00000     0.00000     0.00000     0.00000     0.00000     0.00000     0.00000     0.00000
   -27.81607     0.00000     0.00000     0.00000     0.00000     0.00000     0.00000     0.00000     0.00000     0.00000     0.00000     0.00000     0.00000     0.00000     0.00000     0.00000     0.00000     0.00000
   -27.79207     0.00000     0.00000     0.00000     0.00000     0.00000     0.00000     0.00000     0.00000     0.00000     0.00000     0.00000     0.00000     0.00000     0.00000     0.00000     0.00000     0.00000
   -27.76807     0.00000     0.00000     0.00000     0.00000     0.00000     0.00000     0.00000     0.00000     0.00000     0.00000     0.00000     0.00000     0.00000     0.00000     0.00000     0.00000     0.00000
   -27.74407     0.00000     0.00000     0.00000     0.00000     0.00000     0.00000     0.00000     0.00000     0.00000     0.00000     0.00000     0.00000     0.00000     0.00000     0.00000     0.00000     0.00000
   -27.72007     0.00000     0.00000     0.00000     0.00000     0.00000     0.00000     0.00000     0.00000     0.00000     0.00000     0.00000     0.00000     0.00000     0.00000     0.00000     0.00000     0.00000
   -27.69707     0.00000     0.00000     0.00000     0.00000     0.00000     0.00000     0.00000     0.00000     0.00000     0.00000     0.00000     0.00000     0.00000     0.00000     0.00000     0.00000     0.00000
   -27.67307     0.00000     0.00000     0.00000     0.00000     0.00000     0.00000     0.00000     0.00000     0.00000     0.00000     0.00000     0.00000     0.00000     0.00000     0.00000     0.00000     0.00000
   -27.64907     0.00000     0.00000     0.00000     0.00000     0.00000     0.00000     0.00000     0.00000     0.00000     0.00000     0.00000     0.00000     0.00000     0.00000     0.00000     0.00000     0.00000
   -27.62507     0.00000     0.00000     0.00000     0.00000     0.00000     0.00000     0.00000     0.00000     0.00000     0.00000     0.00000     0.00000     0.00000     0.00000     0.00000     0.00000     0.00000
   -27.60107     0.00000     0.00000     0.00000     0.00000     0.00000     0.00000     0.00000     0.00000     0.00000     0.00000     0.00000     0.00000     0.00000     0.00000     0.00000     0.00000     0.00000
   -27.57707     0.00000     0.00000     0.00000     0.00000     0.00000     0.00000     0.00000     0.00000     0.00000     0.00000     0.00000     0.00000     0.00000     0.00000     0.00000     0.00000     0.00000
   -27.55307     0.00000     0.00000     0.00000     0.00000     0.00000     0.00000     0.00000     0.00000     0.00000     0.00000     0.00000     0.00000     0.00000     0.00000     0.00000     0.00000     0.00000
   -27.52907     0.00000     0.00000     0.00000     0.00000     0.00000     0.00000     0.00000     0.00000     0.00000     0.00000     0.00000     0.00000     0.00000     0.00000     0.00000     0.00000     0.00000
   -27.50507     0.00000     0.00000     0.00000     0.00000     0.00000     0.00000     0.00000     0.00000     0.00000     0.00000     0.00000     0.00000     0.00000     0.00000     0.00000     0.00000     0.00000
   -27.48107     0.00000     0.00000     0.00000     0.00000     0.00000     0.00000     0.00000     0.00000     0.00000     0.00000     0.00000     0.00000     0.00000     0.00000     0.00000     0.00000     0.00000
   -27.45707     0.00000     0.00000     0.00000     0.00000     0.00000     0.00000     0.00000     0.00000     0.00000     0.00000     0.00000     0.00000     0.00000     0.00000     0.00000     0.00000     0.00000
   -27.43307     0.00000     0.00000     0.00000     0.00000     0.00000     0.00000     0.00000     0.00000     0.00000     0.00000     0.00000     0.00000     0.00000     0.00000     0.00000     0.00000     0.00000
   -27.40907     0.00000     0.00000     0.00000     0.00000     0.00000     0.00000     0.00000     0.00000     0.00000     0.00000     0.00000     0.00000     0.00000     0.00000     0.00000     0.00000     0.00000
   -27.38507     0.00000     0.00000     0.00000     0.00000     0.00000     0.00000     0.00000     0.00000     0.00000     0.00000     0.00000     0.00000     0.00000     0.00000     0.00000     0.00000     0.00000
   -27.36107     0.00000     0.00000     0.00000     0.00000     0.00000     0.00000     0.00000     0.00000     0.00000     0.00000     0.00000     0.00000     0.00000     0.00000     0.00000     0.00000     0.00000
   -27.33707     0.00000     0.00000     0.00000     0.00000     0.00000     0.00000     0.00000     0.00000     0.00000     0.00000     0.00000     0.00000     0.00000     0.00000     0.00000     0.00000     0.00000
   -27.31307     0.00000     0.00000     0.00000     0.00000     0.00000     0.00000     0.00000     0.00000     0.00000     0.00000     0.00000     0.00000     0.00000     0.00000     0.00000     0.00000     0.00000
   -27.28907     0.00000     0.00000     0.00000     0.00000     0.00000     0.00000     0.00000     0.00000     0.00000     0.00000     0.00000     0.00000     0.00000     0.00000     0.00000     0.00000     0.00000
   -27.26507     0.00000     0.00000     0.00000     0.00000     0.00000     0.00000     0.00000     0.00000     0.00000     0.00000     0.00000     0.00000     0.00000     0.00000     0.00000     0.00000     0.00000
   -27.24107     0.00000     0.00000     0.00000     0.00000     0.00000     0.00000     0.00000     0.00000     0.00000     0.00000     0.00000     0.00000     0.00000     0.00000     0.00000     0.00000     0.00000
   -27.21707     0.00000     0.00000     0.00000     0.00000     0.00000     0.00000     0.00000     0.00000     0.00000     0.00000     0.00000     0.00000     0.00000     0.00000     0.00000     0.00000     0.00000
   -27.19307     0.00000     0.00000     0.00000     0.00000     0.00000     0.00000     0.00000     0.00000     0.00000     0.00000     0.00000     0.00000     0.00000     0.00000     0.00000     0.00000     0.00000
   -27.16907     0.00000     0.00000     0.00000     0.00000     0.00000     0.00000     0.00000     0.00000     0.00000     0.00000     0.00000     0.00000     0.00000     0.00000     0.00000     0.00000     0.00000
   -27.14507     0.00000     0.00000     0.00000     0.00000     0.00000     0.00000     0.00000     0.00000     0.00000     0.00000     0.00000     0.00000     0.00000     0.00000     0.00000     0.00000     0.00000
   -27.12107     0.00000     0.00000     0.00000     0.00000     0.00000     0.00000     0.00000     0.00000     0.00000     0.00000     0.00000     0.00000     0.00000     0.00000     0.00000     0.00000     0.00000
   -27.09707     0.00000     0.00000     0.00000     0.00000     0.00000     0.00000     0.00000     0.00000     0.00000     0.00000     0.00000     0.00000     0.00000     0.00000     0.00000     0.00000     0.00000
   -27.07307     0.00000     0.00000     0.00000     0.00000     0.00000     0.00000     0.00000     0.00000     0.00000     0.00000     0.00000     0.00000     0.00000     0.00000     0.00000     0.00000     0.00000
   -27.04907     0.00000     0.00000     0.00000     0.00000     0.00000     0.00000     0.00000     0.00000     0.00000     0.00000     0.00000     0.00000     0.00000     0.00000     0.00000     0.00000     0.00000
   -27.02507     0.00000     0.00000     0.00000     0.00000     0.00000     0.00000     0.00000     0.00000     0.00000     0.00000     0.00000     0.00000     0.00000     0.00000     0.00000     0.00000     0.00000
   -27.00107     0.00000     0.00000     0.00000     0.00000     0.00000     0.00000     0.00000     0.00000     0.00000     0.00000     0.00000     0.00000     0.00000     0.00000     0.00000     0.00000     0.00000
   -26.97707     0.00000     0.00000     0.00000     0.00000     0.00000     0.00000     0.00000     0.00000     0.00000     0.00000     0.00000     0.00000     0.00000     0.00000     0.00000     0.00000     0.00000
   -26.95307     0.00000     0.00000     0.00000     0.00000     0.00000     0.00000     0.00000     0.00000     0.00000     0.00000     0.00000     0.00000     0.00000     0.00000     0.00000     0.00000     0.00000
   -26.92907     0.00000     0.00000     0.00000     0.00000     0.00000     0.00000     0.00000     0.00000     0.00000     0.00000     0.00000     0.00000     0.00000     0.00000     0.00000     0.00000     0.00000
   -26.90507     0.00000     0.00000     0.00000     0.00000     0.00000     0.00000     0.00000     0.00000     0.00000     0.00000     0.00000     0.00000     0.00000     0.00000     0.00000     0.00000     0.00000
   -26.88107     0.00000     0.00000     0.00000     0.00000     0.00000     0.00000     0.00000     0.00000     0.00000     0.00000     0.00000     0.00000     0.00000     0.00000     0.00000     0.00000     0.00000
   -26.85707     0.00000     0.00000     0.00000     0.00000     0.00000     0.00000     0.00000     0.00000     0.00000     0.00000     0.00000     0.00000     0.00000     0.00000     0.00000     0.00000     0.00000
   -26.83307     0.00000     0.00000     0.00000     0.00000     0.00000     0.00000     0.00000     0.00000     0.00000     0.00000     0.00000     0.00000     0.00000     0.00000     0.00000     0.00000     0.00000
   -26.81007     0.00000     0.00000     0.00000     0.00000     0.00000     0.00000     0.00000     0.00000     0.00000     0.00000     0.00000     0.00000     0.00000     0.00000     0.00000     0.00000     0.00000
   -26.78607     0.00000     0.00000     0.00000     0.00000     0.00000     0.00000     0.00000     0.00000     0.00000     0.00000     0.00000     0.00000     0.00000     0.00000     0.00000     0.00000     0.00000
   -26.76207     0.00000     0.00000     0.00000     0.00000     0.00000     0.00000     0.00000     0.00000     0.00000     0.00000     0.00000     0.00000     0.00000     0.00000     0.00000     0.00000     0.00000
   -26.73807     0.00000     0.00000     0.00000     0.00000     0.00000     0.00000     0.00000     0.00000     0.00000     0.00000     0.00000     0.00000     0.00000     0.00000     0.00000     0.00000     0.00000
   -26.71407     0.00000     0.00000     0.00000     0.00000     0.00000     0.00000     0.00000     0.00000     0.00000     0.00000     0.00000     0.00000     0.00000     0.00000     0.00000     0.00000     0.00000
   -26.69007     0.00000     0.00000     0.00000     0.00000     0.00000     0.00000     0.00000     0.00000     0.00000     0.00000     0.00000     0.00000     0.00000     0.00000     0.00000     0.00000     0.00000
   -26.66607     0.00000     0.00000     0.00000     0.00000     0.00000     0.00000     0.00000     0.00000     0.00000     0.00000     0.00000     0.00000     0.00000     0.00000     0.00000     0.00000     0.00000
   -26.64207     0.00000     0.00000     0.00000     0.00000     0.00000     0.00000     0.00000     0.00000     0.00000     0.00000     0.00000     0.00000     0.00000     0.00000     0.00000     0.00000     0.00000
   -26.61807     0.00000     0.00000     0.00000     0.00000     0.00000     0.00000     0.00000     0.00000     0.00000     0.00000     0.00000     0.00000     0.00000     0.00000     0.00000     0.00000     0.00000
   -26.59407     0.00000     0.00000     0.00000     0.00000     0.00000     0.00000     0.00000     0.00000     0.00000     0.00000     0.00000     0.00000     0.00000     0.00000     0.00000     0.00000     0.00000
   -26.57007     0.00000     0.00000     0.00000     0.00000     0.00000     0.00000     0.00000     0.00000     0.00000     0.00000     0.00000     0.00000     0.00000     0.00000     0.00000     0.00000     0.00000
   -26.54607     0.00000     0.00000     0.00000     0.00000     0.00000     0.00000     0.00000     0.00000     0.00000     0.00000     0.00000     0.00000     0.00000     0.00000     0.00000     0.00000     0.00000
   -26.52207     0.00000     0.00000     0.00000     0.00000     0.00000     0.00000     0.00000     0.00000     0.00000     0.00000     0.00000     0.00000     0.00000     0.00000     0.00000     0.00000     0.00000
   -26.49807     0.00000     0.00000     0.00000     0.00000     0.00000     0.00000     0.00000     0.00000     0.00000     0.00000     0.00000     0.00000     0.00000     0.00000     0.00000     0.00000     0.00000
   -26.47407     0.00000     0.00000     0.00000     0.00000     0.00000     0.00000     0.00000     0.00000     0.00000     0.00000     0.00000     0.00000     0.00000     0.00000     0.00000     0.00000     0.00000
   -26.45007     0.00000     0.00000     0.00000     0.00000     0.00000     0.00000     0.00000     0.00000     0.00000     0.00000     0.00000     0.00000     0.00000     0.00000     0.00000     0.00000     0.00000
   -26.42607     0.00000     0.00000     0.00000     0.00000     0.00000     0.00000     0.00000     0.00000     0.00000     0.00000     0.00000     0.00000     0.00000     0.00000     0.00000     0.00000     0.00000
   -26.40207     0.00000     0.00000     0.00000     0.00000     0.00000     0.00000     0.00000     0.00000     0.00000     0.00000     0.00000     0.00000     0.00000     0.00000     0.00000     0.00000     0.00000
   -26.37807     0.00000     0.00000     0.00000     0.00000     0.00000     0.00000     0.00000     0.00000     0.00000     0.00000     0.00000     0.00000     0.00000     0.00000     0.00000     0.00000     0.00000
   -26.35407     0.00000     0.00000     0.00000     0.00000     0.00000     0.00000     0.00000     0.00000     0.00000     0.00000     0.00000     0.00000     0.00000     0.00000     0.00000     0.00000     0.00000
   -26.33007     0.00000     0.00000     0.00000     0.00000     0.00000     0.00000     0.00000     0.00000     0.00000     0.00000     0.00000     0.00000     0.00000     0.00000     0.00000     0.00000     0.00000
   -26.30607     0.00000     0.00000     0.00000     0.00000     0.00000     0.00000     0.00000     0.00000     0.00000     0.00000     0.00000     0.00000     0.00000     0.00000     0.00000     0.00000     0.00000
   -26.28207     0.00000     0.00000     0.00000     0.00000     0.00000     0.00000     0.00000     0.00000     0.00000     0.00000     0.00000     0.00000     0.00000     0.00000     0.00000     0.00000     0.00000
   -26.25807     0.00000     0.00000     0.00000     0.00000     0.00000     0.00000     0.00000     0.00000     0.00000     0.00000     0.00000     0.00000     0.00000     0.00000     0.00000     0.00000     0.00000
   -26.23407     0.00000     0.00000     0.00000     0.00000     0.00000     0.00000     0.00000     0.00000     0.00000     0.00000     0.00000     0.00000     0.00000     0.00000     0.00000     0.00000     0.00000
   -26.21007     0.00000     0.00000     0.00000     0.00000     0.00000     0.00000     0.00000     0.00000     0.00000     0.00000     0.00000     0.00000     0.00000     0.00000     0.00000     0.00000     0.00000
   -26.18607     0.00000     0.00000     0.00000     0.00000     0.00000     0.00000     0.00000     0.00000     0.00000     0.00000     0.00000     0.00000     0.00000     0.00000     0.00000     0.00000     0.00000
   -26.16207     0.00000     0.00000     0.00000     0.00000     0.00000     0.00000     0.00000     0.00000     0.00000     0.00000     0.00000     0.00000     0.00000     0.00000     0.00000     0.00000     0.00000
   -26.13807     0.00000     0.00000     0.00000     0.00000     0.00000     0.00000     0.00000     0.00000     0.00000     0.00000     0.00000     0.00000     0.00000     0.00000     0.00000     0.00000     0.00000
   -26.11407     0.00000     0.00000     0.00000     0.00000     0.00000     0.00000     0.00000     0.00000     0.00000     0.00000     0.00000     0.00000     0.00000     0.00000     0.00000     0.00000     0.00000
   -26.09007     0.00000     0.00000     0.00000     0.00000     0.00000     0.00000     0.00000     0.00000     0.00000     0.00000     0.00000     0.00000     0.00000     0.00000     0.00000     0.00000     0.00000
   -26.06607     0.00000     0.00000     0.00000     0.00000     0.00000     0.00000     0.00000     0.00000     0.00000     0.00000     0.00000     0.00000     0.00000     0.00000     0.00000     0.00000     0.00000
   -26.04207     0.00000     0.00000     0.00000     0.00000     0.00000     0.00000     0.00000     0.00000     0.00000     0.00000     0.00000     0.00000     0.00000     0.00000     0.00000     0.00000     0.00000
   -26.01807     0.00000     0.00000     0.00000     0.00000     0.00000     0.00000     0.00000     0.00000     0.00000     0.00000     0.00000     0.00000     0.00000     0.00000     0.00000     0.00000     0.00000
   -25.99407     0.00000     0.00000     0.00000     0.00000     0.00000     0.00000     0.00000     0.00000     0.00000     0.00000     0.00000     0.00000     0.00000     0.00000     0.00000     0.00000     0.00000
   -25.97007     0.00000     0.00000     0.00000     0.00000     0.00000     0.00000     0.00000     0.00000     0.00000     0.00000     0.00000     0.00000     0.00000     0.00000     0.00000     0.00000     0.00000
   -25.94607     0.00000     0.00000     0.00000     0.00000     0.00000     0.00000     0.00000     0.00000     0.00000     0.00000     0.00000     0.00000     0.00000     0.00000     0.00000     0.00000     0.00000
   -25.92207     0.00000     0.00000     0.00000     0.00000     0.00000     0.00000     0.00000     0.00000     0.00000     0.00000     0.00000     0.00000     0.00000     0.00000     0.00000     0.00000     0.00000
   -25.89907     0.00000     0.00000     0.00000     0.00000     0.00000     0.00000     0.00000     0.00000     0.00000     0.00000     0.00000     0.00000     0.00000     0.00000     0.00000     0.00000     0.00000
   -25.87507     0.00000     0.00000     0.00000     0.00000     0.00000     0.00000     0.00000     0.00000     0.00000     0.00000     0.00000     0.00000     0.00000     0.00000     0.00000     0.00000     0.00000
   -25.85107     0.00000     0.00000     0.00000     0.00000     0.00000     0.00000     0.00000     0.00000     0.00000     0.00000     0.00000     0.00000     0.00000     0.00000     0.00000     0.00000     0.00000
   -25.82707     0.00000     0.00000     0.00000     0.00000     0.00000     0.00000     0.00000     0.00000     0.00000     0.00000     0.00000     0.00000     0.00000     0.00000     0.00000     0.00000     0.00000
   -25.80307     0.00000     0.00000     0.00000     0.00000     0.00000     0.00000     0.00000     0.00000     0.00000     0.00000     0.00000     0.00000     0.00000     0.00000     0.00000     0.00000     0.00000
   -25.77907     0.00000     0.00000     0.00000     0.00000     0.00000     0.00000     0.00000     0.00000     0.00000     0.00000     0.00000     0.00000     0.00000     0.00000     0.00000     0.00000     0.00000
   -25.75507     0.00000     0.00000     0.00000     0.00000     0.00000     0.00000     0.00000     0.00000     0.00000     0.00000     0.00000     0.00000     0.00000     0.00000     0.00000     0.00000     0.00000
   -25.73107     0.00000     0.00000     0.00000     0.00000     0.00000     0.00000     0.00000     0.00000     0.00000     0.00000     0.00000     0.00000     0.00000     0.00000     0.00000     0.00000     0.00000
   -25.70707     0.00000     0.00000     0.00000     0.00000     0.00000     0.00000     0.00000     0.00000     0.00000     0.00000     0.00000     0.00000     0.00000     0.00000     0.00000     0.00000     0.00000
   -25.68307     0.00000     0.00000     0.00000     0.00000     0.00000     0.00000     0.00000     0.00000     0.00000     0.00000     0.00000     0.00000     0.00000     0.00000     0.00000     0.00000     0.00000
   -25.65907     0.00000     0.00000     0.00000     0.00000     0.00000     0.00000     0.00000     0.00000     0.00000     0.00000     0.00000     0.00000     0.00000     0.00000     0.00000     0.00000     0.00000
   -25.63507     0.00000     0.00000     0.00000     0.00000     0.00000     0.00000     0.00000     0.00000     0.00000     0.00000     0.00000     0.00000     0.00000     0.00000     0.00000     0.00000     0.00000
   -25.61107     0.00000     0.00000     0.00000     0.00000     0.00000     0.00000     0.00000     0.00000     0.00000     0.00000     0.00000     0.00000     0.00000     0.00000     0.00000     0.00000     0.00000
   -25.58707     0.00000     0.00000     0.00000     0.00000     0.00000     0.00000     0.00000     0.00000     0.00000     0.00000     0.00000     0.00000     0.00000     0.00000     0.00000     0.00000     0.00000
   -25.56307     0.00000     0.00000     0.00000     0.00000     0.00000     0.00000     0.00000     0.00000     0.00000     0.00000     0.00000     0.00000     0.00000     0.00000     0.00000     0.00000     0.00000
   -25.53907     0.00000     0.00000     0.00000     0.00000     0.00000     0.00000     0.00000     0.00000     0.00000     0.00000     0.00000     0.00000     0.00000     0.00000     0.00000     0.00000     0.00000
   -25.51507     0.00000     0.00000     0.00000     0.00000     0.00000     0.00000     0.00000     0.00000     0.00000     0.00000     0.00000     0.00000     0.00000     0.00000     0.00000     0.00000     0.00000
   -25.49107     0.00000     0.00000     0.00000     0.00000     0.00000     0.00000     0.00000     0.00000     0.00000     0.00000     0.00000     0.00000     0.00000     0.00000     0.00000     0.00000     0.00000
   -25.46707     0.00000     0.00000     0.00000     0.00000     0.00000     0.00000     0.00000     0.00000     0.00000     0.00000     0.00000     0.00000     0.00000     0.00000     0.00000     0.00000     0.00000
   -25.44307     0.00000     0.00000     0.00000     0.00000     0.00000     0.00000     0.00000     0.00000     0.00000     0.00000     0.00000     0.00000     0.00000     0.00000     0.00000     0.00000     0.00000
   -25.41907     0.00000     0.00000     0.00000     0.00000     0.00000     0.00000     0.00000     0.00000     0.00000     0.00000     0.00000     0.00000     0.00000     0.00000     0.00000     0.00000     0.00000
   -25.39507     0.00000     0.00000     0.00000     0.00000     0.00000     0.00000     0.00000     0.00000     0.00000     0.00000     0.00000     0.00000     0.00000     0.00000     0.00000     0.00000     0.00000
   -25.37107     0.00000     0.00000     0.00000     0.00000     0.00000     0.00000     0.00000     0.00000     0.00000     0.00000     0.00000     0.00000     0.00000     0.00000     0.00000     0.00000     0.00000
   -25.34707     0.00000     0.00000     0.00000     0.00000     0.00000     0.00000     0.00000     0.00000     0.00000     0.00000     0.00000     0.00000     0.00000     0.00000     0.00000     0.00000     0.00000
   -25.32307     0.00000     0.00000     0.00000     0.00000     0.00000     0.00000     0.00000     0.00000     0.00000     0.00000     0.00000     0.00000     0.00000     0.00000     0.00000     0.00000     0.00000
   -25.29907     0.00000     0.00000     0.00000     0.00000     0.00000     0.00000     0.00000     0.00000     0.00000     0.00000     0.00000     0.00000     0.00000     0.00000     0.00000     0.00000     0.00000
   -25.27507     0.00000     0.00000     0.00000     0.00000     0.00000     0.00000     0.00000     0.00000     0.00000     0.00000     0.00000     0.00000     0.00000     0.00000     0.00000     0.00000     0.00000
   -25.25107     0.00000     0.00000     0.00000     0.00000     0.00000     0.00000     0.00000     0.00000     0.00000     0.00000     0.00000     0.00000     0.00000     0.00000     0.00000     0.00000     0.00000
   -25.22707     0.00000     0.00000     0.00000     0.00000     0.00000     0.00000     0.00000     0.00000     0.00000     0.00000     0.00000     0.00000     0.00000     0.00000     0.00000     0.00000     0.00000
   -25.20307     0.00000     0.00000     0.00000     0.00000     0.00000     0.00000     0.00000     0.00000     0.00000     0.00000     0.00000     0.00000     0.00000     0.00000     0.00000     0.00000     0.00000
   -25.17907     0.00000     0.00000     0.00000     0.00000     0.00000     0.00000     0.00000     0.00000     0.00000     0.00000     0.00000     0.00000     0.00000     0.00000     0.00000     0.00000     0.00000
   -25.15507     0.00000     0.00000     0.00000     0.00000     0.00000     0.00000     0.00000     0.00000     0.00000     0.00000     0.00000     0.00000     0.00000     0.00000     0.00000     0.00000     0.00000
   -25.13107     0.00000     0.00000     0.00000     0.00000     0.00000     0.00000     0.00000     0.00000     0.00000     0.00000     0.00000     0.00000     0.00000     0.00000     0.00000     0.00000     0.00000
   -25.10707     0.00000     0.00000     0.00000     0.00000     0.00000     0.00000     0.00000     0.00000     0.00000     0.00000     0.00000     0.00000     0.00000     0.00000     0.00000     0.00000     0.00000
   -25.08307     0.00000     0.00000     0.00000     0.00000     0.00000     0.00000     0.00000     0.00000     0.00000     0.00000     0.00000     0.00000     0.00000     0.00000     0.00000     0.00000     0.00000
   -25.05907     0.00000     0.00000     0.00000     0.00000     0.00000     0.00000     0.00000     0.00000     0.00000     0.00000     0.00000     0.00000     0.00000     0.00000     0.00000     0.00000     0.00000
   -25.03507     0.00000     0.00000     0.00000     0.00000     0.00000     0.00000     0.00000     0.00000     0.00000     0.00000     0.00000     0.00000     0.00000     0.00000     0.00000     0.00000     0.00000
   -25.01207     0.00000     0.00000     0.00000     0.00000     0.00000     0.00000     0.00000     0.00000     0.00000     0.00000     0.00000     0.00000     0.00000     0.00000     0.00000     0.00000     0.00000
   -24.98807     0.00000     0.00000     0.00000     0.00000     0.00000     0.00000     0.00000     0.00000     0.00000     0.00000     0.00000     0.00000     0.00000     0.00000     0.00000     0.00000     0.00000
   -24.96407     0.00000     0.00000     0.00000     0.00000     0.00000     0.00000     0.00000     0.00000     0.00000     0.00000     0.00000     0.00000     0.00000     0.00000     0.00000     0.00000     0.00000
   -24.94007     0.00000     0.00000     0.00000     0.00000     0.00000     0.00000     0.00000     0.00000     0.00000     0.00000     0.00000     0.00000     0.00000     0.00000     0.00000     0.00000     0.00000
   -24.91607     0.00000     0.00000     0.00000     0.00000     0.00000     0.00000     0.00000     0.00000     0.00000     0.00000     0.00000     0.00000     0.00000     0.00000     0.00000     0.00000     0.00000
   -24.89207     0.00000     0.00000     0.00000     0.00000     0.00000     0.00000     0.00000     0.00000     0.00000     0.00000     0.00000     0.00000     0.00000     0.00000     0.00000     0.00000     0.00000
   -24.86807     0.00000     0.00000     0.00000     0.00000     0.00000     0.00000     0.00000     0.00000     0.00000     0.00000     0.00000     0.00000     0.00000     0.00000     0.00000     0.00000     0.00000
   -24.84407     0.00000     0.00000     0.00000     0.00000     0.00000     0.00000     0.00000     0.00000     0.00000     0.00000     0.00000     0.00000     0.00000     0.00000     0.00000     0.00000     0.00000
   -24.82007     0.00000     0.00000     0.00000     0.00000     0.00000     0.00000     0.00000     0.00000     0.00000     0.00000     0.00000     0.00000     0.00000     0.00000     0.00000     0.00000     0.00000
   -24.79607     0.00000     0.00000     0.00000     0.00000     0.00000     0.00000     0.00000     0.00000     0.00000     0.00000     0.00000     0.00000     0.00000     0.00000     0.00000     0.00000     0.00000
   -24.77207     0.00000     0.00000     0.00000     0.00000     0.00000     0.00000     0.00000     0.00000     0.00000     0.00000     0.00000     0.00000     0.00000     0.00000     0.00000     0.00000     0.00000
   -24.74807     0.00000     0.00000     0.00000     0.00000     0.00000     0.00000     0.00000     0.00000     0.00000     0.00000     0.00000     0.00000     0.00000     0.00000     0.00000     0.00000     0.00000
   -24.72407     0.00000     0.00000     0.00000     0.00000     0.00000     0.00000     0.00000     0.00000     0.00000     0.00000     0.00000     0.00000     0.00000     0.00000     0.00000     0.00000     0.00000
   -24.70007     0.00000     0.00000     0.00000     0.00000     0.00000     0.00000     0.00000     0.00000     0.00000     0.00000     0.00000     0.00000     0.00000     0.00000     0.00000     0.00000     0.00000
   -24.67607     0.00000     0.00000     0.00000     0.00000     0.00000     0.00000     0.00000     0.00000     0.00000     0.00000     0.00000     0.00000     0.00000     0.00000     0.00000     0.00000     0.00000
   -24.65207     0.00000     0.00000     0.00000     0.00000     0.00000     0.00000     0.00000     0.00000     0.00000     0.00000     0.00000     0.00000     0.00000     0.00000     0.00000     0.00000     0.00000
   -24.62807     0.00000     0.00000     0.00000     0.00000     0.00000     0.00000     0.00000     0.00000     0.00000     0.00000     0.00000     0.00000     0.00000     0.00000     0.00000     0.00000     0.00000
   -24.60407     0.00000     0.00000     0.00000     0.00000     0.00000     0.00000     0.00000     0.00000     0.00000     0.00000     0.00000     0.00000     0.00000     0.00000     0.00000     0.00000     0.00000
   -24.58007     0.00000     0.00000     0.00000     0.00000     0.00000     0.00000     0.00000     0.00000     0.00000     0.00000     0.00000     0.00000     0.00000     0.00000     0.00000     0.00000     0.00000
   -24.55607     0.00000     0.00000     0.00000     0.00000     0.00000     0.00000     0.00000     0.00000     0.00000     0.00000     0.00000     0.00000     0.00000     0.00000     0.00000     0.00000     0.00000
   -24.53207     0.00000     0.00000     0.00000     0.00000     0.00000     0.00000     0.00000     0.00000     0.00000     0.00000     0.00000     0.00000     0.00000     0.00000     0.00000     0.00000     0.00000
   -24.50807     0.00000     0.00000     0.00000     0.00000     0.00000     0.00000     0.00000     0.00000     0.00000     0.00000     0.00000     0.00000     0.00000     0.00000     0.00000     0.00000     0.00000
   -24.48407     0.00000     0.00000     0.00000     0.00000     0.00000     0.00000     0.00000     0.00000     0.00000     0.00000     0.00000     0.00000     0.00000     0.00000     0.00000     0.00000     0.00000
   -24.46007     0.00000     0.00000     0.00000     0.00000     0.00000     0.00000     0.00000     0.00000     0.00000     0.00000     0.00000     0.00000     0.00000     0.00000     0.00000     0.00000     0.00000
   -24.43607     0.00000     0.00000     0.00000     0.00000     0.00000     0.00000     0.00000     0.00000     0.00000     0.00000     0.00000     0.00000     0.00000     0.00000     0.00000     0.00000     0.00000
   -24.41207     0.00000     0.00000     0.00000     0.00000     0.00000     0.00000     0.00000     0.00000     0.00000     0.00000     0.00000     0.00000     0.00000     0.00000     0.00000     0.00000     0.00000
   -24.38807     0.00000     0.00000     0.00000     0.00000     0.00000     0.00000     0.00000     0.00000     0.00000     0.00000     0.00000     0.00000     0.00000     0.00000     0.00000     0.00000     0.00000
   -24.36407     0.00000     0.00000     0.00000     0.00000     0.00000     0.00000     0.00000     0.00000     0.00000     0.00000     0.00000     0.00000     0.00000     0.00000     0.00000     0.00000     0.00000
   -24.34007     0.00000     0.00000     0.00000     0.00000     0.00000     0.00000     0.00000     0.00000     0.00000     0.00000     0.00000     0.00000     0.00000     0.00000     0.00000     0.00000     0.00000
   -24.31607     0.00000     0.00000     0.00000     0.00000     0.00000     0.00000     0.00000     0.00000     0.00000     0.00000     0.00000     0.00000     0.00000     0.00000     0.00000     0.00000     0.00000
   -24.29207     0.00000     0.00000     0.00000     0.00000     0.00000     0.00000     0.00000     0.00000     0.00000     0.00000     0.00000     0.00000     0.00000     0.00000     0.00000     0.00000     0.00000
   -24.26807     0.00000     0.00000     0.00000     0.00000     0.00000     0.00000     0.00000     0.00000     0.00000     0.00000     0.00000     0.00000     0.00000     0.00000     0.00000     0.00000     0.00000
   -24.24407     0.00000     0.00000     0.00000     0.00000     0.00000     0.00000     0.00000     0.00000     0.00000     0.00000     0.00000     0.00000     0.00000     0.00000     0.00000     0.00000     0.00000
   -24.22007     0.00000     0.00000     0.00000     0.00000     0.00000     0.00000     0.00000     0.00000     0.00000     0.00000     0.00000     0.00000     0.00000     0.00000     0.00000     0.00000     0.00000
   -24.19607     0.00000     0.00000     0.00000     0.00000     0.00000     0.00000     0.00000     0.00000     0.00000     0.00000     0.00000     0.00000     0.00000     0.00000     0.00000     0.00000     0.00000
   -24.17207     0.00000     0.00000     0.00000     0.00000     0.00000     0.00000     0.00000     0.00000     0.00000     0.00000     0.00000     0.00000     0.00000     0.00000     0.00000     0.00000     0.00000
   -24.14807     0.00000     0.00000     0.00000     0.00000     0.00000     0.00000     0.00000     0.00000     0.00000     0.00000     0.00000     0.00000     0.00000     0.00000     0.00000     0.00000     0.00000
   -24.12407     0.00000     0.00000     0.00000     0.00000     0.00000     0.00000     0.00000     0.00000     0.00000     0.00000     0.00000     0.00000     0.00000     0.00000     0.00000     0.00000     0.00000
   -24.10107     0.00000     0.00000     0.00000     0.00000     0.00000     0.00000     0.00000     0.00000     0.00000     0.00000     0.00000     0.00000     0.00000     0.00000     0.00000     0.00000     0.00000
   -24.07707     0.00000     0.00000     0.00000     0.00000     0.00000     0.00000     0.00000     0.00000     0.00000     0.00000     0.00000     0.00000     0.00000     0.00000     0.00000     0.00000     0.00000
   -24.05307     0.00000     0.00000     0.00000     0.00000     0.00000     0.00000     0.00000     0.00000     0.00000     0.00000     0.00000     0.00000     0.00000     0.00000     0.00000     0.00000     0.00000
   -24.02907     0.00000     0.00000     0.00000     0.00000     0.00000     0.00000     0.00000     0.00000     0.00000     0.00000     0.00000     0.00000     0.00000     0.00000     0.00000     0.00000     0.00000
   -24.00507     0.00000     0.00000     0.00000     0.00000     0.00000     0.00000     0.00000     0.00000     0.00000     0.00000     0.00000     0.00000     0.00000     0.00000     0.00000     0.00000     0.00000
   -23.98107     0.00000     0.00000     0.00000     0.00000     0.00000     0.00000     0.00000     0.00000     0.00000     0.00000     0.00000     0.00000     0.00000     0.00000     0.00000     0.00000     0.00000
   -23.95707     0.00000     0.00000     0.00000     0.00000     0.00000     0.00000     0.00000     0.00000     0.00000     0.00000     0.00000     0.00000     0.00000     0.00000     0.00000     0.00000     0.00000
   -23.93307     0.00000     0.00000     0.00000     0.00000     0.00000     0.00000     0.00000     0.00000     0.00000     0.00000     0.00000     0.00000     0.00000     0.00000     0.00000     0.00000     0.00000
   -23.90907     0.00000     0.00000     0.00000     0.00000     0.00000     0.00000     0.00000     0.00000     0.00000     0.00000     0.00000     0.00000     0.00000     0.00000     0.00000     0.00000     0.00000
   -23.88507     0.00000     0.00000     0.00000     0.00000     0.00000     0.00000     0.00000     0.00000     0.00000     0.00000     0.00000     0.00000     0.00000     0.00000     0.00000     0.00000     0.00000
   -23.86107     0.00000     0.00000     0.00000     0.00000     0.00000     0.00000     0.00000     0.00000     0.00000     0.00000     0.00000     0.00000     0.00000     0.00000     0.00000     0.00000     0.00000
   -23.83707     0.00000     0.00000     0.00000     0.00000     0.00000     0.00000     0.00000     0.00000     0.00000     0.00000     0.00000     0.00000     0.00000     0.00000     0.00000     0.00000     0.00000
   -23.81307     0.00000     0.00000     0.00000     0.00000     0.00000     0.00000     0.00000     0.00000     0.00000     0.00000     0.00000     0.00000     0.00000     0.00000     0.00000     0.00000     0.00000
   -23.78907     0.00000     0.00000     0.00000     0.00000     0.00000     0.00000     0.00000     0.00000     0.00000     0.00000     0.00000     0.00000     0.00000     0.00000     0.00000     0.00000     0.00000
   -23.76507     0.00000     0.00000     0.00000     0.00000     0.00000     0.00000     0.00000     0.00000     0.00000     0.00000     0.00000     0.00000     0.00000     0.00000     0.00000     0.00000     0.00000
   -23.74107     0.00000     0.00000     0.00000     0.00000     0.00000     0.00000     0.00000     0.00000     0.00000     0.00000     0.00000     0.00000     0.00000     0.00000     0.00000     0.00000     0.00000
   -23.71707     0.00000     0.00000     0.00000     0.00000     0.00000     0.00000     0.00000     0.00000     0.00000     0.00000     0.00000     0.00000     0.00000     0.00000     0.00000     0.00000     0.00000
   -23.69307     0.00000     0.00000     0.00000     0.00000     0.00000     0.00000     0.00000     0.00000     0.00000     0.00000     0.00000     0.00000     0.00000     0.00000     0.00000     0.00000     0.00000
   -23.66907     0.00000     0.00000     0.00000     0.00000     0.00000     0.00000     0.00000     0.00000     0.00000     0.00000     0.00000     0.00000     0.00000     0.00000     0.00000     0.00000     0.00000
   -23.64507     0.00000     0.00000     0.00000     0.00000     0.00000     0.00000     0.00000     0.00000     0.00000     0.00000     0.00000     0.00000     0.00000     0.00000     0.00000     0.00000     0.00000
   -23.62107     0.00000     0.00000     0.00000     0.00000     0.00000     0.00000     0.00000     0.00000     0.00000     0.00000     0.00000     0.00000     0.00000     0.00000     0.00000     0.00000     0.00000
   -23.59707     0.00000     0.00000     0.00000     0.00000     0.00000     0.00000     0.00000     0.00000     0.00000     0.00000     0.00000     0.00000     0.00000     0.00000     0.00000     0.00000     0.00000
   -23.57307     0.00000     0.00000     0.00000     0.00000     0.00000     0.00000     0.00000     0.00000     0.00000     0.00000     0.00000     0.00000     0.00000     0.00000     0.00000     0.00000     0.00000
   -23.54907     0.00000     0.00000     0.00000     0.00000     0.00000     0.00000     0.00000     0.00000     0.00000     0.00000     0.00000     0.00000     0.00000     0.00000     0.00000     0.00000     0.00000
   -23.52507     0.00000     0.00000     0.00000     0.00000     0.00000     0.00000     0.00000     0.00000     0.00000     0.00000     0.00000     0.00000     0.00000     0.00000     0.00000     0.00000     0.00000
   -23.50107     0.00000     0.00000     0.00000     0.00000     0.00000     0.00000     0.00000     0.00000     0.00000     0.00000     0.00000     0.00000     0.00000     0.00000     0.00000     0.00000     0.00000
   -23.47707     0.00000     0.00000     0.00000     0.00000     0.00000     0.00000     0.00000     0.00000     0.00000     0.00000     0.00000     0.00000     0.00000     0.00000     0.00000     0.00000     0.00000
   -23.45307     0.00000     0.00000     0.00000     0.00000     0.00000     0.00000     0.00000     0.00000     0.00000     0.00000     0.00000     0.00000     0.00000     0.00000     0.00000     0.00000     0.00000
   -23.42907     0.00000     0.00000     0.00000     0.00000     0.00000     0.00000     0.00000     0.00000     0.00000     0.00000     0.00000     0.00000     0.00000     0.00000     0.00000     0.00000     0.00000
   -23.40507     0.00000     0.00000     0.00000     0.00000     0.00000     0.00000     0.00000     0.00000     0.00000     0.00000     0.00000     0.00000     0.00000     0.00000     0.00000     0.00000     0.00000
   -23.38107     0.00000     0.00000     0.00000     0.00000     0.00000     0.00000     0.00000     0.00000     0.00000     0.00000     0.00000     0.00000     0.00000     0.00000     0.00000     0.00000     0.00000
   -23.35707     0.00000     0.00000     0.00000     0.00000     0.00000     0.00000     0.00000     0.00000     0.00000     0.00000     0.00000     0.00000     0.00000     0.00000     0.00000     0.00000     0.00000
   -23.33307     0.00000     0.00000     0.00000     0.00000     0.00000     0.00000     0.00000     0.00000     0.00000     0.00000     0.00000     0.00000     0.00000     0.00000     0.00000     0.00000     0.00000
   -23.30907     0.00000     0.00000     0.00000     0.00000     0.00000     0.00000     0.00000     0.00000     0.00000     0.00000     0.00000     0.00000     0.00000     0.00000     0.00000     0.00000     0.00000
   -23.28507     0.00000     0.00000     0.00000     0.00000     0.00000     0.00000     0.00000     0.00000     0.00000     0.00000     0.00000     0.00000     0.00000     0.00000     0.00000     0.00000     0.00000
   -23.26107     0.00000     0.00000     0.00000     0.00000     0.00000     0.00000     0.00000     0.00000     0.00000     0.00000     0.00000     0.00000     0.00000     0.00000     0.00000     0.00000     0.00000
   -23.23707     0.00000     0.00000     0.00000     0.00000     0.00000     0.00000     0.00000     0.00000     0.00000     0.00000     0.00000     0.00000     0.00000     0.00000     0.00000     0.00000     0.00000
   -23.21407     0.00000     0.00000     0.00000     0.00000     0.00000     0.00000     0.00000     0.00000     0.00000     0.00000     0.00000     0.00000     0.00000     0.00000     0.00000     0.00000     0.00000
   -23.19007     0.00000     0.00000     0.00000     0.00000     0.00000     0.00000     0.00000     0.00000     0.00000     0.00000     0.00000     0.00000     0.00000     0.00000     0.00000     0.00000     0.00000
   -23.16607     0.00000     0.00000     0.00000     0.00000     0.00000     0.00000     0.00000     0.00000     0.00000     0.00000     0.00000     0.00000     0.00000     0.00000     0.00000     0.00000     0.00000
   -23.14207     0.00000     0.00000     0.00000     0.00000     0.00000     0.00000     0.00000     0.00000     0.00000     0.00000     0.00000     0.00000     0.00000     0.00000     0.00000     0.00000     0.00000
   -23.11807     0.00000     0.00000     0.00000     0.00000     0.00000     0.00000     0.00000     0.00000     0.00000     0.00000     0.00000     0.00000     0.00000     0.00000     0.00000     0.00000     0.00000
   -23.09407     0.00000     0.00000     0.00000     0.00000     0.00000     0.00000     0.00000     0.00000     0.00000     0.00000     0.00000     0.00000     0.00000     0.00000     0.00000     0.00000     0.00000
   -23.07007     0.00000     0.00000     0.00000     0.00000     0.00000     0.00000     0.00000     0.00000     0.00000     0.00000     0.00000     0.00000     0.00000     0.00000     0.00000     0.00000     0.00000
   -23.04607     0.00000     0.00000     0.00000     0.00000     0.00000     0.00000     0.00000     0.00000     0.00000     0.00000     0.00000     0.00000     0.00000     0.00000     0.00000     0.00000     0.00000
   -23.02207     0.00000     0.00000     0.00000     0.00000     0.00000     0.00000     0.00000     0.00000     0.00000     0.00000     0.00000     0.00000     0.00000     0.00000     0.00000     0.00000     0.00000
   -22.99807     0.00000     0.00000     0.00000     0.00000     0.00000     0.00000     0.00000     0.00000     0.00000     0.00000     0.00000     0.00000     0.00000     0.00000     0.00000     0.00000     0.00000
   -22.97407     0.00000     0.00000     0.00000     0.00000     0.00000     0.00000     0.00000     0.00000     0.00000     0.00000     0.00000     0.00000     0.00000     0.00000     0.00000     0.00000     0.00000
   -22.95007     0.00000     0.00000     0.00000     0.00000     0.00000     0.00000     0.00000     0.00000     0.00000     0.00000     0.00000     0.00000     0.00000     0.00000     0.00000     0.00000     0.00000
   -22.92607     0.00000     0.00000     0.00000     0.00000     0.00000     0.00000     0.00000     0.00000     0.00000     0.00000     0.00000     0.00000     0.00000     0.00000     0.00000     0.00000     0.00000
   -22.90207     0.00000     0.00000     0.00000     0.00000     0.00000     0.00000     0.00000     0.00000     0.00000     0.00000     0.00000     0.00000     0.00000     0.00000     0.00000     0.00000     0.00000
   -22.87807     0.00000     0.00000     0.00000     0.00000     0.00000     0.00000     0.00000     0.00000     0.00000     0.00000     0.00000     0.00000     0.00000     0.00000     0.00000     0.00000     0.00000
   -22.85407     0.00000     0.00000     0.00000     0.00000     0.00000     0.00000     0.00000     0.00000     0.00000     0.00000     0.00000     0.00000     0.00000     0.00000     0.00000     0.00000     0.00000
   -22.83007     0.00000     0.00000     0.00000     0.00000     0.00000     0.00000     0.00000     0.00000     0.00000     0.00000     0.00000     0.00000     0.00000     0.00000     0.00000     0.00000     0.00000
   -22.80607     0.00000     0.00000     0.00000     0.00000     0.00000     0.00000     0.00000     0.00000     0.00000     0.00000     0.00000     0.00000     0.00000     0.00000     0.00000     0.00000     0.00000
   -22.78207     0.00000     0.00000     0.00000     0.00000     0.00000     0.00000     0.00000     0.00000     0.00000     0.00000     0.00000     0.00000     0.00000     0.00000     0.00000     0.00000     0.00000
   -22.75807     0.00000     0.00000     0.00000     0.00000     0.00000     0.00000     0.00000     0.00000     0.00000     0.00000     0.00000     0.00000     0.00000     0.00000     0.00000     0.00000     0.00000
   -22.73407     0.00000     0.00000     0.00000     0.00000     0.00000     0.00000     0.00000     0.00000     0.00000     0.00000     0.00000     0.00000     0.00000     0.00000     0.00000     0.00000     0.00000
   -22.71007     0.00000     0.00000     0.00000     0.00000     0.00000     0.00000     0.00000     0.00000     0.00000     0.00000     0.00000     0.00000     0.00000     0.00000     0.00000     0.00000     0.00000
   -22.68607     0.00000     0.00000     0.00000     0.00000     0.00000     0.00000     0.00000     0.00000     0.00000     0.00000     0.00000     0.00000     0.00000     0.00000     0.00000     0.00000     0.00000
   -22.66207     0.00000     0.00000     0.00000     0.00000     0.00000     0.00000     0.00000     0.00000     0.00000     0.00000     0.00000     0.00000     0.00000     0.00000     0.00000     0.00000     0.00000
   -22.63807     0.00000     0.00000     0.00000     0.00000     0.00000     0.00000     0.00000     0.00000     0.00000     0.00000     0.00000     0.00000     0.00000     0.00000     0.00000     0.00000     0.00000
   -22.61407     0.00000     0.00000     0.00000     0.00000     0.00000     0.00000     0.00000     0.00000     0.00000     0.00000     0.00000     0.00000     0.00000     0.00000     0.00000     0.00000     0.00000
   -22.59007     0.00000     0.00000     0.00000     0.00000     0.00000     0.00000     0.00000     0.00000     0.00000     0.00000     0.00000     0.00000     0.00000     0.00000     0.00000     0.00000     0.00000
   -22.56607     0.00000     0.00000     0.00000     0.00000     0.00000     0.00000     0.00000     0.00000     0.00000     0.00000     0.00000     0.00000     0.00000     0.00000     0.00000     0.00000     0.00000
   -22.54207     0.00000     0.00000     0.00000     0.00000     0.00000     0.00000     0.00000     0.00000     0.00000     0.00000     0.00000     0.00000     0.00000     0.00000     0.00000     0.00000     0.00000
   -22.51807     0.00000     0.00000     0.00000     0.00000     0.00000     0.00000     0.00000     0.00000     0.00000     0.00000     0.00000     0.00000     0.00000     0.00000     0.00000     0.00000     0.00000
   -22.49407     0.00000     0.00000     0.00000     0.00000     0.00000     0.00000     0.00000     0.00000     0.00000     0.00000     0.00000     0.00000     0.00000     0.00000     0.00000     0.00000     0.00000
   -22.47007     0.00000     0.00000     0.00000     0.00000     0.00000     0.00000     0.00000     0.00000     0.00000     0.00000     0.00000     0.00000     0.00000     0.00000     0.00000     0.00000     0.00000
   -22.44607     0.00000     0.00000     0.00000     0.00000     0.00000     0.00000     0.00000     0.00000     0.00000     0.00000     0.00000     0.00000     0.00000     0.00000     0.00000     0.00000     0.00000
   -22.42207     0.00000     0.00000     0.00000     0.00000     0.00000     0.00000     0.00000     0.00000     0.00000     0.00000     0.00000     0.00000     0.00000     0.00000     0.00000     0.00000     0.00000
   -22.39807     0.00000     0.00000     0.00000     0.00000     0.00000     0.00000     0.00000     0.00000     0.00000     0.00000     0.00000     0.00000     0.00000     0.00000     0.00000     0.00000     0.00000
   -22.37407     0.00000     0.00000     0.00000     0.00000     0.00000     0.00000     0.00000     0.00000     0.00000     0.00000     0.00000     0.00000     0.00000     0.00000     0.00000     0.00000     0.00000
   -22.35007     0.00000     0.00000     0.00000     0.00000     0.00000     0.00000     0.00000     0.00000     0.00000     0.00000     0.00000     0.00000     0.00000     0.00000     0.00000     0.00000     0.00000
   -22.32607     0.00000     0.00000     0.00000     0.00000     0.00000     0.00000     0.00000     0.00000     0.00000     0.00000     0.00000     0.00000     0.00000     0.00000     0.00000     0.00000     0.00000
   -22.30307     0.00000     0.00000     0.00000     0.00000     0.00000     0.00000     0.00000     0.00000     0.00000     0.00000     0.00000     0.00000     0.00000     0.00000     0.00000     0.00000     0.00000
   -22.27907     0.00000     0.00000     0.00000     0.00000     0.00000     0.00000     0.00000     0.00000     0.00000     0.00000     0.00000     0.00000     0.00000     0.00000     0.00000     0.00000     0.00000
   -22.25507     0.00000     0.00000     0.00000     0.00000     0.00000     0.00000     0.00000     0.00000     0.00000     0.00000     0.00000     0.00000     0.00000     0.00000     0.00000     0.00000     0.00000
   -22.23107     0.00000     0.00000     0.00000     0.00000     0.00000     0.00000     0.00000     0.00000     0.00000     0.00000     0.00000     0.00000     0.00000     0.00000     0.00000     0.00000     0.00000
   -22.20707     0.00000     0.00000     0.00000     0.00000     0.00000     0.00000     0.00000     0.00000     0.00000     0.00000     0.00000     0.00000     0.00000     0.00000     0.00000     0.00000     0.00000
   -22.18307     0.00000     0.00000     0.00000     0.00000     0.00000     0.00000     0.00000     0.00000     0.00000     0.00000     0.00000     0.00000     0.00000     0.00000     0.00000     0.00000     0.00000
   -22.15907     0.00000     0.00000     0.00000     0.00000     0.00000     0.00000     0.00000     0.00000     0.00000     0.00000     0.00000     0.00000     0.00000     0.00000     0.00000     0.00000     0.00000
   -22.13507     0.00000     0.00000     0.00000     0.00000     0.00000     0.00000     0.00000     0.00000     0.00000     0.00000     0.00000     0.00000     0.00000     0.00000     0.00000     0.00000     0.00000
   -22.11107     0.00000     0.00000     0.00000     0.00000     0.00000     0.00000     0.00000     0.00000     0.00000     0.00000     0.00000     0.00000     0.00000     0.00000     0.00000     0.00000     0.00000
   -22.08707     0.00000     0.00000     0.00000     0.00000     0.00000     0.00000     0.00000     0.00000     0.00000     0.00000     0.00000     0.00000     0.00000     0.00000     0.00000     0.00000     0.00000
   -22.06307     0.00000     0.00000     0.00000     0.00000     0.00000     0.00000     0.00000     0.00000     0.00000     0.00000     0.00000     0.00000     0.00000     0.00000     0.00000     0.00000     0.00000
   -22.03907     0.00000     0.00000     0.00000     0.00000     0.00000     0.00000     0.00000     0.00000     0.00000     0.00000     0.00000     0.00000     0.00000     0.00000     0.00000     0.00000     0.00000
   -22.01507     0.00000     0.00000     0.00000     0.00000     0.00000     0.00000     0.00000     0.00000     0.00000     0.00000     0.00000     0.00000     0.00000     0.00000     0.00000     0.00000     0.00000
   -21.99107     0.00000     0.00000     0.00000     0.00000     0.00000     0.00000     0.00000     0.00000     0.00000     0.00000     0.00000     0.00000     0.00000     0.00000     0.00000     0.00000     0.00000
   -21.96707     0.00000     0.00000     0.00000     0.00000     0.00000     0.00000     0.00000     0.00000     0.00000     0.00000     0.00000     0.00000     0.00000     0.00000     0.00000     0.00000     0.00000
   -21.94307     0.00000     0.00000     0.00000     0.00000     0.00000     0.00000     0.00000     0.00000     0.00000     0.00000     0.00000     0.00000     0.00000     0.00000     0.00000     0.00000     0.00000
   -21.91907     0.00000     0.00000     0.00000     0.00000     0.00000     0.00000     0.00000     0.00000     0.00000     0.00000     0.00000     0.00000     0.00000     0.00000     0.00000     0.00000     0.00000
   -21.89507     0.00000     0.00000     0.00000     0.00000     0.00000     0.00000     0.00000     0.00000     0.00000     0.00000     0.00000     0.00000     0.00000     0.00000     0.00000     0.00000     0.00000
   -21.87107     0.00000     0.00000     0.00000     0.00000     0.00000     0.00000     0.00000     0.00000     0.00000     0.00000     0.00000     0.00000     0.00000     0.00000     0.00000     0.00000     0.00000
   -21.84707     0.00000     0.00000     0.00000     0.00000     0.00000     0.00000     0.00000     0.00000     0.00000     0.00000     0.00000     0.00000     0.00000     0.00000     0.00000     0.00000     0.00000
   -21.82307     0.00000     0.00000     0.00000     0.00000     0.00000     0.00000     0.00000     0.00000     0.00000     0.00000     0.00000     0.00000     0.00000     0.00000     0.00000     0.00000     0.00000
   -21.79907     0.00000     0.00000     0.00000     0.00000     0.00000     0.00000     0.00000     0.00000     0.00000     0.00000     0.00000     0.00000     0.00000     0.00000     0.00000     0.00000     0.00000
   -21.77507     0.00000     0.00000     0.00000     0.00000     0.00000     0.00000     0.00000     0.00000     0.00000     0.00000     0.00000     0.00000     0.00000     0.00000     0.00000     0.00000     0.00000
   -21.75107     0.00000     0.00000     0.00000     0.00000     0.00000     0.00000     0.00000     0.00000     0.00000     0.00000     0.00000     0.00000     0.00000     0.00000     0.00000     0.00000     0.00000
   -21.72707     0.00000     0.00000     0.00000     0.00000     0.00000     0.00000     0.00000     0.00000     0.00000     0.00000     0.00000     0.00000     0.00000     0.00000     0.00000     0.00000     0.00000
   -21.70307     0.00000     0.00000     0.00000     0.00000     0.00000     0.00000     0.00000     0.00000     0.00000     0.00000     0.00000     0.00000     0.00000     0.00000     0.00000     0.00000     0.00000
   -21.67907     0.00000     0.00000     0.00000     0.00000     0.00000     0.00000     0.00000     0.00000     0.00000     0.00000     0.00000     0.00000     0.00000     0.00000     0.00000     0.00000     0.00000
   -21.65507     0.00000     0.00000     0.00000     0.00000     0.00000     0.00000     0.00000     0.00000     0.00000     0.00000     0.00000     0.00000     0.00000     0.00000     0.00000     0.00000     0.00000
   -21.63107     0.00000     0.00000     0.00000     0.00000     0.00000     0.00000     0.00000     0.00000     0.00000     0.00000     0.00000     0.00000     0.00000     0.00000     0.00000     0.00000     0.00000
   -21.60707     0.00000     0.00000     0.00000     0.00000     0.00000     0.00000     0.00000     0.00000     0.00000     0.00000     0.00000     0.00000     0.00000     0.00000     0.00000     0.00000     0.00000
   -21.58307     0.00000     0.00000     0.00000     0.00000     0.00000     0.00000     0.00000     0.00000     0.00000     0.00000     0.00000     0.00000     0.00000     0.00000     0.00000     0.00000     0.00000
   -21.55907     0.00000     0.00000     0.00000     0.00000     0.00000     0.00000     0.00000     0.00000     0.00000     0.00000     0.00000     0.00000     0.00000     0.00000     0.00000     0.00000     0.00000
   -21.53507     0.00000     0.00000     0.00000     0.00000     0.00000     0.00000     0.00000     0.00000     0.00000     0.00000     0.00000     0.00000     0.00000     0.00000     0.00000     0.00000     0.00000
   -21.51107     0.00000     0.00000     0.00000     0.00000     0.00000     0.00000     0.00000     0.00000     0.00000     0.00000     0.00000     0.00000     0.00000     0.00000     0.00000     0.00000     0.00000
   -21.48707     0.00000     0.00000     0.00000     0.00000     0.00000     0.00000     0.00000     0.00000     0.00000     0.00000     0.00000     0.00000     0.00000     0.00000     0.00000     0.00000     0.00000
   -21.46307     0.00000     0.00000     0.00000     0.00000     0.00000     0.00000     0.00000     0.00000     0.00000     0.00000     0.00000     0.00000     0.00000     0.00000     0.00000     0.00000     0.00000
   -21.43907     0.00000     0.00000     0.00000     0.00000     0.00000     0.00000     0.00000     0.00000     0.00000     0.00000     0.00000     0.00000     0.00000     0.00000     0.00000     0.00000     0.00000
   -21.41607     0.00000     0.00000     0.00000     0.00000     0.00000     0.00000     0.00000     0.00000     0.00000     0.00000     0.00000     0.00000     0.00000     0.00000     0.00000     0.00000     0.00000
   -21.39207     0.00000     0.00000     0.00000     0.00000     0.00000     0.00000     0.00000     0.00000     0.00000     0.00000     0.00000     0.00000     0.00000     0.00000     0.00000     0.00000     0.00000
   -21.36807     0.00000     0.00000     0.00000     0.00000     0.00000     0.00000     0.00000     0.00000     0.00000     0.00000     0.00000     0.00000     0.00000     0.00000     0.00000     0.00000     0.00000
   -21.34407     0.00000     0.00000     0.00000     0.00000     0.00000     0.00000     0.00000     0.00000     0.00000     0.00000     0.00000     0.00000     0.00000     0.00000     0.00000     0.00000     0.00000
   -21.32007     0.00000     0.00000     0.00000     0.00000     0.00000     0.00000     0.00000     0.00000     0.00000     0.00000     0.00000     0.00000     0.00000     0.00000     0.00000     0.00000     0.00000
   -21.29607     0.00000     0.00000     0.00000     0.00000     0.00000     0.00000     0.00000     0.00000     0.00000     0.00000     0.00000     0.00000     0.00000     0.00000     0.00000     0.00000     0.00000
   -21.27207     0.00000     0.00000     0.00000     0.00000     0.00000     0.00000     0.00000     0.00000     0.00000     0.00000     0.00000     0.00000     0.00000     0.00000     0.00000     0.00000     0.00000
   -21.24807     0.00000     0.00000     0.00000     0.00000     0.00000     0.00000     0.00000     0.00000     0.00000     0.00000     0.00000     0.00000     0.00000     0.00000     0.00000     0.00000     0.00000
   -21.22407     0.00000     0.00000     0.00000     0.00000     0.00000     0.00000     0.00000     0.00000     0.00000     0.00000     0.00000     0.00000     0.00000     0.00000     0.00000     0.00000     0.00000
   -21.20007     0.00000     0.00000     0.00000     0.00000     0.00000     0.00000     0.00000     0.00000     0.00000     0.00000     0.00000     0.00000     0.00000     0.00000     0.00000     0.00000     0.00000
   -21.17607     0.00000     0.00000     0.00000     0.00000     0.00000     0.00000     0.00000     0.00000     0.00000     0.00000     0.00000     0.00000     0.00000     0.00000     0.00000     0.00000     0.00000
   -21.15207     0.00000     0.00000     0.00000     0.00000     0.00000     0.00000     0.00000     0.00000     0.00000     0.00000     0.00000     0.00000     0.00000     0.00000     0.00000     0.00000     0.00000
   -21.12807     0.00000     0.00000     0.00000     0.00000     0.00000     0.00000     0.00000     0.00000     0.00000     0.00000     0.00000     0.00000     0.00000     0.00000     0.00000     0.00000     0.00000
   -21.10407     0.00000     0.00000     0.00000     0.00000     0.00000     0.00000     0.00000     0.00000     0.00000     0.00000     0.00000     0.00000     0.00000     0.00000     0.00000     0.00000     0.00000
   -21.08007     0.00000     0.00000     0.00000     0.00000     0.00000     0.00000     0.00000     0.00000     0.00000     0.00000     0.00000     0.00000     0.00000     0.00000     0.00000     0.00000     0.00000
   -21.05607     0.00000     0.00000     0.00000     0.00000     0.00000     0.00000     0.00000     0.00000     0.00000     0.00000     0.00000     0.00000     0.00000     0.00000     0.00000     0.00000     0.00000
   -21.03207     0.00000     0.00000     0.00000     0.00000     0.00000     0.00000     0.00000     0.00000     0.00000     0.00000     0.00000     0.00000     0.00000     0.00000     0.00000     0.00000     0.00000
   -21.00807     0.00000     0.00000     0.00000     0.00000     0.00000     0.00000     0.00000     0.00000     0.00000     0.00000     0.00000     0.00000     0.00000     0.00000     0.00000     0.00000     0.00000
   -20.98407     0.00000     0.00000     0.00000     0.00000     0.00000     0.00000     0.00000     0.00000     0.00000     0.00000     0.00000     0.00000     0.00000     0.00000     0.00000     0.00000     0.00000
   -20.96007     0.00000     0.00000     0.00000     0.00000     0.00000     0.00000     0.00000     0.00000     0.00000     0.00000     0.00000     0.00000     0.00000     0.00000     0.00000     0.00000     0.00000
   -20.93607     0.00000     0.00000     0.00000     0.00000     0.00000     0.00000     0.00000     0.00000     0.00000     0.00000     0.00000     0.00000     0.00000     0.00000     0.00000     0.00000     0.00000
   -20.91207     0.00000     0.00000     0.00000     0.00000     0.00000     0.00000     0.00000     0.00000     0.00000     0.00000     0.00000     0.00000     0.00000     0.00000     0.00000     0.00000     0.00000
   -20.88807     0.00000     0.00000     0.00000     0.00000     0.00000     0.00000     0.00000     0.00000     0.00000     0.00000     0.00000     0.00000     0.00000     0.00000     0.00000     0.00000     0.00000
   -20.86407     0.00000     0.00000     0.00000     0.00000     0.00000     0.00000     0.00000     0.00000     0.00000     0.00000     0.00000     0.00000     0.00000     0.00000     0.00000     0.00000     0.00000
   -20.84007     0.00000     0.00000     0.00000     0.00000     0.00000     0.00000     0.00000     0.00000     0.00000     0.00000     0.00000     0.00000     0.00000     0.00000     0.00000     0.00000     0.00000
   -20.81607     0.00000     0.00000     0.00000     0.00000     0.00000     0.00000     0.00000     0.00000     0.00000     0.00000     0.00000     0.00000     0.00000     0.00000     0.00000     0.00000     0.00000
   -20.79207     0.00000     0.00000     0.00000     0.00000     0.00000     0.00000     0.00000     0.00000     0.00000     0.00000     0.00000     0.00000     0.00000     0.00000     0.00000     0.00000     0.00000
   -20.76807     0.00000     0.00000     0.00000     0.00000     0.00000     0.00000     0.00000     0.00000     0.00000     0.00000     0.00000     0.00000     0.00000     0.00000     0.00000     0.00000     0.00000
   -20.74407     0.00000     0.00000     0.00000     0.00000     0.00000     0.00000     0.00000     0.00000     0.00000     0.00000     0.00000     0.00000     0.00000     0.00000     0.00000     0.00000     0.00000
   -20.72007     0.00000     0.00000     0.00000     0.00000     0.00000     0.00000     0.00000     0.00000     0.00000     0.00000     0.00000     0.00000     0.00000     0.00000     0.00000     0.00000     0.00000
   -20.69607     0.00000     0.00000     0.00000     0.00000     0.00000     0.00000     0.00000     0.00000     0.00000     0.00000     0.00000     0.00000     0.00000     0.00000     0.00000     0.00000     0.00000
   -20.67207     0.00000     0.00000     0.00000     0.00000     0.00000     0.00000     0.00000     0.00000     0.00000     0.00000     0.00000     0.00000     0.00000     0.00000     0.00000     0.00000     0.00000
   -20.64807     0.00000     0.00000     0.00000     0.00000     0.00000     0.00000     0.00000     0.00000     0.00000     0.00000     0.00000     0.00000     0.00000     0.00000     0.00000     0.00000     0.00000
   -20.62407     0.00000     0.00000     0.00000     0.00000     0.00000     0.00000     0.00000     0.00000     0.00000     0.00000     0.00000     0.00000     0.00000     0.00000     0.00000     0.00000     0.00000
   -20.60007     0.00000     0.00000     0.00000     0.00000     0.00000     0.00000     0.00000     0.00000     0.00000     0.00000     0.00000     0.00000     0.00000     0.00000     0.00000     0.00000     0.00000
   -20.57607     0.00000     0.00000     0.00000     0.00000     0.00000     0.00000     0.00000     0.00000     0.00000     0.00000     0.00000     0.00000     0.00000     0.00000     0.00000     0.00000     0.00000
   -20.55207     0.00000     0.00000     0.00000     0.00000     0.00000     0.00000     0.00000     0.00000     0.00000     0.00000     0.00000     0.00000     0.00000     0.00000     0.00000     0.00000     0.00000
   -20.52907     0.00000     0.00000     0.00000     0.00000     0.00000     0.00000     0.00000     0.00000     0.00000     0.00000     0.00000     0.00000     0.00000     0.00000     0.00000     0.00000     0.00000
   -20.50507     0.00000     0.00000     0.00000     0.00000     0.00000     0.00000     0.00000     0.00000     0.00000     0.00000     0.00000     0.00000     0.00000     0.00000     0.00000     0.00000     0.00000
   -20.48107     0.00000     0.00000     0.00000     0.00000     0.00000     0.00000     0.00000     0.00000     0.00000     0.00000     0.00000     0.00000     0.00000     0.00000     0.00000     0.00000     0.00000
   -20.45707     0.00000     0.00000     0.00000     0.00000     0.00000     0.00000     0.00000     0.00000     0.00000     0.00000     0.00000     0.00000     0.00000     0.00000     0.00000     0.00000     0.00000
   -20.43307     0.00000     0.00000     0.00000     0.00000     0.00000     0.00000     0.00000     0.00000     0.00000     0.00000     0.00000     0.00000     0.00000     0.00000     0.00000     0.00000     0.00000
   -20.40907     0.00000     0.00000     0.00000     0.00000     0.00000     0.00000     0.00000     0.00000     0.00000     0.00000     0.00000     0.00000     0.00000     0.00000     0.00000     0.00000     0.00000
   -20.38507     0.00000     0.00000     0.00000     0.00000     0.00000     0.00000     0.00000     0.00000     0.00000     0.00000     0.00000     0.00000     0.00000     0.00000     0.00000     0.00000     0.00000
   -20.36107     0.00000     0.00000     0.00000     0.00000     0.00000     0.00000     0.00000     0.00000     0.00000     0.00000     0.00000     0.00000     0.00000     0.00000     0.00000     0.00000     0.00000
   -20.33707     0.00000     0.00000     0.00000     0.00000     0.00000     0.00000     0.00000     0.00000     0.00000     0.00000     0.00000     0.00000     0.00000     0.00000     0.00000     0.00000     0.00000
   -20.31307     0.00000     0.00000     0.00000     0.00000     0.00000     0.00000     0.00000     0.00000     0.00000     0.00000     0.00000     0.00000     0.00000     0.00000     0.00000     0.00000     0.00000
   -20.28907     0.00000     0.00000     0.00000     0.00000     0.00000     0.00000     0.00000     0.00000     0.00000     0.00000     0.00000     0.00000     0.00000     0.00000     0.00000     0.00000     0.00000
   -20.26507     0.00000     0.00000     0.00000     0.00000     0.00000     0.00000     0.00000     0.00000     0.00000     0.00000     0.00000     0.00000     0.00000     0.00000     0.00000     0.00000     0.00000
   -20.24107     0.00000     0.00000     0.00000     0.00000     0.00000     0.00000     0.00000     0.00000     0.00000     0.00000     0.00000     0.00000     0.00000     0.00000     0.00000     0.00000     0.00000
   -20.21707     0.00000     0.00000     0.00000     0.00000     0.00000     0.00000     0.00000     0.00000     0.00000     0.00000     0.00000     0.00000     0.00000     0.00000     0.00000     0.00000     0.00000
   -20.19307     0.00000     0.00000     0.00000     0.00000     0.00000     0.00000     0.00000     0.00000     0.00000     0.00000     0.00000     0.00000     0.00000     0.00000     0.00000     0.00000     0.00000
   -20.16907     0.00000     0.00000     0.00000     0.00000     0.00000     0.00000     0.00000     0.00000     0.00000     0.00000     0.00000     0.00000     0.00000     0.00000     0.00000     0.00000     0.00000
   -20.14507     0.00000     0.00000     0.00000     0.00000     0.00000     0.00000     0.00000     0.00000     0.00000     0.00000     0.00000     0.00000     0.00000     0.00000     0.00000     0.00000     0.00000
   -20.12107     0.00000     0.00000     0.00000     0.00000     0.00000     0.00000     0.00000     0.00000     0.00000     0.00000     0.00000     0.00000     0.00000     0.00000     0.00000     0.00000     0.00000
   -20.09707     0.00000     0.00000     0.00000     0.00000     0.00000     0.00000     0.00000     0.00000     0.00000     0.00000     0.00000     0.00000     0.00000     0.00000     0.00000     0.00000     0.00000
   -20.07307     0.00000     0.00000     0.00000     0.00000     0.00000     0.00000     0.00000     0.00000     0.00000     0.00000     0.00000     0.00000     0.00000     0.00000     0.00000     0.00000     0.00000
   -20.04907     0.00000     0.00000     0.00000     0.00000     0.00000     0.00000     0.00000     0.00000     0.00000     0.00000     0.00000     0.00000     0.00000     0.00000     0.00000     0.00000     0.00000
   -20.02507     0.00000     0.00000     0.00000     0.00000     0.00000     0.00000     0.00000     0.00000     0.00000     0.00000     0.00000     0.00000     0.00000     0.00000     0.00000     0.00000     0.00000
   -20.00107     0.00000     0.00000     0.00000     0.00000     0.00000     0.00000     0.00000     0.00000     0.00000     0.00000     0.00000     0.00000     0.00000     0.00000     0.00000     0.00000     0.00000
   -19.97707     0.00000     0.00000     0.00000     0.00000     0.00000     0.00000     0.00000     0.00000     0.00000     0.00000     0.00000     0.00000     0.00000     0.00000     0.00000     0.00000     0.00000
   -19.95307     0.00000     0.00000     0.00000     0.00000     0.00000     0.00000     0.00000     0.00000     0.00000     0.00000     0.00000     0.00000     0.00000     0.00000     0.00000     0.00000     0.00000
   -19.92907     0.00000     0.00000     0.00000     0.00000     0.00000     0.00000     0.00000     0.00000     0.00000     0.00000     0.00000     0.00000     0.00000     0.00000     0.00000     0.00000     0.00000
   -19.90507     0.00000     0.00000     0.00000     0.00000     0.00000     0.00000     0.00000     0.00000     0.00000     0.00000     0.00000     0.00000     0.00000     0.00000     0.00000     0.00000     0.00000
   -19.88107     0.00000     0.00000     0.00000     0.00000     0.00000     0.00000     0.00000     0.00000     0.00000     0.00000     0.00000     0.00000     0.00000     0.00000     0.00000     0.00000     0.00000
   -19.85707     0.00000     0.00000     0.00000     0.00000     0.00000     0.00000     0.00000     0.00000     0.00000     0.00000     0.00000     0.00000     0.00000     0.00000     0.00000     0.00000     0.00000
   -19.83307     0.00000     0.00000     0.00000     0.00000     0.00000     0.00000     0.00000     0.00000     0.00000     0.00000     0.00000     0.00000     0.00000     0.00000     0.00000     0.00000     0.00000
   -19.80907     0.00000     0.00000     0.00000     0.00000     0.00000     0.00000     0.00000     0.00000     0.00000     0.00000     0.00000     0.00000     0.00000     0.00000     0.00000     0.00000     0.00000
   -19.78507     0.00000     0.00000     0.00000     0.00000     0.00000     0.00000     0.00000     0.00000     0.00000     0.00000     0.00000     0.00000     0.00000     0.00000     0.00000     0.00000     0.00000
   -19.76107     0.00000     0.00000     0.00000     0.00000     0.00000     0.00000     0.00000     0.00000     0.00000     0.00000     0.00000     0.00000     0.00000     0.00000     0.00000     0.00000     0.00000
   -19.73707     0.00000     0.00000     0.00000     0.00000     0.00000     0.00000     0.00000     0.00000     0.00000     0.00000     0.00000     0.00000     0.00000     0.00000     0.00000     0.00000     0.00000
   -19.71307     0.00000     0.00000     0.00000     0.00000     0.00000     0.00000     0.00000     0.00000     0.00000     0.00000     0.00000     0.00000     0.00000     0.00000     0.00000     0.00000     0.00000
   -19.68907     0.00000     0.00000     0.00000     0.00000     0.00000     0.00000     0.00000     0.00000     0.00000     0.00000     0.00000     0.00000     0.00000     0.00000     0.00000     0.00000     0.00000
   -19.66507     0.00000     0.00000     0.00000     0.00000     0.00000     0.00000     0.00000     0.00000     0.00000     0.00000     0.00000     0.00000     0.00000     0.00000     0.00000     0.00000     0.00000
   -19.64107     0.00000     0.00000     0.00000     0.00000     0.00000     0.00000     0.00000     0.00000     0.00000     0.00000     0.00000     0.00000     0.00000     0.00000     0.00000     0.00000     0.00000
   -19.61807    -0.00309    -0.00003    -0.04234    -0.00006    -0.00000    -0.00001    -0.00311    -0.00001    -0.00002    -0.00000    -0.00000    -0.00000    -0.00019    -0.00000    -0.00000    -0.00000    -0.04885
   -19.59407    -0.00261    -0.00006    -0.03554    -0.00012    -0.00000    -0.00001    -0.00266    -0.00003    -0.00001    -0.00000    -0.00000    -0.00000    -0.00016    -0.00000    -0.00000    -0.00000    -0.04122
   -19.57007    -0.00255    -0.00011    -0.03451    -0.00019    -0.00000    -0.00002    -0.00263    -0.00004    -0.00001    -0.00000    -0.00000    -0.00000    -0.00016    -0.00000    -0.00000    -0.00000    -0.04025
   -19.54607    -0.00242    -0.00016    -0.03241    -0.00026    -0.00000    -0.00003    -0.00252    -0.00006    -0.00001    -0.00000    -0.00000    -0.00000    -0.00015    -0.00000    -0.00000    -0.00000    -0.03802
   -19.52207    -0.00226    -0.00025    -0.03008    -0.00031    -0.00000    -0.00005    -0.00238    -0.00007    -0.00001    -0.00000    -0.00000    -0.00000    -0.00015    -0.00001    -0.00000    -0.00000    -0.03557
   -19.49807    -0.00182    -0.00023    -0.02403    -0.00036    -0.00000    -0.00005    -0.00194    -0.00008    -0.00001    -0.00000    -0.00000    -0.00000    -0.00012    -0.00001    -0.00000    -0.00000    -0.02866
   -19.47407    -0.00153    -0.00020    -0.02014    -0.00040    -0.00000    -0.00004    -0.00166    -0.00009    -0.00001    -0.00000    -0.00000    -0.00000    -0.00010    -0.00001    -0.00000    -0.00000    -0.02420
   -19.45007    -0.00137    -0.00015    -0.01787    -0.00044    -0.00000    -0.00003    -0.00150    -0.00010    -0.00001    -0.00000    -0.00000    -0.00000    -0.00009    -0.00001    -0.00000    -0.00000    -0.02157
   -19.42607    -0.00129    -0.00014    -0.01675    -0.00048    -0.00000    -0.00003    -0.00142    -0.00011    -0.00000    -0.00000    -0.00000    -0.00000    -0.00009    -0.00001    -0.00000    -0.00000    -0.02032
   -19.40207    -0.00112    -0.00012    -0.01439    -0.00052    -0.00000    -0.00003    -0.00125    -0.00012    -0.00000    -0.00000    -0.00000    -0.00000    -0.00008    -0.00001    -0.00000    -0.00000    -0.01765
   -19.37807    -0.00099    -0.00010    -0.01264    -0.00057    -0.00000    -0.00002    -0.00112    -0.00014    -0.00000    -0.00000    -0.00000    -0.00000    -0.00007    -0.00001    -0.00000    -0.00000    -0.01567
   -19.35407    -0.00091    -0.00009    -0.01153    -0.00061    -0.00000    -0.00002    -0.00103    -0.00015    -0.00000    -0.00000    -0.00000    -0.00000    -0.00007    -0.00001    -0.00000    -0.00000    -0.01444
   -19.33007    -0.00084    -0.00009    -0.01066    -0.00066    -0.00000    -0.00002    -0.00097    -0.00016    -0.00000    -0.00000    -0.00000    -0.00000    -0.00006    -0.00001    -0.00000    -0.00000    -0.01348
   -19.30607    -0.00524    -0.00010    -0.06552    -0.00084    -0.00000    -0.00002    -0.00611    -0.00021    -0.00004    -0.00000    -0.00000    -0.00000    -0.00040    -0.00002    -0.00001    -0.00000    -0.07852
   -19.28207    -0.00647    -0.00011    -0.08041    -0.00138    -0.00000    -0.00003    -0.00761    -0.00034    -0.00005    -0.00000    -0.00000    -0.00000    -0.00051    -0.00003    -0.00001    -0.00000    -0.09694
   -19.25807    -0.00566    -0.00012    -0.06979    -0.00104    -0.00000    -0.00003    -0.00675    -0.00026    -0.00004    -0.00000    -0.00000    -0.00000    -0.00045    -0.00002    -0.00001    -0.00000    -0.08418
   -19.23407    -0.00579    -0.00012    -0.07109    -0.00091    -0.00000    -0.00003    -0.00697    -0.00023    -0.00005    -0.00000    -0.00000    -0.00000    -0.00047    -0.00002    -0.00001    -0.00000    -0.08570
   -19.21007    -0.00590    -0.00013    -0.07174    -0.00095    -0.00000    -0.00003    -0.00719    -0.00025    -0.00005    -0.00000    -0.00000    -0.00000    -0.00049    -0.00002    -0.00001    -0.00000    -0.08676
   -19.18607    -0.00604    -0.00013    -0.07309    -0.00094    -0.00000    -0.00003    -0.00743    -0.00024    -0.00005    -0.00000    -0.00000    -0.00000    -0.00051    -0.00002    -0.00001    -0.00000    -0.08849
   -19.16207    -0.00686    -0.00007    -0.08239    -0.00096    -0.00000    -0.00002    -0.00854    -0.00025    -0.00006    -0.00000    -0.00000    -0.00000    -0.00059    -0.00002    -0.00001    -0.00000    -0.09978
   -19.13807    -0.01288    -0.00007    -0.15400    -0.00266    -0.00000    -0.00002    -0.01623    -0.00071    -0.00010    -0.00000    -0.00000    -0.00000    -0.00113    -0.00006    -0.00002    -0.00000    -0.18788
   -19.11407    -0.00752    -0.00009    -0.08939    -0.00225    -0.00000    -0.00002    -0.00958    -0.00061    -0.00006    -0.00000    -0.00000    -0.00000    -0.00067    -0.00005    -0.00001    -0.00000    -0.11027
   -19.09007    -0.00713    -0.00017    -0.08431    -0.00357    -0.00000    -0.00005    -0.00918    -0.00098    -0.00005    -0.00000    -0.00000    -0.00000    -0.00065    -0.00008    -0.00001    -0.00000    -0.10618
   -19.06607    -0.00546    -0.00018    -0.06422    -0.00372    -0.00000    -0.00005    -0.00707    -0.00103    -0.00004    -0.00000    -0.00000    -0.00000    -0.00050    -0.00009    -0.00001    -0.00000    -0.08237
   -19.04207    -0.00308    -0.00005    -0.03603    -0.00186    -0.00000    -0.00001    -0.00402    -0.00052    -0.00003    -0.00000    -0.00000    -0.00000    -0.00029    -0.00004    -0.00001    -0.00000    -0.04593
   -19.01807    -0.00203    -0.00003    -0.02366    -0.00193    -0.00000    -0.00001    -0.00267    -0.00054    -0.00002    -0.00000    -0.00000    -0.00000    -0.00019    -0.00005    -0.00000    -0.00000    -0.03114
   -18.99407    -0.00130    -0.00003    -0.01513    -0.00181    -0.00000    -0.00001    -0.00174    -0.00051    -0.00001    -0.00000    -0.00000    -0.00000    -0.00013    -0.00004    -0.00000    -0.00000    -0.02073
   -18.97007    -0.00073    -0.00002    -0.00832    -0.00055    -0.00000    -0.00000    -0.00100    -0.00016    -0.00000    -0.00000    -0.00000    -0.00000    -0.00007    -0.00001    -0.00000    -0.00000    -0.01086
   -18.94607    -0.00100    -0.00002    -0.01143    -0.00070    -0.00000    -0.00001    -0.00138    -0.00020    -0.00000    -0.00000    -0.00000    -0.00000    -0.00010    -0.00002    -0.00000    -0.00000    -0.01487
   -18.92207    -0.00428    -0.00004    -0.04853    -0.00153    -0.00001    -0.00001    -0.00600    -0.00045    -0.00001    -0.00000    -0.00000    -0.00000    -0.00045    -0.00004    -0.00000    -0.00000    -0.06135
   -18.89807    -0.00542    -0.00004    -0.06120    -0.00152    -0.00001    -0.00001    -0.00766    -0.00045    -0.00001    -0.00000    -0.00000    -0.00000    -0.00057    -0.00004    -0.00000    -0.00000    -0.07693
   -18.87407    -0.00380    -0.00003    -0.04275    -0.00121    -0.00000    -0.00001    -0.00541    -0.00037    -0.00001    -0.00000    -0.00000    -0.00000    -0.00041    -0.00003    -0.00000    -0.00000    -0.05404
   -18.85007    -0.00289    -0.00002    -0.03240    -0.00101    -0.00000    -0.00001    -0.00415    -0.00031    -0.00001    -0.00000    -0.00000    -0.00000    -0.00031    -0.00003    -0.00000    -0.00000    -0.04115
   -18.82607    -0.00523    -0.00003    -0.05807    -0.00053    -0.00000    -0.00001    -0.00766    -0.00017    -0.00001    -0.00000    -0.00000    -0.00000    -0.00059    -0.00001    -0.00000    -0.00000    -0.07232
   -18.80207    -0.00597    -0.00003    -0.06602    -0.00066    -0.00000    -0.00001    -0.00881    -0.00021    -0.00001    -0.00000    -0.00000    -0.00000    -0.00068    -0.00002    -0.00000    -0.00000    -0.08242
   -18.77807    -0.00556    -0.00004    -0.06118    -0.00071    -0.00000    -0.00001    -0.00830    -0.00023    -0.00001    -0.00000    -0.00000    -0.00000    -0.00064    -0.00002    -0.00000    -0.00000    -0.07670
   -18.75407    -0.00572    -0.00004    -0.06261    -0.00081    -0.00000    -0.00001    -0.00864    -0.00026    -0.00001    -0.00000    -0.00000    -0.00000    -0.00067    -0.00002    -0.00000    -0.00000    -0.07880
   -18.73107    -0.00614    -0.00004    -0.06683    -0.00091    -0.00000    -0.00001    -0.00940    -0.00029    -0.00001    -0.00000    -0.00000    -0.00000    -0.00074    -0.00003    -0.00000    -0.00000    -0.08440
   -18.70707    -0.00730    -0.00004    -0.07913    -0.00104    -0.00000    -0.00001    -0.01131    -0.00034    -0.00001    -0.00000    -0.00000    -0.00000    -0.00089    -0.00003    -0.00000    -0.00000    -0.10013
   -18.68307    -0.00776    -0.00004    -0.08368    -0.00116    -0.00000    -0.00001    -0.01216    -0.00038    -0.00001    -0.00000    -0.00000    -0.00000    -0.00097    -0.00003    -0.00000    -0.00000    -0.10622
   -18.65907    -0.00619    -0.00003    -0.06632    -0.00115    -0.00000    -0.00001    -0.00983    -0.00039    -0.00001    -0.00000    -0.00000    -0.00000    -0.00079    -0.00003    -0.00000    -0.00000    -0.08475
   -18.63507    -0.00594    -0.00003    -0.06343    -0.00119    -0.00000    -0.00001    -0.00951    -0.00040    -0.00000    -0.00000    -0.00000    -0.00000    -0.00077    -0.00004    -0.00000    -0.00000    -0.08133
   -18.61107    -0.00570    -0.00003    -0.06066    -0.00122    -0.00000    -0.00001    -0.00922    -0.00041    -0.00000    -0.00000    -0.00000    -0.00000    -0.00075    -0.00004    -0.00000    -0.00000    -0.07805
   -18.58707    -0.00548    -0.00003    -0.05813    -0.00125    -0.00000    -0.00001    -0.00895    -0.00043    -0.00000    -0.00000    -0.00000    -0.00000    -0.00073    -0.00004    -0.00000    -0.00000    -0.07505
   -18.56307    -0.00524    -0.00003    -0.05529    -0.00127    -0.00000    -0.00001    -0.00865    -0.00044    -0.00000    -0.00000    -0.00000    -0.00000    -0.00071    -0.00004    -0.00000    -0.00000    -0.07168
   -18.53907    -0.00492    -0.00003    -0.05161    -0.00128    -0.00000    -0.00001    -0.00826    -0.00045    -0.00000    -0.00000    -0.00000    -0.00000    -0.00068    -0.00004    -0.00000    -0.00000    -0.06727
   -18.51507    -0.00475    -0.00002    -0.04961    -0.00127    -0.00000    -0.00001    -0.00809    -0.00045    -0.00000    -0.00000    -0.00000    -0.00000    -0.00068    -0.00004    -0.00000    -0.00000    -0.06493
   -18.49107    -0.00467    -0.00002    -0.04851    -0.00125    -0.00000    -0.00001    -0.00805    -0.00045    -0.00000    -0.00000    -0.00000    -0.00000    -0.00068    -0.00004    -0.00000    -0.00000    -0.06368
   -18.46707    -0.00461    -0.00002    -0.04778    -0.00124    -0.00000    -0.00001    -0.00803    -0.00044    -0.00000    -0.00000    -0.00000    -0.00000    -0.00068    -0.00004    -0.00000    -0.00000    -0.06286
   -18.44307    -0.00457    -0.00002    -0.04713    -0.00122    -0.00000    -0.00001    -0.00803    -0.00044    -0.00000    -0.00000    -0.00000    -0.00000    -0.00068    -0.00004    -0.00000    -0.00000    -0.06215
   -18.41907    -0.00453    -0.00002    -0.04657    -0.00120    -0.00000    -0.00001    -0.00805    -0.00044    -0.00000    -0.00000    -0.00000    -0.00000    -0.00069    -0.00004    -0.00000    -0.00000    -0.06155
   -18.39507    -0.00451    -0.00002    -0.04613    -0.00119    -0.00000    -0.00001    -0.00810    -0.00044    -0.00000    -0.00000    -0.00000    -0.00000    -0.00070    -0.00004    -0.00000    -0.00000    -0.06113
   -18.37107    -0.00471    -0.00002    -0.04804    -0.00119    -0.00000    -0.00001    -0.00860    -0.00044    -0.00000    -0.00000    -0.00000    -0.00000    -0.00075    -0.00004    -0.00000    -0.00000    -0.06381
   -18.34707    -0.00484    -0.00002    -0.04918    -0.00116    -0.00000    -0.00001    -0.00890    -0.00043    -0.00001    -0.00000    -0.00000    -0.00000    -0.00078    -0.00004    -0.00000    -0.00000    -0.06536
   -18.32307    -0.00498    -0.00003    -0.05031    -0.00108    -0.00000    -0.00001    -0.00930    -0.00041    -0.00001    -0.00000    -0.00000    -0.00000    -0.00082    -0.00004    -0.00000    -0.00000    -0.06698
   -18.29907    -0.00505    -0.00003    -0.05082    -0.00101    -0.00000    -0.00001    -0.00953    -0.00038    -0.00001    -0.00000    -0.00000    -0.00000    -0.00084    -0.00004    -0.00000    -0.00000    -0.06772
   -18.27507    -0.00450    -0.00002    -0.04518    -0.00088    -0.00000    -0.00001    -0.00862    -0.00034    -0.00000    -0.00000    -0.00000    -0.00000    -0.00077    -0.00003    -0.00000    -0.00000    -0.06036
   -18.25107    -0.00459    -0.00000    -0.04581    -0.00083    -0.00000    -0.00000    -0.00890    -0.00032    -0.00000    -0.00000    -0.00000    -0.00000    -0.00080    -0.00003    -0.00000    -0.00000    -0.06130
   -18.22707    -0.00485    -0.00000    -0.04825    -0.00080    -0.00000    -0.00000    -0.00953    -0.00031    -0.00001    -0.00000    -0.00000    -0.00000    -0.00086    -0.00003    -0.00000    -0.00000    -0.06464
   -18.20307    -0.00490    -0.00000    -0.04865    -0.00076    -0.00000    -0.00000    -0.00968    -0.00030    -0.00001    -0.00000    -0.00000    -0.00000    -0.00088    -0.00003    -0.00000    -0.00000    -0.06520
   -18.17907    -0.00494    -0.00000    -0.04905    -0.00071    -0.00000    -0.00000    -0.00984    -0.00028    -0.00001    -0.00000    -0.00000    -0.00000    -0.00089    -0.00003    -0.00000    -0.00000    -0.06576
   -18.15507    -0.00762    -0.00000    -0.07516    -0.00071    -0.00000    -0.00000    -0.01547    -0.00029    -0.00002    -0.00000    -0.00000    -0.00000    -0.00142    -0.00003    -0.00000    -0.00000    -0.10072
   -18.13107    -0.01009    -0.00000    -0.09916    -0.00065    -0.00000    -0.00000    -0.02075    -0.00026    -0.00002    -0.00000    -0.00000    -0.00000    -0.00192    -0.00002    -0.00000    -0.00000    -0.13288
   -18.10707    -0.01175    -0.00000    -0.11520    -0.00047    -0.00000    -0.00000    -0.02438    -0.00019    -0.00003    -0.00000    -0.00000    -0.00000    -0.00226    -0.00002    -0.00001    -0.00000    -0.15431
   -18.08307    -0.00508    -0.00000    -0.04966    -0.00013    -0.00000    -0.00000    -0.01063    -0.00006    -0.00001    -0.00000    -0.00000    -0.00000    -0.00099    -0.00001    -0.00000    -0.00000    -0.06657
   -18.05907     0.00000     0.00000     0.00000     0.00000     0.00000     0.00000     0.00000     0.00000     0.00000     0.00000     0.00000     0.00000     0.00000     0.00000     0.00000     0.00000     0.00000
   -18.03507     0.00000     0.00000     0.00000     0.00000     0.00000     0.00000     0.00000     0.00000     0.00000     0.00000     0.00000     0.00000     0.00000     0.00000     0.00000     0.00000     0.00000
   -18.01107     0.00000     0.00000     0.00000     0.00000     0.00000     0.00000     0.00000     0.00000     0.00000     0.00000     0.00000     0.00000     0.00000     0.00000     0.00000     0.00000     0.00000
   -17.98707     0.00000     0.00000     0.00000     0.00000     0.00000     0.00000     0.00000     0.00000     0.00000     0.00000     0.00000     0.00000     0.00000     0.00000     0.00000     0.00000     0.00000
   -17.96307     0.00000     0.00000     0.00000     0.00000     0.00000     0.00000     0.00000     0.00000     0.00000     0.00000     0.00000     0.00000     0.00000     0.00000     0.00000     0.00000     0.00000
   -17.93907     0.00000     0.00000     0.00000     0.00000     0.00000     0.00000     0.00000     0.00000     0.00000     0.00000     0.00000     0.00000     0.00000     0.00000     0.00000     0.00000     0.00000
   -17.91507     0.00000     0.00000     0.00000     0.00000     0.00000     0.00000     0.00000     0.00000     0.00000     0.00000     0.00000     0.00000     0.00000     0.00000     0.00000     0.00000     0.00000
   -17.89107     0.00000     0.00000     0.00000     0.00000     0.00000     0.00000     0.00000     0.00000     0.00000     0.00000     0.00000     0.00000     0.00000     0.00000     0.00000     0.00000     0.00000
   -17.86707     0.00000     0.00000     0.00000     0.00000     0.00000     0.00000     0.00000     0.00000     0.00000     0.00000     0.00000     0.00000     0.00000     0.00000     0.00000     0.00000     0.00000
   -17.84307     0.00000     0.00000     0.00000     0.00000     0.00000     0.00000     0.00000     0.00000     0.00000     0.00000     0.00000     0.00000     0.00000     0.00000     0.00000     0.00000     0.00000
   -17.82007     0.00000     0.00000     0.00000     0.00000     0.00000     0.00000     0.00000     0.00000     0.00000     0.00000     0.00000     0.00000     0.00000     0.00000     0.00000     0.00000     0.00000
   -17.79607     0.00000     0.00000     0.00000     0.00000     0.00000     0.00000     0.00000     0.00000     0.00000     0.00000     0.00000     0.00000     0.00000     0.00000     0.00000     0.00000     0.00000
   -17.77207     0.00000     0.00000     0.00000     0.00000     0.00000     0.00000     0.00000     0.00000     0.00000     0.00000     0.00000     0.00000     0.00000     0.00000     0.00000     0.00000     0.00000
   -17.74807     0.00000     0.00000     0.00000     0.00000     0.00000     0.00000     0.00000     0.00000     0.00000     0.00000     0.00000     0.00000     0.00000     0.00000     0.00000     0.00000     0.00000
   -17.72407     0.00000     0.00000     0.00000     0.00000     0.00000     0.00000     0.00000     0.00000     0.00000     0.00000     0.00000     0.00000     0.00000     0.00000     0.00000     0.00000     0.00000
   -17.70007     0.00000     0.00000     0.00000     0.00000     0.00000     0.00000     0.00000     0.00000     0.00000     0.00000     0.00000     0.00000     0.00000     0.00000     0.00000     0.00000     0.00000
   -17.67607     0.00000     0.00000     0.00000     0.00000     0.00000     0.00000     0.00000     0.00000     0.00000     0.00000     0.00000     0.00000     0.00000     0.00000     0.00000     0.00000     0.00000
   -17.65207    -0.00000    -0.00000    -0.00002    -0.00010    -0.00000    -0.00000    -0.00001    -0.00005    -0.00000    -0.00000    -0.00000    -0.00000    -0.00000    -0.00000    -0.00000    -0.00000    -0.00018
   -17.62807    -0.00004    -0.00000    -0.00034    -0.00127    -0.00000    -0.00000    -0.00010    -0.00064    -0.00000    -0.00000    -0.00000    -0.00000    -0.00001    -0.00007    -0.00000    -0.00000    -0.00247
   -17.60407    -0.00006    -0.00000    -0.00058    -0.00183    -0.00000    -0.00000    -0.00018    -0.00094    -0.00000    -0.00000    -0.00000    -0.00000    -0.00002    -0.00010    -0.00000    -0.00000    -0.00371
   -17.58007    -0.00009    -0.00000    -0.00083    -0.00222    -0.00000    -0.00000    -0.00025    -0.00114    -0.00000    -0.00000    -0.00000    -0.00000    -0.00003    -0.00012    -0.00000    -0.00000    -0.00468
   -17.55607    -0.00012    -0.00000    -0.00110    -0.00258    -0.00001    -0.00000    -0.00034    -0.00134    -0.00000    -0.00000    -0.00000    -0.00000    -0.00004    -0.00014    -0.00000    -0.00000    -0.00565
   -17.53207    -0.00015    -0.00000    -0.00139    -0.00285    -0.00001    -0.00000    -0.00043    -0.00148    -0.00000    -0.00000    -0.00000    -0.00000    -0.00005    -0.00015    -0.00000    -0.00000    -0.00652
   -17.50807    -0.00015    -0.00000    -0.00142    -0.00246    -0.00001    -0.00000    -0.00045    -0.00130    -0.00000    -0.00000    -0.00000    -0.00000    -0.00005    -0.00013    -0.00000    -0.00000    -0.00599
   -17.48407    -0.00016    -0.00000    -0.00151    -0.00240    -0.00001    -0.00000    -0.00049    -0.00128    -0.00000    -0.00000    -0.00000    -0.00000    -0.00005    -0.00013    -0.00000    -0.00000    -0.00604
   -17.46007    -0.00018    -0.00000    -0.00164    -0.00239    -0.00001    -0.00000    -0.00054    -0.00129    -0.00000    -0.00000    -0.00000    -0.00000    -0.00006    -0.00013    -0.00000    -0.00000    -0.00625
   -17.43607    -0.00019    -0.00000    -0.00176    -0.00241    -0.00002    -0.00000    -0.00058    -0.00131    -0.00000    -0.00000    -0.00000    -0.00000    -0.00006    -0.00014    -0.00000    -0.00000    -0.00647
   -17.41207    -0.00020    -0.00000    -0.00184    -0.00246    -0.00002    -0.00000    -0.00061    -0.00134    -0.00000    -0.00000    -0.00000    -0.00000    -0.00007    -0.00014    -0.00000    -0.00000    -0.00670
   -17.38807    -0.00023    -0.00000    -0.00206    -0.00308    -0.00003    -0.00000    -0.00069    -0.00169    -0.00001    -0.00000    -0.00001    -0.00000    -0.00008    -0.00018    -0.00000    -0.00000    -0.00806
   -17.36407    -0.00024    -0.00000    -0.00218    -0.00286    -0.00003    -0.00000    -0.00074    -0.00158    -0.00001    -0.00000    -0.00001    -0.00000    -0.00008    -0.00017    -0.00000    -0.00000    -0.00789
   -17.34007    -0.00025    -0.00000    -0.00226    -0.00262    -0.00002    -0.00000    -0.00077    -0.00146    -0.00001    -0.00000    -0.00001    -0.00000    -0.00009    -0.00015    -0.00000    -0.00000    -0.00765
   -17.31607    -0.00026    -0.00000    -0.00233    -0.00239    -0.00002    -0.00000    -0.00080    -0.00134    -0.00001    -0.00000    -0.00001    -0.00000    -0.00009    -0.00014    -0.00000    -0.00000    -0.00739
   -17.29207    -0.00026    -0.00000    -0.00233    -0.00191    -0.00002    -0.00000    -0.00081    -0.00108    -0.00001    -0.00000    -0.00000    -0.00000    -0.00009    -0.00011    -0.00000    -0.00000    -0.00663
   -17.26807    -0.00026    -0.00007    -0.00238    -0.00229    -0.00004    -0.00004    -0.00084    -0.00131    -0.00001    -0.00000    -0.00001    -0.00000    -0.00010    -0.00014    -0.00000    -0.00000    -0.00749
   -17.24407    -0.00026    -0.00012    -0.00239    -0.00232    -0.00005    -0.00007    -0.00086    -0.00134    -0.00001    -0.00000    -0.00001    -0.00001    -0.00010    -0.00014    -0.00000    -0.00000    -0.00769
   -17.22007    -0.00027    -0.00014    -0.00244    -0.00239    -0.00006    -0.00008    -0.00089    -0.00139    -0.00001    -0.00000    -0.00002    -0.00001    -0.00010    -0.00015    -0.00000    -0.00000    -0.00795
   -17.19607    -0.00027    -0.00016    -0.00246    -0.00221    -0.00006    -0.00009    -0.00091    -0.00130    -0.00001    -0.00000    -0.00001    -0.00001    -0.00011    -0.00014    -0.00000    -0.00000    -0.00774
   -17.17207    -0.00028    -0.00018    -0.00251    -0.00222    -0.00006    -0.00011    -0.00094    -0.00131    -0.00001    -0.00000    -0.00002    -0.00001    -0.00011    -0.00014    -0.00000    -0.00000    -0.00789
   -17.14807    -0.00028    -0.00020    -0.00255    -0.00223    -0.00007    -0.00012    -0.00097    -0.00132    -0.00001    -0.00000    -0.00002    -0.00001    -0.00011    -0.00014    -0.00000    -0.00000    -0.00802
   -17.12407    -0.00029    -0.00219    -0.00260    -0.00220    -0.00008    -0.00126    -0.00100    -0.00132    -0.00001    -0.00001    -0.00002    -0.00013    -0.00012    -0.00014    -0.00000    -0.00000    -0.01137
   -17.10007    -0.00030    -0.00390    -0.00270    -0.00217    -0.00009    -0.00227    -0.00105    -0.00131    -0.00001    -0.00002    -0.00002    -0.00023    -0.00012    -0.00014    -0.00000    -0.00000    -0.01434
   -17.07607    -0.00033    -0.00287    -0.00297    -0.00221    -0.00010    -0.00168    -0.00117    -0.00135    -0.00001    -0.00001    -0.00003    -0.00017    -0.00014    -0.00015    -0.00000    -0.00000    -0.01318
   -17.05207    -0.00037    -0.00243    -0.00339    -0.00239    -0.00010    -0.00143    -0.00135    -0.00147    -0.00001    -0.00001    -0.00003    -0.00015    -0.00016    -0.00016    -0.00000    -0.00000    -0.01346
   -17.02807    -0.00041    -0.00286    -0.00374    -0.00252    -0.00012    -0.00169    -0.00151    -0.00156    -0.00001    -0.00001    -0.00003    -0.00017    -0.00018    -0.00017    -0.00000    -0.00000    -0.01501
   -17.00407    -0.00047    -0.00378    -0.00429    -0.00322    -0.00019    -0.00226    -0.00176    -0.00201    -0.00001    -0.00002    -0.00005    -0.00023    -0.00021    -0.00022    -0.00000    -0.00000    -0.01873
   -16.98007    -0.00053    -0.00325    -0.00482    -0.00350    -0.00022    -0.00195    -0.00199    -0.00220    -0.00002    -0.00002    -0.00006    -0.00020    -0.00024    -0.00024    -0.00000    -0.00000    -0.01925
   -16.95607    -0.00048    -0.00297    -0.00434    -0.00281    -0.00021    -0.00180    -0.00181    -0.00177    -0.00001    -0.00001    -0.00006    -0.00019    -0.00022    -0.00020    -0.00000    -0.00000    -0.01689
   -16.93307    -0.00046    -0.00264    -0.00418    -0.00221    -0.00020    -0.00162    -0.00177    -0.00141    -0.00001    -0.00001    -0.00005    -0.00017    -0.00022    -0.00016    -0.00000    -0.00000    -0.01512
   -16.90907    -0.00043    -0.00280    -0.00393    -0.00193    -0.00021    -0.00174    -0.00168    -0.00124    -0.00001    -0.00001    -0.00005    -0.00018    -0.00021    -0.00014    -0.00000    -0.00000    -0.01457
   -16.88507    -0.00040    -0.00407    -0.00363    -0.00163    -0.00031    -0.00254    -0.00156    -0.00105    -0.00001    -0.00002    -0.00008    -0.00027    -0.00019    -0.00012    -0.00000    -0.00000    -0.01588
   -16.86107    -0.00042    -0.00373    -0.00379    -0.00169    -0.00026    -0.00235    -0.00166    -0.00110    -0.00001    -0.00002    -0.00007    -0.00025    -0.00021    -0.00012    -0.00000    -0.00000    -0.01567
   -16.83707    -0.00041    -0.00354    -0.00375    -0.00182    -0.00029    -0.00224    -0.00165    -0.00119    -0.00001    -0.00002    -0.00008    -0.00024    -0.00021    -0.00013    -0.00000    -0.00000    -0.01558
   -16.81307    -0.00042    -0.00319    -0.00381    -0.00202    -0.00032    -0.00203    -0.00171    -0.00134    -0.00001    -0.00002    -0.00008    -0.00021    -0.00021    -0.00015    -0.00000    -0.00000    -0.01554
   -16.78907    -0.00043    -0.00357    -0.00392    -0.00200    -0.00057    -0.00229    -0.00179    -0.00134    -0.00001    -0.00002    -0.00015    -0.00024    -0.00023    -0.00015    -0.00000    -0.00000    -0.01671
   -16.76507    -0.00045    -0.00313    -0.00412    -0.00196    -0.00055    -0.00202    -0.00191    -0.00132    -0.00001    -0.00002    -0.00014    -0.00022    -0.00024    -0.00015    -0.00000    -0.00000    -0.01626
   -16.74107    -0.00048    -0.00326    -0.00434    -0.00200    -0.00063    -0.00212    -0.00204    -0.00135    -0.00001    -0.00002    -0.00016    -0.00023    -0.00026    -0.00015    -0.00000    -0.00000    -0.01706
   -16.71707    -0.00051    -0.00329    -0.00459    -0.00205    -0.00070    -0.00215    -0.00218    -0.00139    -0.00001    -0.00002    -0.00018    -0.00023    -0.00028    -0.00016    -0.00000    -0.00000    -0.01773
   -16.69307    -0.00063    -0.00358    -0.00573    -0.00241    -0.00088    -0.00237    -0.00277    -0.00166    -0.00002    -0.00002    -0.00023    -0.00025    -0.00036    -0.00019    -0.00000    -0.00000    -0.02109
   -16.66907    -0.00078    -0.00321    -0.00713    -0.00276    -0.00075    -0.00214    -0.00350    -0.00193    -0.00002    -0.00002    -0.00020    -0.00023    -0.00045    -0.00022    -0.00001    -0.00000    -0.02334
   -16.64507    -0.00127    -0.00305    -0.01154    -0.00398    -0.00080    -0.00206    -0.00575    -0.00281    -0.00004    -0.00002    -0.00021    -0.00022    -0.00075    -0.00032    -0.00001    -0.00001    -0.03285
   -16.62107    -0.00095    -0.00294    -0.00869    -0.00280    -0.00072    -0.00199    -0.00441    -0.00199    -0.00003    -0.00002    -0.00019    -0.00022    -0.00058    -0.00023    -0.00001    -0.00001    -0.02577
   -16.59707    -0.00069    -0.00255    -0.00629    -0.00195    -0.00069    -0.00174    -0.00324    -0.00139    -0.00002    -0.00001    -0.00018    -0.00019    -0.00043    -0.00016    -0.00000    -0.00000    -0.01953
   -16.57307    -0.00059    -0.00227    -0.00540    -0.00152    -0.00057    -0.00156    -0.00282    -0.00110    -0.00002    -0.00001    -0.00015    -0.00017    -0.00038    -0.00013    -0.00000    -0.00000    -0.01669
   -16.54907    -0.00057    -0.00209    -0.00521    -0.00134    -0.00048    -0.00144    -0.00275    -0.00097    -0.00002    -0.00001    -0.00013    -0.00016    -0.00037    -0.00011    -0.00000    -0.00000    -0.01564
   -16.52507    -0.00054    -0.00194    -0.00490    -0.00119    -0.00040    -0.00134    -0.00261    -0.00087    -0.00001    -0.00001    -0.00011    -0.00015    -0.00035    -0.00010    -0.00000    -0.00000    -0.01452
   -16.50107    -0.00076    -0.00745    -0.00693    -0.00101    -0.00030    -0.00522    -0.00370    -0.00074    -0.00002    -0.00005    -0.00008    -0.00057    -0.00050    -0.00009    -0.00000    -0.00000    -0.02742
   -16.47707    -0.00047    -0.00234    -0.00432    -0.00092    -0.00027    -0.00165    -0.00234    -0.00068    -0.00001    -0.00001    -0.00007    -0.00018    -0.00032    -0.00008    -0.00000    -0.00000    -0.01367
   -16.45307    -0.00037    -0.00214    -0.00336    -0.00083    -0.00021    -0.00152    -0.00185    -0.00062    -0.00001    -0.00001    -0.00005    -0.00017    -0.00025    -0.00007    -0.00000    -0.00000    -0.01146
   -16.42907    -0.00039    -0.00069    -0.00359    -0.00108    -0.00004    -0.00049    -0.00200    -0.00082    -0.00001    -0.00000    -0.00001    -0.00005    -0.00027    -0.00010    -0.00000    -0.00000    -0.00957
   -16.40507    -0.00044    -0.00019    -0.00408    -0.00098    -0.00003    -0.00014    -0.00230    -0.00075    -0.00002    -0.00000    -0.00001    -0.00002    -0.00032    -0.00009    -0.00000    -0.00000    -0.00938
   -16.38107    -0.00040    -0.00012    -0.00370    -0.00090    -0.00002    -0.00009    -0.00210    -0.00069    -0.00002    -0.00000    -0.00000    -0.00001    -0.00029    -0.00008    -0.00000    -0.00000    -0.00844
   -16.35707    -0.00093    -0.00007    -0.00862    -0.00232    -0.00002    -0.00005    -0.00503    -0.00181    -0.00004    -0.00000    -0.00000    -0.00001    -0.00070    -0.00022    -0.00001    -0.00001    -0.01984
   -16.33307    -0.00000    -0.00000    -0.00001    -0.00033    -0.00001    -0.00000    -0.00001    -0.00025    -0.00000    -0.00000    -0.00000    -0.00000    -0.00000    -0.00003    -0.00000    -0.00000    -0.00064
   -16.30907    -0.00013    -0.00027    -0.00116    -0.00078    -0.00005    -0.00020    -0.00070    -0.00061    -0.00000    -0.00000    -0.00001    -0.00002    -0.00010    -0.00007    -0.00000    -0.00000    -0.00410
   -16.28507    -0.00016    -0.00035    -0.00145    -0.00089    -0.00006    -0.00026    -0.00088    -0.00070    -0.00000    -0.00000    -0.00001    -0.00003    -0.00012    -0.00008    -0.00000    -0.00000    -0.00500
   -16.26107    -0.00093    -0.00438    -0.00859    -0.00110    -0.00012    -0.00331    -0.00524    -0.00087    -0.00001    -0.00003    -0.00003    -0.00037    -0.00074    -0.00010    -0.00000    -0.00000    -0.02584
   -16.23707    -0.00023    -0.00081    -0.00211    -0.00099    -0.00006    -0.00062    -0.00132    -0.00078    -0.00000    -0.00001    -0.00002    -0.00007    -0.00019    -0.00009    -0.00000    -0.00000    -0.00731
   -16.21307    -0.00024    -0.00081    -0.00226    -0.00110    -0.00007    -0.00063    -0.00144    -0.00087    -0.00000    -0.00001    -0.00002    -0.00007    -0.00021    -0.00010    -0.00000    -0.00000    -0.00783
   -16.18907    -0.00025    -0.00081    -0.00235    -0.00119    -0.00007    -0.00063    -0.00151    -0.00095    -0.00000    -0.00001    -0.00002    -0.00007    -0.00022    -0.00011    -0.00000    -0.00000    -0.00820
   -16.16507    -0.00026    -0.00081    -0.00244    -0.00125    -0.00008    -0.00063    -0.00158    -0.00101    -0.00001    -0.00001    -0.00002    -0.00007    -0.00023    -0.00012    -0.00000    -0.00000    -0.00852
   -16.14107    -0.00030    -0.00082    -0.00279    -0.00130    -0.00009    -0.00064    -0.00183    -0.00106    -0.00001    -0.00001    -0.00002    -0.00007    -0.00027    -0.00013    -0.00000    -0.00000    -0.00933
   -16.11707    -0.00030    -0.00079    -0.00285    -0.00147    -0.00009    -0.00062    -0.00188    -0.00121    -0.00001    -0.00001    -0.00003    -0.00007    -0.00028    -0.00015    -0.00000    -0.00000    -0.00977
   -16.09307    -0.00031    -0.00078    -0.00298    -0.00149    -0.00009    -0.00062    -0.00199    -0.00123    -0.00001    -0.00001    -0.00003    -0.00007    -0.00029    -0.00015    -0.00000    -0.00000    -0.01006
   -16.06907    -0.00041    -0.00077    -0.00385    -0.00175    -0.00009    -0.00061    -0.00262    -0.00147    -0.00001    -0.00001    -0.00003    -0.00007    -0.00039    -0.00018    -0.00000    -0.00000    -0.01228
   -16.04507    -0.00030    -0.00073    -0.00284    -0.00137    -0.00009    -0.00059    -0.00196    -0.00116    -0.00001    -0.00001    -0.00002    -0.00007    -0.00029    -0.00014    -0.00000    -0.00000    -0.00958
   -16.02207    -0.00029    -0.00069    -0.00275    -0.00136    -0.00009    -0.00057    -0.00195    -0.00115    -0.00001    -0.00001    -0.00002    -0.00007    -0.00029    -0.00014    -0.00000    -0.00000    -0.00939
   -15.99807    -0.00028    -0.00067    -0.00266    -0.00138    -0.00009    -0.00055    -0.00191    -0.00117    -0.00001    -0.00001    -0.00002    -0.00006    -0.00029    -0.00014    -0.00000    -0.00000    -0.00924
   -15.97407    -0.00027    -0.00065    -0.00257    -0.00139    -0.00009    -0.00054    -0.00186    -0.00119    -0.00001    -0.00000    -0.00002    -0.00006    -0.00028    -0.00015    -0.00000    -0.00000    -0.00909
   -15.95007    -0.00026    -0.00064    -0.00255    -0.00142    -0.00009    -0.00053    -0.00186    -0.00122    -0.00001    -0.00000    -0.00003    -0.00006    -0.00028    -0.00015    -0.00000    -0.00000    -0.00911
   -15.92607    -0.00026    -0.00063    -0.00253    -0.00145    -0.00010    -0.00052    -0.00186    -0.00125    -0.00001    -0.00000    -0.00003    -0.00006    -0.00028    -0.00015    -0.00000    -0.00000    -0.00915
   -15.90207    -0.00027    -0.00071    -0.00266    -0.00154    -0.00011    -0.00059    -0.00198    -0.00133    -0.00001    -0.00001    -0.00003    -0.00007    -0.00030    -0.00016    -0.00000    -0.00000    -0.00979
   -15.87807    -0.00028    -0.00077    -0.00278    -0.00158    -0.00012    -0.00065    -0.00209    -0.00137    -0.00001    -0.00001    -0.00003    -0.00008    -0.00032    -0.00017    -0.00000    -0.00000    -0.01027
   -15.85407    -0.00034    -0.00099    -0.00335    -0.00193    -0.00015    -0.00084    -0.00256    -0.00169    -0.00002    -0.00001    -0.00004    -0.00010    -0.00040    -0.00021    -0.00000    -0.00000    -0.01263
   -15.83007    -0.00043    -0.00107    -0.00428    -0.00252    -0.00013    -0.00091    -0.00332    -0.00222    -0.00003    -0.00001    -0.00004    -0.00011    -0.00052    -0.00028    -0.00001    -0.00000    -0.01587
   -15.80607    -0.00049    -0.00108    -0.00488    -0.00260    -0.00011    -0.00093    -0.00383    -0.00231    -0.00004    -0.00001    -0.00003    -0.00011    -0.00060    -0.00029    -0.00001    -0.00000    -0.01730
   -15.78207    -0.00030    -0.00066    -0.00302    -0.00140    -0.00006    -0.00056    -0.00239    -0.00124    -0.00002    -0.00001    -0.00002    -0.00007    -0.00037    -0.00016    -0.00001    -0.00000    -0.01027
   -15.75807    -0.00010    -0.00018    -0.00096    -0.00056    -0.00002    -0.00016    -0.00077    -0.00050    -0.00001    -0.00000    -0.00001    -0.00002    -0.00012    -0.00006    -0.00000    -0.00000    -0.00347
   -15.73407    -0.00005    -0.00009    -0.00047    -0.00027    -0.00001    -0.00008    -0.00038    -0.00024    -0.00001    -0.00000    -0.00000    -0.00001    -0.00006    -0.00003    -0.00000    -0.00000    -0.00171
   -15.71007     0.00000     0.00000     0.00000     0.00000     0.00000     0.00000     0.00000     0.00000     0.00000     0.00000     0.00000     0.00000     0.00000     0.00000     0.00000     0.00000     0.00000
   -15.68607    -0.00000    -0.00001    -0.00004    -0.00005    -0.00000    -0.00001    -0.00004    -0.00005    -0.00000    -0.00000    -0.00000    -0.00000    -0.00001    -0.00001    -0.00000    -0.00000    -0.00022
   -15.66207    -0.00003    -0.00006    -0.00034    -0.00038    -0.00003    -0.00006    -0.00029    -0.00036    -0.00000    -0.00000    -0.00001    -0.00001    -0.00005    -0.00005    -0.00000    -0.00000    -0.00166
   -15.63807    -0.00009    -0.00027    -0.00097    -0.00147    -0.00024    -0.00025    -0.00085    -0.00138    -0.00001    -0.00000    -0.00007    -0.00003    -0.00014    -0.00018    -0.00000    -0.00000    -0.00594
   -15.61407    -0.00015    -0.00045    -0.00154    -0.00191    -0.00029    -0.00041    -0.00136    -0.00179    -0.00001    -0.00000    -0.00008    -0.00005    -0.00022    -0.00023    -0.00000    -0.00000    -0.00851
   -15.59007    -0.00019    -0.00055    -0.00192    -0.00190    -0.00026    -0.00050    -0.00170    -0.00179    -0.00002    -0.00000    -0.00007    -0.00006    -0.00028    -0.00023    -0.00000    -0.00000    -0.00947
   -15.56607    -0.00021    -0.00049    -0.00223    -0.00187    -0.00022    -0.00045    -0.00201    -0.00179    -0.00002    -0.00000    -0.00006    -0.00005    -0.00033    -0.00023    -0.00000    -0.00000    -0.00996
   -15.54207    -0.00029    -0.00044    -0.00302    -0.00222    -0.00018    -0.00040    -0.00274    -0.00215    -0.00003    -0.00000    -0.00005    -0.00005    -0.00045    -0.00028    -0.00001    -0.00000    -0.01231
   -15.51807    -0.00026    -0.00037    -0.00271    -0.00254    -0.00015    -0.00035    -0.00249    -0.00246    -0.00004    -0.00000    -0.00004    -0.00004    -0.00041    -0.00032    -0.00001    -0.00000    -0.01219
   -15.49407    -0.00017    -0.00035    -0.00182    -0.00162    -0.00015    -0.00033    -0.00170    -0.00158    -0.00002    -0.00000    -0.00004    -0.00004    -0.00028    -0.00020    -0.00001    -0.00000    -0.00832
   -15.47007    -0.00016    -0.00034    -0.00166    -0.00155    -0.00016    -0.00032    -0.00157    -0.00152    -0.00003    -0.00000    -0.00004    -0.00004    -0.00026    -0.00020    -0.00001    -0.00000    -0.00784
   -15.44607    -0.00014    -0.00033    -0.00155    -0.00150    -0.00016    -0.00031    -0.00148    -0.00148    -0.00003    -0.00000    -0.00004    -0.00004    -0.00025    -0.00019    -0.00001    -0.00000    -0.00750
   -15.42207    -0.00014    -0.00032    -0.00149    -0.00149    -0.00016    -0.00030    -0.00144    -0.00147    -0.00003    -0.00000    -0.00004    -0.00004    -0.00024    -0.00019    -0.00001    -0.00000    -0.00735
   -15.39807    -0.00014    -0.00031    -0.00151    -0.00149    -0.00016    -0.00030    -0.00148    -0.00148    -0.00003    -0.00000    -0.00004    -0.00004    -0.00025    -0.00019    -0.00001    -0.00000    -0.00743
   -15.37407    -0.00014    -0.00031    -0.00153    -0.00145    -0.00017    -0.00030    -0.00152    -0.00145    -0.00003    -0.00000    -0.00005    -0.00004    -0.00026    -0.00019    -0.00001    -0.00000    -0.00744
   -15.35007    -0.00014    -0.00032    -0.00150    -0.00146    -0.00018    -0.00031    -0.00151    -0.00147    -0.00003    -0.00000    -0.00005    -0.00004    -0.00026    -0.00019    -0.00001    -0.00000    -0.00745
   -15.32607    -0.00013    -0.00031    -0.00150    -0.00146    -0.00018    -0.00030    -0.00153    -0.00148    -0.00003    -0.00000    -0.00005    -0.00004    -0.00026    -0.00019    -0.00001    -0.00000    -0.00749
   -15.30207    -0.00014    -0.00031    -0.00156    -0.00145    -0.00018    -0.00030    -0.00162    -0.00148    -0.00003    -0.00000    -0.00005    -0.00004    -0.00028    -0.00019    -0.00001    -0.00000    -0.00765
   -15.27807    -0.00012    -0.00029    -0.00138    -0.00144    -0.00019    -0.00029    -0.00145    -0.00147    -0.00004    -0.00000    -0.00005    -0.00004    -0.00025    -0.00019    -0.00001    -0.00000    -0.00720
   -15.25407    -0.00010    -0.00028    -0.00119    -0.00143    -0.00019    -0.00027    -0.00127    -0.00147    -0.00004    -0.00000    -0.00005    -0.00003    -0.00022    -0.00019    -0.00001    -0.00000    -0.00674
   -15.23007    -0.00007    -0.00027    -0.00080    -0.00143    -0.00019    -0.00026    -0.00086    -0.00147    -0.00004    -0.00000    -0.00005    -0.00003    -0.00015    -0.00020    -0.00001    -0.00000    -0.00583
   -15.20607    -0.00003    -0.00027    -0.00039    -0.00145    -0.00020    -0.00027    -0.00044    -0.00151    -0.00004    -0.00000    -0.00006    -0.00003    -0.00008    -0.00020    -0.00001    -0.00000    -0.00497
   -15.18207    -0.00003    -0.00029    -0.00041    -0.00148    -0.00020    -0.00029    -0.00046    -0.00154    -0.00004    -0.00000    -0.00006    -0.00004    -0.00008    -0.00020    -0.00001    -0.00000    -0.00513
   -15.15807    -0.00028    -0.00034    -0.00347    -0.00701    -0.00021    -0.00035    -0.00398    -0.00747    -0.00026    -0.00000    -0.00006    -0.00004    -0.00070    -0.00100    -0.00006    -0.00000    -0.02525
   -15.13507    -0.00005    -0.00040    -0.00064    -0.00193    -0.00022    -0.00040    -0.00075    -0.00206    -0.00007    -0.00000    -0.00006    -0.00005    -0.00013    -0.00028    -0.00002    -0.00000    -0.00706
   -15.11107    -0.00005    -0.00136    -0.00067    -0.00404    -0.00104    -0.00139    -0.00079    -0.00429    -0.00010    -0.00001    -0.00029    -0.00018    -0.00014    -0.00057    -0.00002    -0.00000    -0.01495
   -15.08707    -0.00003    -0.00061    -0.00038    -0.00202    -0.00052    -0.00063    -0.00046    -0.00216    -0.00006    -0.00000    -0.00015    -0.00008    -0.00008    -0.00029    -0.00001    -0.00000    -0.00748
   -15.06307    -0.00002    -0.00034    -0.00031    -0.00089    -0.00006    -0.00035    -0.00038    -0.00097    -0.00004    -0.00000    -0.00002    -0.00004    -0.00007    -0.00013    -0.00001    -0.00000    -0.00365
   -15.03907    -0.00002    -0.00035    -0.00029    -0.00082    -0.00006    -0.00037    -0.00036    -0.00090    -0.00004    -0.00000    -0.00002    -0.00005    -0.00006    -0.00012    -0.00001    -0.00000    -0.00346
   -15.01507    -0.00001    -0.00031    -0.00019    -0.00059    -0.00005    -0.00032    -0.00024    -0.00065    -0.00003    -0.00000    -0.00001    -0.00004    -0.00004    -0.00009    -0.00001    -0.00000    -0.00258
   -14.99107    -0.00001    -0.00028    -0.00017    -0.00051    -0.00004    -0.00029    -0.00021    -0.00056    -0.00003    -0.00000    -0.00001    -0.00004    -0.00004    -0.00008    -0.00001    -0.00000    -0.00227
   -14.96707    -0.00001    -0.00025    -0.00014    -0.00043    -0.00003    -0.00026    -0.00018    -0.00048    -0.00003    -0.00000    -0.00001    -0.00003    -0.00003    -0.00007    -0.00001    -0.00000    -0.00196
   -14.94307     0.00000     0.00000     0.00000     0.00000     0.00000     0.00000     0.00000     0.00000     0.00000     0.00000     0.00000     0.00000     0.00000     0.00000     0.00000     0.00000     0.00000
   -14.91907     0.00000     0.00000     0.00000     0.00000     0.00000     0.00000     0.00000     0.00000     0.00000     0.00000     0.00000     0.00000     0.00000     0.00000     0.00000     0.00000     0.00000
   -14.89507     0.00000     0.00000     0.00000     0.00000     0.00000     0.00000     0.00000     0.00000     0.00000     0.00000     0.00000     0.00000     0.00000     0.00000     0.00000     0.00000     0.00000
   -14.87107    -0.00001    -0.00166    -0.00020    -0.00249    -0.00056    -0.00181    -0.00028    -0.00282    -0.00011    -0.00001    -0.00016    -0.00024    -0.00005    -0.00039    -0.00002    -0.00000    -0.01082
   -14.84707    -0.00001    -0.00062    -0.00009    -0.00096    -0.00025    -0.00068    -0.00013    -0.00110    -0.00004    -0.00000    -0.00007    -0.00009    -0.00002    -0.00015    -0.00001    -0.00000    -0.00422
   -14.82307    -0.00001    -0.00068    -0.00012    -0.00111    -0.00030    -0.00075    -0.00017    -0.00127    -0.00004    -0.00000    -0.00009    -0.00010    -0.00003    -0.00017    -0.00001    -0.00000    -0.00485
   -14.79907    -0.00001    -0.00061    -0.00016    -0.00123    -0.00032    -0.00068    -0.00023    -0.00143    -0.00005    -0.00000    -0.00009    -0.00009    -0.00004    -0.00020    -0.00001    -0.00000    -0.00516
   -14.77507    -0.00001    -0.00056    -0.00017    -0.00184    -0.00061    -0.00062    -0.00025    -0.00213    -0.00004    -0.00000    -0.00017    -0.00008    -0.00005    -0.00029    -0.00001    -0.00000    -0.00684
   -14.75107    -0.00002    -0.00056    -0.00032    -0.00136    -0.00023    -0.00064    -0.00047    -0.00162    -0.00006    -0.00000    -0.00007    -0.00008    -0.00009    -0.00023    -0.00001    -0.00000    -0.00577
   -14.72707    -0.00002    -0.00054    -0.00029    -0.00124    -0.00022    -0.00063    -0.00043    -0.00147    -0.00005    -0.00000    -0.00006    -0.00008    -0.00008    -0.00021    -0.00001    -0.00000    -0.00534
   -14.70307    -0.00003    -0.00077    -0.00041    -0.00162    -0.00024    -0.00089    -0.00062    -0.00194    -0.00008    -0.00001    -0.00007    -0.00012    -0.00012    -0.00027    -0.00002    -0.00000    -0.00721
   -14.67907    -0.00002    -0.00085    -0.00039    -0.00150    -0.00024    -0.00098    -0.00061    -0.00180    -0.00008    -0.00001    -0.00007    -0.00013    -0.00012    -0.00025    -0.00002    -0.00000    -0.00707
   -14.65507    -0.00002    -0.00096    -0.00038    -0.00151    -0.00026    -0.00113    -0.00059    -0.00183    -0.00008    -0.00001    -0.00007    -0.00015    -0.00012    -0.00026    -0.00002    -0.00000    -0.00737
   -14.63107    -0.00002    -0.00105    -0.00038    -0.00152    -0.00027    -0.00124    -0.00061    -0.00185    -0.00008    -0.00001    -0.00008    -0.00017    -0.00012    -0.00026    -0.00002    -0.00000    -0.00768
   -14.60707    -0.00002    -0.00115    -0.00039    -0.00153    -0.00028    -0.00136    -0.00063    -0.00188    -0.00009    -0.00001    -0.00008    -0.00018    -0.00013    -0.00027    -0.00002    -0.00000    -0.00802
   -14.58307    -0.00002    -0.00124    -0.00040    -0.00155    -0.00028    -0.00147    -0.00066    -0.00191    -0.00009    -0.00001    -0.00008    -0.00020    -0.00013    -0.00027    -0.00002    -0.00000    -0.00835
   -14.55907    -0.00002    -0.00125    -0.00040    -0.00151    -0.00029    -0.00149    -0.00066    -0.00186    -0.00009    -0.00001    -0.00008    -0.00020    -0.00013    -0.00027    -0.00002    -0.00000    -0.00830
   -14.53507    -0.00002    -0.00191    -0.00043    -0.00153    -0.00031    -0.00227    -0.00071    -0.00190    -0.00009    -0.00002    -0.00009    -0.00030    -0.00014    -0.00027    -0.00002    -0.00000    -0.01002
   -14.51107    -0.00003    -0.00282    -0.00047    -0.00155    -0.00032    -0.00338    -0.00079    -0.00194    -0.00010    -0.00003    -0.00009    -0.00045    -0.00016    -0.00028    -0.00002    -0.00000    -0.01244
   -14.48707    -0.00003    -0.00373    -0.00054    -0.00162    -0.00035    -0.00449    -0.00090    -0.00205    -0.00010    -0.00004    -0.00010    -0.00060    -0.00018    -0.00029    -0.00003    -0.00000    -0.01506
   -14.46307    -0.00003    -0.00460    -0.00063    -0.00178    -0.00039    -0.00555    -0.00107    -0.00227    -0.00011    -0.00004    -0.00011    -0.00074    -0.00022    -0.00033    -0.00003    -0.00000    -0.01792
   -14.43907    -0.00004    -0.00456    -0.00074    -0.00192    -0.00045    -0.00555    -0.00129    -0.00247    -0.00013    -0.00004    -0.00013    -0.00075    -0.00027    -0.00036    -0.00003    -0.00000    -0.01871
   -14.41507    -0.00005    -0.00482    -0.00096    -0.00221    -0.00049    -0.00591    -0.00171    -0.00288    -0.00016    -0.00005    -0.00014    -0.00080    -0.00036    -0.00042    -0.00004    -0.00000    -0.02100
   -14.39107    -0.00007    -0.00626    -0.00135    -0.00295    -0.00055    -0.00770    -0.00243    -0.00387    -0.00022    -0.00006    -0.00016    -0.00104    -0.00051    -0.00057    -0.00006    -0.00000    -0.02782
   -14.36707    -0.00007    -0.00554    -0.00131    -0.00273    -0.00056    -0.00685    -0.00239    -0.00360    -0.00020    -0.00005    -0.00016    -0.00093    -0.00050    -0.00053    -0.00005    -0.00000    -0.02548
   -14.34307    -0.00004    -0.00449    -0.00082    -0.00171    -0.00056    -0.00560    -0.00152    -0.00226    -0.00012    -0.00004    -0.00016    -0.00076    -0.00032    -0.00033    -0.00003    -0.00000    -0.01877
   -14.31907    -0.00003    -0.00364    -0.00071    -0.00150    -0.00055    -0.00455    -0.00132    -0.00199    -0.00010    -0.00003    -0.00016    -0.00062    -0.00028    -0.00029    -0.00003    -0.00000    -0.01581
   -14.29507    -0.00003    -0.00328    -0.00066    -0.00134    -0.00056    -0.00412    -0.00125    -0.00179    -0.00009    -0.00003    -0.00016    -0.00056    -0.00026    -0.00026    -0.00002    -0.00000    -0.01442
   -14.27107    -0.00003    -0.00340    -0.00063    -0.00125    -0.00062    -0.00430    -0.00121    -0.00168    -0.00009    -0.00003    -0.00018    -0.00059    -0.00026    -0.00025    -0.00002    -0.00000    -0.01454
   -14.24707    -0.00003    -0.00159    -0.00058    -0.00117    -0.00057    -0.00201    -0.00114    -0.00158    -0.00008    -0.00001    -0.00017    -0.00028    -0.00024    -0.00023    -0.00002    -0.00000    -0.00970
   -14.22407    -0.00003    -0.00146    -0.00055    -0.00110    -0.00055    -0.00185    -0.00109    -0.00150    -0.00007    -0.00001    -0.00016    -0.00025    -0.00024    -0.00022    -0.00002    -0.00000    -0.00911
   -14.20007    -0.00002    -0.00134    -0.00053    -0.00103    -0.00052    -0.00171    -0.00106    -0.00140    -0.00007    -0.00001    -0.00015    -0.00023    -0.00023    -0.00021    -0.00002    -0.00000    -0.00855
   -14.17607    -0.00002    -0.00125    -0.00051    -0.00094    -0.00049    -0.00160    -0.00105    -0.00130    -0.00007    -0.00001    -0.00014    -0.00022    -0.00023    -0.00019    -0.00002    -0.00000    -0.00806
   -14.15207    -0.00002    -0.00140    -0.00051    -0.00082    -0.00047    -0.00181    -0.00105    -0.00114    -0.00007    -0.00001    -0.00014    -0.00025    -0.00023    -0.00017    -0.00002    -0.00000    -0.00812
   -14.12807    -0.00002    -0.00151    -0.00052    -0.00077    -0.00047    -0.00196    -0.00110    -0.00108    -0.00007    -0.00001    -0.00014    -0.00027    -0.00024    -0.00016    -0.00002    -0.00000    -0.00835
   -14.10407    -0.00002    -0.00129    -0.00056    -0.00075    -0.00036    -0.00168    -0.00119    -0.00107    -0.00008    -0.00001    -0.00011    -0.00023    -0.00026    -0.00016    -0.00002    -0.00000    -0.00780
   -14.08007    -0.00002    -0.00136    -0.00061    -0.00075    -0.00037    -0.00178    -0.00132    -0.00107    -0.00008    -0.00001    -0.00011    -0.00025    -0.00029    -0.00016    -0.00002    -0.00000    -0.00821
   -14.05607    -0.00003    -0.00149    -0.00070    -0.00074    -0.00039    -0.00197    -0.00152    -0.00106    -0.00009    -0.00001    -0.00011    -0.00027    -0.00034    -0.00016    -0.00002    -0.00000    -0.00891
   -14.03207    -0.00003    -0.00144    -0.00070    -0.00074    -0.00040    -0.00191    -0.00154    -0.00107    -0.00009    -0.00001    -0.00012    -0.00027    -0.00034    -0.00016    -0.00002    -0.00000    -0.00884
   -14.00807    -0.00002    -0.00136    -0.00069    -0.00074    -0.00042    -0.00182    -0.00153    -0.00107    -0.00009    -0.00001    -0.00012    -0.00025    -0.00034    -0.00016    -0.00002    -0.00000    -0.00866
   -13.98407    -0.00002    -0.00128    -0.00067    -0.00072    -0.00043    -0.00171    -0.00152    -0.00105    -0.00009    -0.00001    -0.00013    -0.00024    -0.00034    -0.00016    -0.00003    -0.00000    -0.00843
   -13.96007    -0.00002    -0.00116    -0.00064    -0.00067    -0.00043    -0.00156    -0.00147    -0.00098    -0.00009    -0.00001    -0.00013    -0.00022    -0.00033    -0.00015    -0.00002    -0.00000    -0.00789
   -13.93607    -0.00002    -0.00107    -0.00064    -0.00066    -0.00045    -0.00146    -0.00150    -0.00098    -0.00009    -0.00001    -0.00013    -0.00021    -0.00034    -0.00015    -0.00003    -0.00000    -0.00773
   -13.91207    -0.00002    -0.00095    -0.00059    -0.00061    -0.00044    -0.00130    -0.00140    -0.00090    -0.00009    -0.00001    -0.00013    -0.00018    -0.00032    -0.00014    -0.00002    -0.00000    -0.00710
   -13.88807    -0.00002    -0.00085    -0.00056    -0.00058    -0.00043    -0.00116    -0.00135    -0.00086    -0.00008    -0.00001    -0.00013    -0.00016    -0.00031    -0.00013    -0.00002    -0.00000    -0.00665
   -13.86407    -0.00002    -0.00073    -0.00053    -0.00055    -0.00042    -0.00101    -0.00130    -0.00081    -0.00008    -0.00001    -0.00012    -0.00014    -0.00030    -0.00013    -0.00002    -0.00000    -0.00617
   -13.84007    -0.00001    -0.00065    -0.00051    -0.00052    -0.00039    -0.00090    -0.00127    -0.00077    -0.00008    -0.00001    -0.00011    -0.00013    -0.00029    -0.00012    -0.00002    -0.00000    -0.00578
   -13.81607    -0.00001    -0.00062    -0.00050    -0.00048    -0.00037    -0.00086    -0.00127    -0.00073    -0.00008    -0.00001    -0.00011    -0.00012    -0.00030    -0.00011    -0.00002    -0.00000    -0.00561
   -13.79207    -0.00001    -0.00058    -0.00049    -0.00045    -0.00036    -0.00082    -0.00125    -0.00069    -0.00008    -0.00000    -0.00011    -0.00012    -0.00029    -0.00011    -0.00002    -0.00000    -0.00539
   -13.76807    -0.00001    -0.00056    -0.00047    -0.00042    -0.00037    -0.00079    -0.00122    -0.00064    -0.00008    -0.00000    -0.00011    -0.00011    -0.00029    -0.00010    -0.00002    -0.00000    -0.00521
   -13.74407    -0.00001    -0.00065    -0.00053    -0.00039    -0.00040    -0.00092    -0.00139    -0.00060    -0.00009    -0.00001    -0.00012    -0.00013    -0.00033    -0.00009    -0.00002    -0.00000    -0.00569
   -13.72007    -0.00001    -0.00060    -0.00049    -0.00036    -0.00042    -0.00086    -0.00132    -0.00056    -0.00008    -0.00001    -0.00013    -0.00012    -0.00031    -0.00009    -0.00002    -0.00000    -0.00538
   -13.69607    -0.00001    -0.00055    -0.00046    -0.00033    -0.00043    -0.00079    -0.00125    -0.00052    -0.00008    -0.00000    -0.00013    -0.00011    -0.00030    -0.00008    -0.00002    -0.00000    -0.00506
   -13.67207    -0.00001    -0.00030    -0.00031    -0.00031    -0.00044    -0.00043    -0.00087    -0.00048    -0.00006    -0.00000    -0.00013    -0.00006    -0.00021    -0.00008    -0.00002    -0.00000    -0.00371
   -13.64807    -0.00001    -0.00029    -0.00032    -0.00030    -0.00049    -0.00041    -0.00091    -0.00047    -0.00007    -0.00000    -0.00015    -0.00006    -0.00022    -0.00007    -0.00002    -0.00000    -0.00378
   -13.62407    -0.00001    -0.00026    -0.00033    -0.00028    -0.00044    -0.00037    -0.00095    -0.00045    -0.00007    -0.00000    -0.00013    -0.00005    -0.00023    -0.00007    -0.00002    -0.00000    -0.00368
   -13.60007    -0.00001    -0.00030    -0.00042    -0.00028    -0.00037    -0.00044    -0.00123    -0.00044    -0.00009    -0.00000    -0.00011    -0.00006    -0.00030    -0.00007    -0.00002    -0.00000    -0.00414
   -13.57607    -0.00001    -0.00028    -0.00046    -0.00026    -0.00016    -0.00042    -0.00140    -0.00043    -0.00010    -0.00000    -0.00005    -0.00006    -0.00034    -0.00007    -0.00003    -0.00000    -0.00407
   -13.55207    -0.00001    -0.00030    -0.00049    -0.00025    -0.00000    -0.00044    -0.00149    -0.00040    -0.00010    -0.00000    -0.00000    -0.00006    -0.00037    -0.00006    -0.00003    -0.00000    -0.00400
   -13.52807    -0.00001    -0.00032    -0.00051    -0.00023    -0.00000    -0.00048    -0.00158    -0.00038    -0.00011    -0.00000    -0.00000    -0.00007    -0.00039    -0.00006    -0.00003    -0.00000    -0.00417
   -13.50407    -0.00001    -0.00020    -0.00040    -0.00021    -0.00000    -0.00030    -0.00125    -0.00034    -0.00009    -0.00000    -0.00000    -0.00004    -0.00031    -0.00005    -0.00003    -0.00000    -0.00322
   -13.48007    -0.00000    -0.00018    -0.00038    -0.00019    -0.00000    -0.00028    -0.00122    -0.00032    -0.00009    -0.00000    -0.00000    -0.00004    -0.00030    -0.00005    -0.00003    -0.00000    -0.00309
   -13.45607    -0.00000    -0.00017    -0.00038    -0.00018    -0.00000    -0.00026    -0.00121    -0.00030    -0.00009    -0.00000    -0.00000    -0.00004    -0.00030    -0.00005    -0.00003    -0.00000    -0.00301
   -13.43207    -0.00000    -0.00016    -0.00037    -0.00017    -0.00000    -0.00025    -0.00120    -0.00028    -0.00009    -0.00000    -0.00000    -0.00004    -0.00030    -0.00005    -0.00003    -0.00000    -0.00293
   -13.40807    -0.00000    -0.00015    -0.00036    -0.00016    -0.00000    -0.00023    -0.00119    -0.00026    -0.00009    -0.00000    -0.00000    -0.00003    -0.00030    -0.00004    -0.00003    -0.00000    -0.00285
   -13.38407    -0.00000    -0.00014    -0.00035    -0.00014    -0.00000    -0.00021    -0.00117    -0.00023    -0.00009    -0.00000    -0.00000    -0.00003    -0.00029    -0.00004    -0.00003    -0.00000    -0.00272
   -13.36007    -0.00000    -0.00013    -0.00034    -0.00013    -0.00000    -0.00021    -0.00116    -0.00022    -0.00009    -0.00000    -0.00000    -0.00003    -0.00029    -0.00004    -0.00003    -0.00000    -0.00266
   -13.33707    -0.00000    -0.00013    -0.00033    -0.00012    -0.00000    -0.00020    -0.00115    -0.00020    -0.00009    -0.00000    -0.00000    -0.00003    -0.00029    -0.00003    -0.00003    -0.00000    -0.00260
   -13.31307    -0.00000    -0.00023    -0.00034    -0.00011    -0.00000    -0.00036    -0.00121    -0.00019    -0.00009    -0.00000    -0.00000    -0.00006    -0.00031    -0.00003    -0.00003    -0.00000    -0.00297
   -13.28907    -0.00000    -0.00063    -0.00042    -0.00013    -0.00000    -0.00099    -0.00153    -0.00023    -0.00012    -0.00000    -0.00000    -0.00015    -0.00039    -0.00004    -0.00004    -0.00000    -0.00468
   -13.26507    -0.00000    -0.00137    -0.00039    -0.00012    -0.00000    -0.00218    -0.00141    -0.00021    -0.00011    -0.00000    -0.00000    -0.00034    -0.00036    -0.00003    -0.00003    -0.00000    -0.00655
   -13.24107    -0.00000    -0.00116    -0.00021    -0.00005    -0.00000    -0.00185    -0.00078    -0.00009    -0.00006    -0.00000    -0.00000    -0.00029    -0.00020    -0.00002    -0.00002    -0.00000    -0.00473
   -13.21707     0.00000     0.00000     0.00000     0.00000     0.00000     0.00000     0.00000     0.00000     0.00000     0.00000     0.00000     0.00000     0.00000     0.00000     0.00000     0.00000     0.00000
   -13.19307    -0.00000    -0.00168    -0.00013    -0.00000    -0.00001    -0.00270    -0.00052    -0.00000    -0.00004    -0.00000    -0.00000    -0.00043    -0.00014    -0.00000    -0.00001    -0.00000    -0.00565
   -13.16907    -0.00000    -0.00312    -0.00030    -0.00000    -0.00002    -0.00507    -0.00118    -0.00000    -0.00009    -0.00000    -0.00001    -0.00080    -0.00031    -0.00000    -0.00003    -0.00000    -0.01092
   -13.14507    -0.00000    -0.00246    -0.00004    -0.00000    -0.00002    -0.00401    -0.00016    -0.00000    -0.00001    -0.00000    -0.00001    -0.00064    -0.00004    -0.00000    -0.00000    -0.00000    -0.00739
   -13.12107    -0.00000    -0.00236    -0.00001    -0.00000    -0.00002    -0.00387    -0.00004    -0.00000    -0.00000    -0.00000    -0.00001    -0.00061    -0.00001    -0.00000    -0.00000    -0.00000    -0.00694
   -13.09707    -0.00000    -0.00253    -0.00001    -0.00000    -0.00003    -0.00417    -0.00004    -0.00000    -0.00000    -0.00000    -0.00001    -0.00066    -0.00001    -0.00000    -0.00000    -0.00000    -0.00746
   -13.07307    -0.00000    -0.00263    -0.00001    -0.00000    -0.00003    -0.00435    -0.00003    -0.00000    -0.00000    -0.00000    -0.00001    -0.00069    -0.00001    -0.00000    -0.00000    -0.00000    -0.00777
   -13.04907    -0.00000    -0.00242    -0.00001    -0.00000    -0.00004    -0.00404    -0.00003    -0.00000    -0.00000    -0.00000    -0.00001    -0.00065    -0.00001    -0.00000    -0.00000    -0.00000    -0.00721
   -13.02507    -0.00000    -0.00242    -0.00001    -0.00000    -0.00004    -0.00405    -0.00003    -0.00000    -0.00000    -0.00000    -0.00001    -0.00065    -0.00001    -0.00000    -0.00000    -0.00000    -0.00722
   -13.00107    -0.00000    -0.00243    -0.00001    -0.00000    -0.00004    -0.00411    -0.00003    -0.00000    -0.00000    -0.00000    -0.00001    -0.00066    -0.00001    -0.00000    -0.00000    -0.00000    -0.00731
   -12.97707    -0.00000    -0.00248    -0.00001    -0.00000    -0.00005    -0.00421    -0.00003    -0.00000    -0.00000    -0.00000    -0.00002    -0.00068    -0.00001    -0.00000    -0.00000    -0.00000    -0.00749
   -12.95307    -0.00000    -0.00253    -0.00001    -0.00000    -0.00005    -0.00431    -0.00003    -0.00000    -0.00000    -0.00000    -0.00002    -0.00070    -0.00001    -0.00000    -0.00000    -0.00000    -0.00766
   -12.92907    -0.00000    -0.00257    -0.00001    -0.00000    -0.00005    -0.00440    -0.00003    -0.00000    -0.00000    -0.00000    -0.00002    -0.00071    -0.00001    -0.00000    -0.00000    -0.00000    -0.00781
   -12.90507    -0.00000    -0.00262    -0.00001    -0.00000    -0.00006    -0.00451    -0.00003    -0.00000    -0.00000    -0.00000    -0.00002    -0.00073    -0.00001    -0.00000    -0.00000    -0.00000    -0.00800
   -12.88107    -0.00000    -0.00269    -0.00001    -0.00000    -0.00006    -0.00466    -0.00003    -0.00000    -0.00000    -0.00000    -0.00002    -0.00076    -0.00001    -0.00000    -0.00000    -0.00000    -0.00826
   -12.85707    -0.00000    -0.00276    -0.00001    -0.00000    -0.00007    -0.00480    -0.00004    -0.00000    -0.00000    -0.00000    -0.00002    -0.00078    -0.00001    -0.00000    -0.00000    -0.00000    -0.00850
   -12.83307    -0.00000    -0.00274    -0.00001    -0.00000    -0.00007    -0.00481    -0.00004    -0.00000    -0.00000    -0.00000    -0.00002    -0.00079    -0.00001    -0.00000    -0.00000    -0.00000    -0.00850
   -12.80907    -0.00000    -0.00364    -0.00001    -0.00000    -0.00008    -0.00643    -0.00005    -0.00000    -0.00000    -0.00000    -0.00003    -0.00105    -0.00001    -0.00000    -0.00000    -0.00000    -0.01131
   -12.78507    -0.00000    -0.00330    -0.00001    -0.00000    -0.00008    -0.00585    -0.00004    -0.00000    -0.00000    -0.00000    -0.00003    -0.00096    -0.00001    -0.00000    -0.00000    -0.00000    -0.01029
   -12.76107    -0.00000    -0.00238    -0.00001    -0.00000    -0.00009    -0.00425    -0.00003    -0.00001    -0.00000    -0.00000    -0.00003    -0.00070    -0.00001    -0.00000    -0.00000    -0.00000    -0.00750
   -12.73707    -0.00000    -0.00230    -0.00001    -0.00000    -0.00009    -0.00413    -0.00003    -0.00001    -0.00000    -0.00000    -0.00003    -0.00068    -0.00001    -0.00000    -0.00000    -0.00000    -0.00729
   -12.71307    -0.00000    -0.00222    -0.00001    -0.00000    -0.00009    -0.00401    -0.00003    -0.00001    -0.00000    -0.00000    -0.00003    -0.00066    -0.00001    -0.00000    -0.00000    -0.00000    -0.00707
   -12.68907    -0.00000    -0.00215    -0.00001    -0.00000    -0.00009    -0.00389    -0.00003    -0.00001    -0.00000    -0.00000    -0.00003    -0.00064    -0.00001    -0.00000    -0.00000    -0.00000    -0.00685
   -12.66507    -0.00000    -0.00208    -0.00001    -0.00000    -0.00010    -0.00377    -0.00003    -0.00001    -0.00000    -0.00000    -0.00003    -0.00063    -0.00001    -0.00000    -0.00000    -0.00000    -0.00665
   -12.64107    -0.00000    -0.00201    -0.00000    -0.00000    -0.00010    -0.00366    -0.00002    -0.00001    -0.00000    -0.00000    -0.00003    -0.00061    -0.00001    -0.00000    -0.00000    -0.00000    -0.00645
   -12.61707    -0.00000    -0.00224    -0.00002    -0.00000    -0.00010    -0.00413    -0.00008    -0.00001    -0.00001    -0.00000    -0.00003    -0.00069    -0.00002    -0.00000    -0.00000    -0.00000    -0.00734
   -12.59307    -0.00000    -0.00233    -0.00002    -0.00001    -0.00011    -0.00432    -0.00009    -0.00001    -0.00001    -0.00000    -0.00003    -0.00072    -0.00002    -0.00000    -0.00000    -0.00000    -0.00768
   -12.56907    -0.00000    -0.00214    -0.00001    -0.00001    -0.00011    -0.00400    -0.00007    -0.00001    -0.00001    -0.00000    -0.00004    -0.00067    -0.00002    -0.00000    -0.00000    -0.00000    -0.00707
   -12.54507    -0.00000    -0.00215    -0.00001    -0.00001    -0.00011    -0.00404    -0.00007    -0.00001    -0.00001    -0.00000    -0.00004    -0.00068    -0.00002    -0.00000    -0.00000    -0.00000    -0.00714
   -12.52107    -0.00000    -0.00216    -0.00001    -0.00001    -0.00011    -0.00409    -0.00007    -0.00001    -0.00001    -0.00000    -0.00004    -0.00069    -0.00002    -0.00000    -0.00000    -0.00000    -0.00723
   -12.49707    -0.00000    -0.00218    -0.00001    -0.00001    -0.00011    -0.00414    -0.00008    -0.00001    -0.00001    -0.00000    -0.00004    -0.00070    -0.00002    -0.00000    -0.00000    -0.00000    -0.00732
   -12.47307    -0.00000    -0.00220    -0.00001    -0.00001    -0.00012    -0.00421    -0.00008    -0.00001    -0.00001    -0.00000    -0.00004    -0.00071    -0.00002    -0.00000    -0.00000    -0.00000    -0.00743
   -12.44907    -0.00000    -0.00223    -0.00001    -0.00001    -0.00012    -0.00427    -0.00008    -0.00001    -0.00001    -0.00000    -0.00004    -0.00073    -0.00002    -0.00000    -0.00000    -0.00000    -0.00754
   -12.42607    -0.00000    -0.00222    -0.00001    -0.00001    -0.00012    -0.00428    -0.00008    -0.00002    -0.00001    -0.00000    -0.00004    -0.00073    -0.00002    -0.00000    -0.00000    -0.00000    -0.00753
   -12.40207    -0.00000    -0.00219    -0.00001    -0.00001    -0.00012    -0.00427    -0.00008    -0.00002    -0.00001    -0.00000    -0.00004    -0.00073    -0.00002    -0.00000    -0.00000    -0.00000    -0.00750
   -12.37807    -0.00000    -0.00222    -0.00001    -0.00001    -0.00012    -0.00435    -0.00008    -0.00002    -0.00001    -0.00000    -0.00004    -0.00074    -0.00002    -0.00000    -0.00000    -0.00000    -0.00763
   -12.35407    -0.00000    -0.00225    -0.00001    -0.00001    -0.00012    -0.00443    -0.00008    -0.00002    -0.00001    -0.00000    -0.00004    -0.00076    -0.00002    -0.00000    -0.00000    -0.00000    -0.00776
   -12.33007    -0.00000    -0.00228    -0.00001    -0.00001    -0.00013    -0.00451    -0.00008    -0.00002    -0.00001    -0.00000    -0.00004    -0.00077    -0.00002    -0.00000    -0.00000    -0.00000    -0.00789
   -12.30607    -0.00000    -0.00231    -0.00001    -0.00001    -0.00013    -0.00458    -0.00008    -0.00002    -0.00001    -0.00000    -0.00004    -0.00079    -0.00002    -0.00000    -0.00000    -0.00000    -0.00802
   -12.28207    -0.00000    -0.00234    -0.00001    -0.00001    -0.00013    -0.00466    -0.00009    -0.00002    -0.00001    -0.00000    -0.00004    -0.00080    -0.00002    -0.00000    -0.00000    -0.00000    -0.00815
   -12.25807    -0.00000    -0.00411    -0.00001    -0.00001    -0.00025    -0.00817    -0.00009    -0.00002    -0.00001    -0.00000    -0.00008    -0.00141    -0.00002    -0.00000    -0.00000    -0.00000    -0.01420
   -12.23407    -0.00000    -0.00276    -0.00001    -0.00001    -0.00015    -0.00555    -0.00009    -0.00002    -0.00001    -0.00000    -0.00005    -0.00096    -0.00003    -0.00000    -0.00000    -0.00000    -0.00965
   -12.21007    -0.00000    -0.00271    -0.00001    -0.00001    -0.00015    -0.00549    -0.00009    -0.00002    -0.00001    -0.00000    -0.00005    -0.00095    -0.00003    -0.00000    -0.00000    -0.00000    -0.00954
   -12.18607    -0.00000    -0.00240    -0.00001    -0.00001    -0.00013    -0.00490    -0.00009    -0.00003    -0.00001    -0.00000    -0.00004    -0.00085    -0.00002    -0.00000    -0.00000    -0.00000    -0.00850
   -12.16207    -0.00000    -0.00236    -0.00001    -0.00001    -0.00013    -0.00486    -0.00009    -0.00003    -0.00001    -0.00000    -0.00004    -0.00085    -0.00002    -0.00000    -0.00000    -0.00000    -0.00843
   -12.13807    -0.00000    -0.00233    -0.00001    -0.00001    -0.00013    -0.00483    -0.00009    -0.00003    -0.00001    -0.00000    -0.00004    -0.00084    -0.00002    -0.00000    -0.00000    -0.00000    -0.00835
   -12.11407    -0.00000    -0.00229    -0.00002    -0.00025    -0.00012    -0.00477    -0.00013    -0.00056    -0.00010    -0.00000    -0.00004    -0.00084    -0.00004    -0.00010    -0.00002    -0.00000    -0.00930
   -12.09007    -0.00000    -0.00229    -0.00004    -0.00101    -0.00012    -0.00478    -0.00021    -0.00229    -0.00030    -0.00000    -0.00004    -0.00084    -0.00006    -0.00042    -0.00007    -0.00000    -0.01247
   -12.06607    -0.00000    -0.00225    -0.00005    -0.00179    -0.00012    -0.00475    -0.00026    -0.00404    -0.00042    -0.00000    -0.00004    -0.00084    -0.00007    -0.00074    -0.00010    -0.00000    -0.01547
   -12.04207    -0.00000    -0.00232    -0.00004    -0.00183    -0.00012    -0.00492    -0.00022    -0.00417    -0.00034    -0.00000    -0.00004    -0.00087    -0.00006    -0.00077    -0.00008    -0.00000    -0.01577
   -12.01807    -0.00000    -0.00238    -0.00004    -0.00199    -0.00012    -0.00510    -0.00023    -0.00454    -0.00034    -0.00000    -0.00004    -0.00090    -0.00007    -0.00084    -0.00008    -0.00001    -0.01668
   -11.99407    -0.00000    -0.00247    -0.00004    -0.00190    -0.00013    -0.00532    -0.00022    -0.00441    -0.00032    -0.00000    -0.00004    -0.00094    -0.00006    -0.00082    -0.00007    -0.00001    -0.01676
   -11.97007    -0.00000    -0.00257    -0.00004    -0.00210    -0.00014    -0.00556    -0.00023    -0.00488    -0.00034    -0.00000    -0.00005    -0.00099    -0.00007    -0.00091    -0.00008    -0.00001    -0.01796
   -11.94607    -0.00000    -0.00288    -0.00004    -0.00229    -0.00014    -0.00628    -0.00024    -0.00537    -0.00036    -0.00000    -0.00005    -0.00112    -0.00007    -0.00100    -0.00008    -0.00001    -0.01994
   -11.92207    -0.00000    -0.00375    -0.00004    -0.00258    -0.00016    -0.00824    -0.00025    -0.00611    -0.00038    -0.00000    -0.00005    -0.00147    -0.00007    -0.00114    -0.00009    -0.00001    -0.02434
   -11.89807    -0.00000    -0.00459    -0.00004    -0.00238    -0.00019    -0.01016    -0.00024    -0.00564    -0.00035    -0.00000    -0.00006    -0.00182    -0.00007    -0.00105    -0.00008    -0.00001    -0.02671
   -11.87407    -0.00000    -0.00308    -0.00003    -0.00160    -0.00018    -0.00683    -0.00020    -0.00374    -0.00024    -0.00000    -0.00006    -0.00122    -0.00006    -0.00069    -0.00006    -0.00001    -0.01801
   -11.85007    -0.00000    -0.00210    -0.00002    -0.00128    -0.00030    -0.00464    -0.00018    -0.00295    -0.00020    -0.00000    -0.00010    -0.00083    -0.00005    -0.00054    -0.00005    -0.00001    -0.01325
   -11.82607    -0.00000    -0.00207    -0.00003    -0.00508    -0.00030    -0.00461    -0.00023    -0.01250    -0.00033    -0.00000    -0.00010    -0.00083    -0.00007    -0.00237    -0.00008    -0.00004    -0.02865
   -11.80207    -0.00000    -0.00221    -0.00003    -0.00592    -0.00031    -0.00496    -0.00021    -0.01474    -0.00031    -0.00000    -0.00011    -0.00089    -0.00007    -0.00281    -0.00007    -0.00005    -0.03270
   -11.77807    -0.00000    -0.00157    -0.00003    -0.00519    -0.00021    -0.00358    -0.00020    -0.01302    -0.00027    -0.00000    -0.00007    -0.00065    -0.00006    -0.00249    -0.00006    -0.00005    -0.02746
   -11.75407    -0.00000    -0.00136    -0.00002    -0.00354    -0.00022    -0.00310    -0.00018    -0.00892    -0.00023    -0.00000    -0.00007    -0.00056    -0.00006    -0.00171    -0.00005    -0.00003    -0.02005
   -11.73007    -0.00000    -0.00132    -0.00002    -0.00365    -0.00023    -0.00301    -0.00019    -0.00926    -0.00022    -0.00000    -0.00008    -0.00055    -0.00006    -0.00178    -0.00005    -0.00003    -0.02044
   -11.70607    -0.00000    -0.00193    -0.00003    -0.00406    -0.00032    -0.00444    -0.00026    -0.01018    -0.00026    -0.00000    -0.00011    -0.00081    -0.00008    -0.00194    -0.00006    -0.00004    -0.02453
   -11.68207    -0.00000    -0.00202    -0.00002    -0.00369    -0.00036    -0.00468    -0.00021    -0.00926    -0.00019    -0.00000    -0.00012    -0.00085    -0.00007    -0.00177    -0.00004    -0.00004    -0.02334
   -11.65807    -0.00000    -0.00188    -0.00002    -0.00351    -0.00035    -0.00437    -0.00019    -0.00892    -0.00016    -0.00000    -0.00012    -0.00080    -0.00006    -0.00171    -0.00004    -0.00004    -0.02219
   -11.63407    -0.00000    -0.00156    -0.00002    -0.00344    -0.00032    -0.00363    -0.00019    -0.00889    -0.00014    -0.00000    -0.00011    -0.00067    -0.00006    -0.00172    -0.00003    -0.00004    -0.02082
   -11.61007    -0.00000    -0.00153    -0.00002    -0.00386    -0.00031    -0.00358    -0.00020    -0.01017    -0.00013    -0.00000    -0.00010    -0.00066    -0.00007    -0.00198    -0.00003    -0.00004    -0.02270
   -11.58607    -0.00000    -0.00149    -0.00002    -0.00321    -0.00030    -0.00349    -0.00021    -0.00845    -0.00013    -0.00000    -0.00010    -0.00064    -0.00007    -0.00165    -0.00003    -0.00003    -0.01982
   -11.56207    -0.00000    -0.00223    -0.00002    -0.00200    -0.00047    -0.00526    -0.00024    -0.00521    -0.00012    -0.00001    -0.00016    -0.00097    -0.00008    -0.00101    -0.00003    -0.00002    -0.01783
   -11.53907    -0.00000    -0.00111    -0.00002    -0.00190    -0.00024    -0.00265    -0.00019    -0.00496    -0.00013    -0.00000    -0.00008    -0.00049    -0.00007    -0.00096    -0.00003    -0.00002    -0.01285
   -11.51507    -0.00000    -0.00134    -0.00002    -0.00195    -0.00028    -0.00322    -0.00023    -0.00509    -0.00015    -0.00000    -0.00010    -0.00060    -0.00008    -0.00099    -0.00003    -0.00002    -0.01410
   -11.49107    -0.00000    -0.00153    -0.00002    -0.00187    -0.00033    -0.00367    -0.00025    -0.00486    -0.00016    -0.00001    -0.00011    -0.00068    -0.00008    -0.00094    -0.00004    -0.00002    -0.01458
   -11.46707    -0.00000    -0.00294    -0.00002    -0.00163    -0.00052    -0.00710    -0.00023    -0.00427    -0.00015    -0.00001    -0.00018    -0.00133    -0.00008    -0.00083    -0.00003    -0.00001    -0.01934
   -11.44307    -0.00000    -0.00184    -0.00002    -0.00141    -0.00036    -0.00446    -0.00022    -0.00369    -0.00014    -0.00001    -0.00012    -0.00083    -0.00008    -0.00071    -0.00003    -0.00001    -0.01394
   -11.41907    -0.00000    -0.00072    -0.00002    -0.00138    -0.00022    -0.00175    -0.00022    -0.00361    -0.00014    -0.00000    -0.00008    -0.00033    -0.00008    -0.00070    -0.00003    -0.00001    -0.00929
   -11.39507    -0.00000    -0.00046    -0.00002    -0.00140    -0.00026    -0.00113    -0.00023    -0.00371    -0.00014    -0.00000    -0.00009    -0.00021    -0.00008    -0.00072    -0.00003    -0.00001    -0.00851
   -11.37107    -0.00000    -0.00029    -0.00002    -0.00140    -0.00026    -0.00070    -0.00022    -0.00375    -0.00012    -0.00000    -0.00009    -0.00013    -0.00008    -0.00073    -0.00003    -0.00001    -0.00782
   -11.34707    -0.00000    -0.00026    -0.00001    -0.00144    -0.00025    -0.00063    -0.00021    -0.00390    -0.00011    -0.00000    -0.00009    -0.00012    -0.00008    -0.00077    -0.00003    -0.00001    -0.00790
   -11.32307    -0.00000    -0.00023    -0.00001    -0.00144    -0.00024    -0.00056    -0.00021    -0.00393    -0.00010    -0.00000    -0.00008    -0.00010    -0.00008    -0.00077    -0.00002    -0.00001    -0.00781
   -11.29907    -0.00000    -0.00022    -0.00001    -0.00142    -0.00025    -0.00055    -0.00021    -0.00392    -0.00010    -0.00000    -0.00009    -0.00010    -0.00008    -0.00077    -0.00002    -0.00001    -0.00777
   -11.27507    -0.00001    -0.00041    -0.00001    -0.00146    -0.00042    -0.00103    -0.00024    -0.00404    -0.00010    -0.00001    -0.00015    -0.00019    -0.00009    -0.00080    -0.00002    -0.00001    -0.00897
   -11.25107    -0.00001    -0.00047    -0.00001    -0.00151    -0.00046    -0.00120    -0.00025    -0.00422    -0.00009    -0.00001    -0.00016    -0.00023    -0.00009    -0.00084    -0.00002    -0.00001    -0.00959
   -11.22707    -0.00001    -0.00054    -0.00001    -0.00150    -0.00050    -0.00138    -0.00027    -0.00421    -0.00009    -0.00001    -0.00017    -0.00026    -0.00010    -0.00084    -0.00002    -0.00001    -0.00992
   -11.20307    -0.00001    -0.00060    -0.00001    -0.00140    -0.00054    -0.00156    -0.00028    -0.00393    -0.00009    -0.00001    -0.00019    -0.00030    -0.00010    -0.00078    -0.00002    -0.00001    -0.00983
   -11.17907    -0.00001    -0.00090    -0.00002    -0.00156    -0.00071    -0.00236    -0.00042    -0.00437    -0.00015    -0.00001    -0.00024    -0.00045    -0.00015    -0.00087    -0.00004    -0.00001    -0.01229
   -11.15507    -0.00001    -0.00082    -0.00001    -0.00122    -0.00063    -0.00216    -0.00031    -0.00344    -0.00010    -0.00001    -0.00022    -0.00042    -0.00011    -0.00069    -0.00002    -0.00001    -0.01018
   -11.13107    -0.00001    -0.00091    -0.00001    -0.00091    -0.00066    -0.00239    -0.00025    -0.00258    -0.00007    -0.00001    -0.00023    -0.00046    -0.00009    -0.00052    -0.00002    -0.00001    -0.00911
   -11.10707    -0.00001    -0.00110    -0.00001    -0.00094    -0.00076    -0.00291    -0.00024    -0.00271    -0.00007    -0.00001    -0.00026    -0.00056    -0.00009    -0.00055    -0.00002    -0.00001    -0.01024
   -11.08307    -0.00001    -0.00126    -0.00001    -0.00097    -0.00085    -0.00334    -0.00023    -0.00286    -0.00007    -0.00001    -0.00030    -0.00065    -0.00009    -0.00058    -0.00002    -0.00001    -0.01126
   -11.05907    -0.00001    -0.00125    -0.00001    -0.00110    -0.00091    -0.00332    -0.00023    -0.00326    -0.00006    -0.00001    -0.00032    -0.00064    -0.00009    -0.00066    -0.00002    -0.00001    -0.01189
   -11.03507    -0.00001    -0.00106    -0.00001    -0.00158    -0.00090    -0.00283    -0.00030    -0.00479    -0.00007    -0.00001    -0.00032    -0.00055    -0.00012    -0.00098    -0.00002    -0.00002    -0.01356
   -11.01107    -0.00001    -0.00075    -0.00001    -0.00150    -0.00062    -0.00202    -0.00024    -0.00453    -0.00006    -0.00001    -0.00022    -0.00039    -0.00010    -0.00093    -0.00002    -0.00002    -0.01143
   -10.98707    -0.00001    -0.00073    -0.00001    -0.00122    -0.00051    -0.00196    -0.00023    -0.00375    -0.00006    -0.00001    -0.00018    -0.00038    -0.00009    -0.00077    -0.00001    -0.00002    -0.00994
   -10.96307    -0.00002    -0.00082    -0.00001    -0.00116    -0.00062    -0.00223    -0.00027    -0.00358    -0.00006    -0.00001    -0.00022    -0.00044    -0.00011    -0.00074    -0.00001    -0.00002    -0.01029
   -10.93907    -0.00002    -0.00087    -0.00001    -0.00103    -0.00065    -0.00238    -0.00029    -0.00322    -0.00005    -0.00001    -0.00023    -0.00047    -0.00012    -0.00067    -0.00001    -0.00002    -0.01005
   -10.91507    -0.00002    -0.00091    -0.00001    -0.00096    -0.00077    -0.00250    -0.00038    -0.00302    -0.00005    -0.00001    -0.00027    -0.00049    -0.00015    -0.00063    -0.00001    -0.00002    -0.01021
   -10.89107    -0.00002    -0.00085    -0.00001    -0.00090    -0.00070    -0.00233    -0.00035    -0.00284    -0.00005    -0.00001    -0.00024    -0.00046    -0.00014    -0.00059    -0.00001    -0.00002    -0.00952
   -10.86707    -0.00002    -0.00078    -0.00001    -0.00084    -0.00060    -0.00215    -0.00030    -0.00264    -0.00005    -0.00001    -0.00021    -0.00042    -0.00012    -0.00055    -0.00001    -0.00002    -0.00870
   -10.84307    -0.00002    -0.00075    -0.00001    -0.00078    -0.00055    -0.00208    -0.00027    -0.00245    -0.00005    -0.00000    -0.00019    -0.00041    -0.00011    -0.00051    -0.00001    -0.00001    -0.00819
   -10.81907    -0.00002    -0.00072    -0.00000    -0.00080    -0.00053    -0.00202    -0.00025    -0.00249    -0.00006    -0.00001    -0.00019    -0.00040    -0.00010    -0.00051    -0.00002    -0.00001    -0.00811
   -10.79507    -0.00002    -0.00088    -0.00000    -0.00069    -0.00054    -0.00251    -0.00021    -0.00216    -0.00005    -0.00001    -0.00019    -0.00050    -0.00009    -0.00045    -0.00001    -0.00001    -0.00833
   -10.77107    -0.00001    -0.00080    -0.00000    -0.00050    -0.00046    -0.00229    -0.00017    -0.00158    -0.00003    -0.00000    -0.00016    -0.00046    -0.00007    -0.00033    -0.00001    -0.00001    -0.00687
   -10.74707    -0.00001    -0.00075    -0.00000    -0.00045    -0.00043    -0.00215    -0.00015    -0.00141    -0.00003    -0.00000    -0.00015    -0.00043    -0.00006    -0.00029    -0.00001    -0.00001    -0.00634
   -10.72307    -0.00001    -0.00038    -0.00000    -0.00040    -0.00034    -0.00108    -0.00013    -0.00126    -0.00003    -0.00000    -0.00012    -0.00021    -0.00006    -0.00026    -0.00001    -0.00001    -0.00430
   -10.69907    -0.00001    -0.00037    -0.00000    -0.00036    -0.00033    -0.00107    -0.00012    -0.00111    -0.00003    -0.00000    -0.00012    -0.00021    -0.00005    -0.00023    -0.00001    -0.00001    -0.00402
   -10.67507    -0.00001    -0.00037    -0.00000    -0.00030    -0.00032    -0.00108    -0.00011    -0.00093    -0.00003    -0.00000    -0.00011    -0.00021    -0.00004    -0.00019    -0.00001    -0.00001    -0.00372
   -10.65207    -0.00002    -0.00045    -0.00001    -0.00051    -0.00042    -0.00129    -0.00034    -0.00155    -0.00016    -0.00000    -0.00015    -0.00025    -0.00014    -0.00032    -0.00004    -0.00001    -0.00565
   -10.62807    -0.00001    -0.00051    -0.00000    -0.00034    -0.00037    -0.00149    -0.00019    -0.00105    -0.00008    -0.00000    -0.00013    -0.00029    -0.00008    -0.00022    -0.00002    -0.00001    -0.00479
   -10.60407    -0.00002    -0.00063    -0.00000    -0.00040    -0.00042    -0.00185    -0.00021    -0.00124    -0.00009    -0.00000    -0.00015    -0.00037    -0.00009    -0.00026    -0.00002    -0.00001    -0.00576
   -10.58007    -0.00002    -0.00064    -0.00000    -0.00042    -0.00044    -0.00186    -0.00021    -0.00133    -0.00010    -0.00000    -0.00016    -0.00037    -0.00009    -0.00028    -0.00002    -0.00001    -0.00594
   -10.55607    -0.00002    -0.00066    -0.00000    -0.00044    -0.00047    -0.00194    -0.00021    -0.00142    -0.00011    -0.00000    -0.00017    -0.00038    -0.00009    -0.00030    -0.00003    -0.00001    -0.00624
   -10.53207    -0.00002    -0.00070    -0.00000    -0.00048    -0.00049    -0.00205    -0.00022    -0.00159    -0.00012    -0.00000    -0.00017    -0.00041    -0.00010    -0.00034    -0.00003    -0.00001    -0.00673
   -10.50807    -0.00002    -0.00077    -0.00000    -0.00057    -0.00052    -0.00228    -0.00024    -0.00193    -0.00013    -0.00000    -0.00019    -0.00045    -0.00011    -0.00041    -0.00003    -0.00001    -0.00768
   -10.48407    -0.00002    -0.00088    -0.00000    -0.00065    -0.00057    -0.00260    -0.00027    -0.00224    -0.00014    -0.00000    -0.00020    -0.00052    -0.00012    -0.00048    -0.00004    -0.00001    -0.00875
   -10.46007    -0.00003    -0.00092    -0.00000    -0.00070    -0.00059    -0.00274    -0.00028    -0.00242    -0.00015    -0.00000    -0.00021    -0.00055    -0.00013    -0.00052    -0.00004    -0.00001    -0.00929
   -10.43607    -0.00003    -0.00095    -0.00000    -0.00077    -0.00062    -0.00283    -0.00032    -0.00267    -0.00018    -0.00000    -0.00022    -0.00056    -0.00015    -0.00057    -0.00005    -0.00001    -0.00996
   -10.41207    -0.00003    -0.00096    -0.00000    -0.00079    -0.00062    -0.00287    -0.00033    -0.00277    -0.00020    -0.00001    -0.00022    -0.00057    -0.00015    -0.00059    -0.00006    -0.00001    -0.01020
   -10.38807    -0.00003    -0.00088    -0.00000    -0.00070    -0.00060    -0.00267    -0.00030    -0.00243    -0.00022    -0.00000    -0.00022    -0.00053    -0.00014    -0.00052    -0.00006    -0.00001    -0.00933
   -10.36407    -0.00003    -0.00084    -0.00000    -0.00062    -0.00067    -0.00257    -0.00028    -0.00215    -0.00024    -0.00001    -0.00024    -0.00052    -0.00013    -0.00046    -0.00007    -0.00001    -0.00882
   -10.34007    -0.00005    -0.00081    -0.00001    -0.00063    -0.00068    -0.00250    -0.00030    -0.00218    -0.00053    -0.00001    -0.00025    -0.00051    -0.00015    -0.00047    -0.00015    -0.00001    -0.00922
   -10.31607    -0.00006    -0.00081    -0.00001    -0.00060    -0.00069    -0.00251    -0.00031    -0.00210    -0.00077    -0.00001    -0.00025    -0.00051    -0.00016    -0.00045    -0.00022    -0.00001    -0.00947
   -10.29207    -0.00006    -0.00070    -0.00001    -0.00058    -0.00051    -0.00218    -0.00031    -0.00202    -0.00093    -0.00001    -0.00018    -0.00044    -0.00017    -0.00043    -0.00027    -0.00001    -0.00882
   -10.26807    -0.00007    -0.00070    -0.00002    -0.00055    -0.00050    -0.00221    -0.00032    -0.00192    -0.00110    -0.00001    -0.00018    -0.00045    -0.00017    -0.00041    -0.00031    -0.00001    -0.00892
   -10.24407    -0.00006    -0.00071    -0.00001    -0.00051    -0.00049    -0.00227    -0.00030    -0.00181    -0.00080    -0.00001    -0.00018    -0.00046    -0.00016    -0.00039    -0.00023    -0.00001    -0.00839
   -10.22007    -0.00006    -0.00070    -0.00001    -0.00057    -0.00054    -0.00225    -0.00028    -0.00196    -0.00069    -0.00001    -0.00019    -0.00046    -0.00015    -0.00042    -0.00020    -0.00002    -0.00851
   -10.19607    -0.00006    -0.00075    -0.00001    -0.00053    -0.00058    -0.00242    -0.00030    -0.00183    -0.00059    -0.00001    -0.00021    -0.00049    -0.00016    -0.00039    -0.00017    -0.00002    -0.00850
   -10.17207    -0.00010    -0.00093    -0.00001    -0.00051    -0.00082    -0.00297    -0.00057    -0.00177    -0.00067    -0.00001    -0.00030    -0.00060    -0.00028    -0.00038    -0.00019    -0.00002    -0.01013
   -10.14807    -0.00009    -0.00088    -0.00001    -0.00036    -0.00064    -0.00284    -0.00052    -0.00132    -0.00066    -0.00001    -0.00024    -0.00058    -0.00026    -0.00029    -0.00019    -0.00001    -0.00888
   -10.12407    -0.00008    -0.00086    -0.00001    -0.00035    -0.00061    -0.00279    -0.00044    -0.00131    -0.00063    -0.00001    -0.00022    -0.00057    -0.00022    -0.00029    -0.00018    -0.00001    -0.00858
   -10.10007    -0.00009    -0.00085    -0.00001    -0.00035    -0.00061    -0.00276    -0.00052    -0.00131    -0.00066    -0.00001    -0.00022    -0.00056    -0.00026    -0.00029    -0.00019    -0.00001    -0.00871
   -10.07607    -0.00013    -0.00088    -0.00001    -0.00035    -0.00063    -0.00287    -0.00066    -0.00131    -0.00079    -0.00001    -0.00023    -0.00059    -0.00033    -0.00029    -0.00023    -0.00001    -0.00932
   -10.05207    -0.00016    -0.00098    -0.00002    -0.00036    -0.00070    -0.00321    -0.00077    -0.00135    -0.00103    -0.00001    -0.00026    -0.00066    -0.00039    -0.00030    -0.00030    -0.00002    -0.01051
   -10.02807    -0.00019    -0.00106    -0.00003    -0.00037    -0.00072    -0.00350    -0.00085    -0.00141    -0.00128    -0.00001    -0.00026    -0.00072    -0.00044    -0.00031    -0.00038    -0.00002    -0.01154
   -10.00407    -0.00019    -0.00104    -0.00002    -0.00037    -0.00067    -0.00349    -0.00087    -0.00143    -0.00117    -0.00001    -0.00025    -0.00072    -0.00045    -0.00032    -0.00034    -0.00002    -0.01136
    -9.98007    -0.00017    -0.00089    -0.00002    -0.00038    -0.00060    -0.00300    -0.00085    -0.00146    -0.00091    -0.00000    -0.00022    -0.00061    -0.00043    -0.00032    -0.00027    -0.00002    -0.01016
    -9.95607    -0.00015    -0.00073    -0.00002    -0.00038    -0.00051    -0.00245    -0.00080    -0.00146    -0.00072    -0.00000    -0.00019    -0.00050    -0.00040    -0.00032    -0.00021    -0.00002    -0.00887
    -9.93207    -0.00015    -0.00088    -0.00002    -0.00037    -0.00050    -0.00298    -0.00077    -0.00145    -0.00072    -0.00000    -0.00018    -0.00061    -0.00039    -0.00032    -0.00021    -0.00002    -0.00958
    -9.90807    -0.00015    -0.00071    -0.00002    -0.00037    -0.00043    -0.00241    -0.00077    -0.00146    -0.00065    -0.00000    -0.00016    -0.00049    -0.00039    -0.00033    -0.00019    -0.00002    -0.00855
    -9.88407    -0.00015    -0.00030    -0.00001    -0.00046    -0.00037    -0.00104    -0.00081    -0.00186    -0.00045    -0.00000    -0.00013    -0.00021    -0.00041    -0.00042    -0.00013    -0.00002    -0.00678
    -9.86007    -0.00016    -0.00030    -0.00001    -0.00057    -0.00036    -0.00105    -0.00090    -0.00231    -0.00045    -0.00000    -0.00013    -0.00022    -0.00046    -0.00052    -0.00013    -0.00002    -0.00760
    -9.83607    -0.00018    -0.00034    -0.00001    -0.00055    -0.00035    -0.00119    -0.00098    -0.00223    -0.00055    -0.00000    -0.00013    -0.00024    -0.00050    -0.00050    -0.00016    -0.00003    -0.00795
    -9.81207    -0.00013    -0.00029    -0.00001    -0.00035    -0.00031    -0.00100    -0.00068    -0.00135    -0.00030    -0.00000    -0.00011    -0.00020    -0.00035    -0.00030    -0.00008    -0.00001    -0.00546
    -9.78807    -0.00013    -0.00029    -0.00001    -0.00034    -0.00030    -0.00100    -0.00068    -0.00134    -0.00029    -0.00000    -0.00011    -0.00020    -0.00035    -0.00030    -0.00008    -0.00001    -0.00542
    -9.76407    -0.00014    -0.00031    -0.00001    -0.00038    -0.00034    -0.00109    -0.00068    -0.00147    -0.00032    -0.00000    -0.00012    -0.00022    -0.00035    -0.00033    -0.00009    -0.00001    -0.00588
    -9.74107    -0.00015    -0.00033    -0.00001    -0.00038    -0.00034    -0.00115    -0.00071    -0.00145    -0.00035    -0.00000    -0.00012    -0.00024    -0.00037    -0.00032    -0.00010    -0.00002    -0.00604
    -9.71707    -0.00015    -0.00024    -0.00001    -0.00030    -0.00023    -0.00086    -0.00071    -0.00123    -0.00020    -0.00000    -0.00008    -0.00018    -0.00038    -0.00028    -0.00005    -0.00001    -0.00491
    -9.69307    -0.00014    -0.00021    -0.00001    -0.00029    -0.00023    -0.00075    -0.00071    -0.00119    -0.00018    -0.00000    -0.00008    -0.00016    -0.00037    -0.00027    -0.00005    -0.00001    -0.00465
    -9.66907    -0.00014    -0.00017    -0.00001    -0.00028    -0.00023    -0.00064    -0.00071    -0.00115    -0.00015    -0.00000    -0.00008    -0.00013    -0.00037    -0.00026    -0.00004    -0.00001    -0.00439
    -9.64507    -0.00015    -0.00014    -0.00001    -0.00028    -0.00022    -0.00052    -0.00072    -0.00113    -0.00013    -0.00000    -0.00008    -0.00011    -0.00038    -0.00025    -0.00003    -0.00001    -0.00416
    -9.62107    -0.00015    -0.00010    -0.00001    -0.00027    -0.00021    -0.00040    -0.00075    -0.00111    -0.00010    -0.00000    -0.00007    -0.00008    -0.00040    -0.00025    -0.00002    -0.00002    -0.00396
    -9.59707    -0.00016    -0.00010    -0.00001    -0.00027    -0.00020    -0.00040    -0.00079    -0.00110    -0.00010    -0.00000    -0.00007    -0.00008    -0.00042    -0.00025    -0.00002    -0.00002    -0.00398
    -9.57307    -0.00018    -0.00011    -0.00001    -0.00027    -0.00020    -0.00043    -0.00083    -0.00110    -0.00010    -0.00000    -0.00007    -0.00009    -0.00045    -0.00025    -0.00002    -0.00002    -0.00412
    -9.54907    -0.00019    -0.00012    -0.00001    -0.00027    -0.00021    -0.00047    -0.00089    -0.00112    -0.00011    -0.00000    -0.00007    -0.00010    -0.00049    -0.00025    -0.00002    -0.00002    -0.00434
    -9.52507    -0.00026    -0.00018    -0.00002    -0.00047    -0.00026    -0.00073    -0.00116    -0.00213    -0.00016    -0.00000    -0.00010    -0.00016    -0.00065    -0.00050    -0.00004    -0.00005    -0.00687
    -9.50107    -0.00025    -0.00029    -0.00003    -0.00022    -0.00029    -0.00112    -0.00103    -0.00089    -0.00021    -0.00000    -0.00011    -0.00024    -0.00057    -0.00020    -0.00006    -0.00002    -0.00553
    -9.47707    -0.00036    -0.00055    -0.00004    -0.00028    -0.00034    -0.00208    -0.00142    -0.00117    -0.00025    -0.00001    -0.00013    -0.00045    -0.00081    -0.00027    -0.00007    -0.00003    -0.00825
    -9.45307    -0.00032    -0.00071    -0.00004    -0.00025    -0.00043    -0.00270    -0.00122    -0.00103    -0.00027    -0.00001    -0.00016    -0.00058    -0.00070    -0.00024    -0.00008    -0.00003    -0.00878
    -9.42907    -0.00030    -0.00070    -0.00004    -0.00036    -0.00042    -0.00264    -0.00124    -0.00159    -0.00028    -0.00001    -0.00015    -0.00056    -0.00071    -0.00037    -0.00008    -0.00004    -0.00949
    -9.40507    -0.00013    -0.00060    -0.00002    -0.00015    -0.00028    -0.00225    -0.00040    -0.00063    -0.00022    -0.00001    -0.00010    -0.00048    -0.00024    -0.00014    -0.00007    -0.00002    -0.00575
    -9.38107    -0.00008    -0.00058    -0.00002    -0.00005    -0.00027    -0.00218    -0.00022    -0.00023    -0.00017    -0.00001    -0.00010    -0.00047    -0.00014    -0.00005    -0.00006    -0.00001    -0.00464
    -9.35707    -0.00006    -0.00057    -0.00002    -0.00007    -0.00034    -0.00214    -0.00016    -0.00033    -0.00018    -0.00001    -0.00013    -0.00046    -0.00010    -0.00008    -0.00006    -0.00001    -0.00473
    -9.33307    -0.00006    -0.00057    -0.00002    -0.00008    -0.00037    -0.00216    -0.00016    -0.00036    -0.00020    -0.00001    -0.00014    -0.00047    -0.00010    -0.00009    -0.00006    -0.00001    -0.00486
    -9.30907    -0.00008    -0.00062    -0.00002    -0.00013    -0.00049    -0.00239    -0.00022    -0.00060    -0.00028    -0.00001    -0.00018    -0.00052    -0.00014    -0.00014    -0.00009    -0.00002    -0.00592
    -9.28507    -0.00009    -0.00060    -0.00002    -0.00015    -0.00049    -0.00235    -0.00026    -0.00066    -0.00025    -0.00001    -0.00018    -0.00051    -0.00016    -0.00015    -0.00008    -0.00002    -0.00597
    -9.26107    -0.00010    -0.00062    -0.00002    -0.00017    -0.00058    -0.00241    -0.00030    -0.00077    -0.00027    -0.00001    -0.00022    -0.00053    -0.00018    -0.00018    -0.00008    -0.00002    -0.00646
    -9.23707    -0.00010    -0.00061    -0.00002    -0.00018    -0.00065    -0.00242    -0.00032    -0.00080    -0.00029    -0.00001    -0.00024    -0.00053    -0.00020    -0.00019    -0.00009    -0.00002    -0.00666
    -9.21307    -0.00016    -0.00064    -0.00003    -0.00023    -0.00078    -0.00260    -0.00051    -0.00105    -0.00036    -0.00001    -0.00029    -0.00057    -0.00032    -0.00025    -0.00011    -0.00002    -0.00793
    -9.18907    -0.00019    -0.00078    -0.00004    -0.00030    -0.00102    -0.00317    -0.00062    -0.00143    -0.00049    -0.00002    -0.00038    -0.00071    -0.00039    -0.00034    -0.00015    -0.00003    -0.01006
    -9.16507    -0.00020    -0.00076    -0.00005    -0.00033    -0.00111    -0.00312    -0.00067    -0.00160    -0.00057    -0.00002    -0.00042    -0.00070    -0.00043    -0.00038    -0.00017    -0.00003    -0.01055
    -9.14107    -0.00027    -0.00080    -0.00006    -0.00034    -0.00146    -0.00336    -0.00089    -0.00176    -0.00080    -0.00003    -0.00056    -0.00076    -0.00057    -0.00043    -0.00024    -0.00003    -0.01235
    -9.11707    -0.00031    -0.00081    -0.00007    -0.00038    -0.00201    -0.00344    -0.00101    -0.00201    -0.00091    -0.00004    -0.00077    -0.00079    -0.00065    -0.00049    -0.00027    -0.00004    -0.01402
    -9.09307    -0.00026    -0.00062    -0.00007    -0.00032    -0.00129    -0.00265    -0.00080    -0.00174    -0.00099    -0.00004    -0.00049    -0.00061    -0.00053    -0.00043    -0.00030    -0.00004    -0.01120
    -9.06907    -0.00019    -0.00046    -0.00005    -0.00019    -0.00084    -0.00197    -0.00054    -0.00103    -0.00062    -0.00003    -0.00032    -0.00046    -0.00037    -0.00026    -0.00019    -0.00003    -0.00754
    -9.04507    -0.00017    -0.00034    -0.00005    -0.00017    -0.00069    -0.00146    -0.00047    -0.00092    -0.00054    -0.00003    -0.00026    -0.00034    -0.00032    -0.00023    -0.00017    -0.00003    -0.00616
    -9.02107    -0.00015    -0.00018    -0.00004    -0.00015    -0.00051    -0.00078    -0.00041    -0.00083    -0.00048    -0.00002    -0.00019    -0.00018    -0.00029    -0.00021    -0.00015    -0.00003    -0.00459
    -8.99707    -0.00017    -0.00015    -0.00005    -0.00018    -0.00063    -0.00067    -0.00049    -0.00104    -0.00056    -0.00002    -0.00024    -0.00016    -0.00034    -0.00026    -0.00017    -0.00003    -0.00516
    -8.97307    -0.00021    -0.00018    -0.00005    -0.00018    -0.00065    -0.00081    -0.00060    -0.00099    -0.00052    -0.00002    -0.00025    -0.00019    -0.00040    -0.00025    -0.00016    -0.00003    -0.00547
    -8.94907    -0.00018    -0.00018    -0.00005    -0.00016    -0.00061    -0.00081    -0.00052    -0.00089    -0.00047    -0.00002    -0.00023    -0.00018    -0.00036    -0.00022    -0.00014    -0.00003    -0.00504
    -8.92507    -0.00018    -0.00020    -0.00005    -0.00015    -0.00065    -0.00092    -0.00051    -0.00088    -0.00047    -0.00002    -0.00025    -0.00021    -0.00035    -0.00022    -0.00015    -0.00003    -0.00525
    -8.90107    -0.00018    -0.00028    -0.00005    -0.00016    -0.00073    -0.00123    -0.00050    -0.00092    -0.00049    -0.00002    -0.00028    -0.00027    -0.00034    -0.00023    -0.00015    -0.00003    -0.00586
    -8.87707    -0.00017    -0.00038    -0.00005    -0.00015    -0.00074    -0.00162    -0.00049    -0.00090    -0.00045    -0.00002    -0.00028    -0.00035    -0.00034    -0.00023    -0.00014    -0.00002    -0.00633
    -8.85407    -0.00017    -0.00045    -0.00005    -0.00016    -0.00090    -0.00196    -0.00047    -0.00094    -0.00040    -0.00002    -0.00035    -0.00043    -0.00033    -0.00024    -0.00012    -0.00002    -0.00700
    -8.83007    -0.00018    -0.00045    -0.00005    -0.00014    -0.00085    -0.00197    -0.00051    -0.00087    -0.00037    -0.00002    -0.00033    -0.00043    -0.00036    -0.00022    -0.00012    -0.00003    -0.00691
    -8.80607    -0.00017    -0.00043    -0.00005    -0.00013    -0.00077    -0.00189    -0.00047    -0.00076    -0.00035    -0.00002    -0.00030    -0.00041    -0.00033    -0.00019    -0.00011    -0.00002    -0.00640
    -8.78207    -0.00017    -0.00042    -0.00005    -0.00012    -0.00076    -0.00185    -0.00047    -0.00073    -0.00032    -0.00002    -0.00029    -0.00041    -0.00033    -0.00019    -0.00010    -0.00002    -0.00626
    -8.75807    -0.00017    -0.00041    -0.00005    -0.00012    -0.00075    -0.00181    -0.00047    -0.00070    -0.00030    -0.00002    -0.00029    -0.00040    -0.00033    -0.00018    -0.00010    -0.00002    -0.00612
    -8.73407    -0.00017    -0.00040    -0.00005    -0.00011    -0.00075    -0.00177    -0.00047    -0.00068    -0.00029    -0.00002    -0.00029    -0.00039    -0.00033    -0.00017    -0.00009    -0.00002    -0.00598
    -8.71007    -0.00016    -0.00039    -0.00005    -0.00011    -0.00074    -0.00172    -0.00046    -0.00065    -0.00027    -0.00002    -0.00028    -0.00038    -0.00033    -0.00017    -0.00009    -0.00002    -0.00583
    -8.68607    -0.00016    -0.00038    -0.00005    -0.00010    -0.00074    -0.00169    -0.00045    -0.00063    -0.00026    -0.00002    -0.00029    -0.00037    -0.00032    -0.00016    -0.00008    -0.00002    -0.00572
    -8.66207    -0.00018    -0.00038    -0.00005    -0.00010    -0.00075    -0.00171    -0.00049    -0.00061    -0.00025    -0.00002    -0.00029    -0.00038    -0.00035    -0.00016    -0.00008    -0.00002    -0.00582
    -8.63807    -0.00015    -0.00037    -0.00004    -0.00009    -0.00074    -0.00168    -0.00044    -0.00055    -0.00021    -0.00002    -0.00029    -0.00037    -0.00032    -0.00014    -0.00007    -0.00002    -0.00551
    -8.61407    -0.00015    -0.00034    -0.00004    -0.00008    -0.00073    -0.00155    -0.00042    -0.00048    -0.00020    -0.00002    -0.00028    -0.00034    -0.00030    -0.00012    -0.00006    -0.00001    -0.00514
    -8.59007    -0.00009    -0.00024    -0.00003    -0.00006    -0.00068    -0.00112    -0.00028    -0.00037    -0.00017    -0.00002    -0.00026    -0.00025    -0.00020    -0.00009    -0.00005    -0.00001    -0.00392
    -8.56607    -0.00010    -0.00025    -0.00003    -0.00006    -0.00071    -0.00119    -0.00031    -0.00037    -0.00018    -0.00002    -0.00027    -0.00027    -0.00022    -0.00010    -0.00006    -0.00001    -0.00412
    -8.54207    -0.00010    -0.00024    -0.00003    -0.00006    -0.00070    -0.00115    -0.00035    -0.00037    -0.00018    -0.00002    -0.00027    -0.00026    -0.00025    -0.00010    -0.00006    -0.00001    -0.00414
    -8.51807    -0.00011    -0.00024    -0.00003    -0.00006    -0.00071    -0.00116    -0.00038    -0.00038    -0.00017    -0.00002    -0.00027    -0.00026    -0.00027    -0.00010    -0.00005    -0.00001    -0.00422
    -8.49407    -0.00011    -0.00025    -0.00003    -0.00006    -0.00070    -0.00117    -0.00041    -0.00039    -0.00017    -0.00002    -0.00027    -0.00026    -0.00029    -0.00010    -0.00005    -0.00001    -0.00430
    -8.47007    -0.00012    -0.00025    -0.00003    -0.00006    -0.00071    -0.00120    -0.00044    -0.00040    -0.00017    -0.00002    -0.00027    -0.00027    -0.00031    -0.00011    -0.00005    -0.00001    -0.00443
    -8.44607    -0.00012    -0.00026    -0.00003    -0.00006    -0.00071    -0.00123    -0.00047    -0.00042    -0.00017    -0.00002    -0.00027    -0.00027    -0.00033    -0.00011    -0.00005    -0.00001    -0.00453
    -8.42207    -0.00016    -0.00028    -0.00005    -0.00006    -0.00079    -0.00137    -0.00056    -0.00042    -0.00017    -0.00002    -0.00030    -0.00031    -0.00041    -0.00011    -0.00006    -0.00002    -0.00509
    -8.39807    -0.00013    -0.00031    -0.00004    -0.00006    -0.00073    -0.00146    -0.00049    -0.00040    -0.00016    -0.00002    -0.00028    -0.00032    -0.00035    -0.00011    -0.00005    -0.00001    -0.00491
    -8.37407    -0.00012    -0.00030    -0.00003    -0.00004    -0.00068    -0.00141    -0.00044    -0.00030    -0.00015    -0.00002    -0.00026    -0.00031    -0.00032    -0.00008    -0.00005    -0.00001    -0.00453
    -8.35007    -0.00011    -0.00029    -0.00003    -0.00004    -0.00066    -0.00138    -0.00044    -0.00029    -0.00014    -0.00002    -0.00025    -0.00030    -0.00032    -0.00008    -0.00005    -0.00001    -0.00441
    -8.32607    -0.00011    -0.00029    -0.00003    -0.00004    -0.00065    -0.00135    -0.00046    -0.00028    -0.00014    -0.00002    -0.00025    -0.00029    -0.00032    -0.00008    -0.00005    -0.00001    -0.00436
    -8.30207    -0.00010    -0.00028    -0.00003    -0.00003    -0.00062    -0.00131    -0.00046    -0.00026    -0.00013    -0.00002    -0.00024    -0.00028    -0.00033    -0.00007    -0.00004    -0.00001    -0.00423
    -8.27807    -0.00010    -0.00067    -0.00003    -0.00003    -0.00077    -0.00307    -0.00048    -0.00024    -0.00014    -0.00005    -0.00029    -0.00065    -0.00034    -0.00007    -0.00004    -0.00001    -0.00698
    -8.25407    -0.00011    -0.00056    -0.00003    -0.00003    -0.00088    -0.00268    -0.00053    -0.00031    -0.00019    -0.00006    -0.00033    -0.00060    -0.00038    -0.00009    -0.00006    -0.00002    -0.00688
    -8.23007    -0.00008    -0.00035    -0.00002    -0.00002    -0.00039    -0.00189    -0.00049    -0.00014    -0.00016    -0.00005    -0.00015    -0.00049    -0.00033    -0.00004    -0.00004    -0.00001    -0.00466
    -8.20607    -0.00008    -0.00041    -0.00002    -0.00002    -0.00044    -0.00221    -0.00050    -0.00013    -0.00019    -0.00006    -0.00016    -0.00058    -0.00033    -0.00004    -0.00005    -0.00001    -0.00523
    -8.18207    -0.00007    -0.00040    -0.00002    -0.00002    -0.00098    -0.00211    -0.00050    -0.00013    -0.00021    -0.00006    -0.00037    -0.00054    -0.00033    -0.00004    -0.00006    -0.00001    -0.00583
    -8.15807    -0.00007    -0.00040    -0.00002    -0.00002    -0.00117    -0.00203    -0.00053    -0.00016    -0.00022    -0.00006    -0.00044    -0.00050    -0.00035    -0.00005    -0.00006    -0.00001    -0.00609
    -8.13407    -0.00012    -0.00046    -0.00005    -0.00002    -0.00165    -0.00224    -0.00078    -0.00027    -0.00026    -0.00008    -0.00062    -0.00053    -0.00052    -0.00009    -0.00008    -0.00002    -0.00781
    -8.11007    -0.00011    -0.00040    -0.00007    -0.00002    -0.00141    -0.00198    -0.00081    -0.00016    -0.00025    -0.00007    -0.00053    -0.00049    -0.00049    -0.00005    -0.00007    -0.00001    -0.00690
    -8.08607    -0.00012    -0.00033    -0.00010    -0.00001    -0.00152    -0.00162    -0.00096    -0.00014    -0.00027    -0.00006    -0.00057    -0.00040    -0.00055    -0.00005    -0.00007    -0.00001    -0.00676
    -8.06207    -0.00014    -0.00027    -0.00015    -0.00001    -0.00164    -0.00132    -0.00153    -0.00015    -0.00034    -0.00005    -0.00062    -0.00032    -0.00082    -0.00005    -0.00008    -0.00001    -0.00751
    -8.03807    -0.00017    -0.00021    -0.00031    -0.00002    -0.00073    -0.00108    -0.00225    -0.00014    -0.00051    -0.00004    -0.00028    -0.00029    -0.00103    -0.00004    -0.00011    -0.00000    -0.00720
    -8.01407    -0.00018    -0.00019    -0.00020    -0.00001    -0.00015    -0.00104    -0.00041    -0.00007    -0.00023    -0.00004    -0.00006    -0.00028    -0.00016    -0.00002    -0.00006    -0.00000    -0.00310
    -7.99007    -0.00022    -0.00019    -0.00021    -0.00001    -0.00016    -0.00104    -0.00007    -0.00007    -0.00016    -0.00004    -0.00007    -0.00028    -0.00000    -0.00002    -0.00005    -0.00000    -0.00259
    -7.96607    -0.00041    -0.00019    -0.00038    -0.00001    -0.00019    -0.00104    -0.00011    -0.00008    -0.00016    -0.00004    -0.00008    -0.00028    -0.00000    -0.00002    -0.00005    -0.00000    -0.00304
    -7.94307    -0.00061    -0.00019    -0.00057    -0.00001    -0.00023    -0.00105    -0.00016    -0.00009    -0.00016    -0.00004    -0.00010    -0.00028    -0.00000    -0.00002    -0.00005    -0.00000    -0.00357
    -7.91907    -0.00077    -0.00020    -0.00072    -0.00002    -0.00023    -0.00107    -0.00021    -0.00009    -0.00016    -0.00004    -0.00010    -0.00029    -0.00000    -0.00002    -0.00005    -0.00000    -0.00397
    -7.89507    -0.00090    -0.00020    -0.00084    -0.00002    -0.00023    -0.00109    -0.00024    -0.00009    -0.00017    -0.00004    -0.00010    -0.00029    -0.00000    -0.00002    -0.00005    -0.00000    -0.00427
    -7.87107    -0.00102    -0.00020    -0.00096    -0.00002    -0.00022    -0.00111    -0.00027    -0.00009    -0.00017    -0.00004    -0.00009    -0.00030    -0.00000    -0.00002    -0.00005    -0.00000    -0.00457
    -7.84707    -0.00115    -0.00021    -0.00108    -0.00002    -0.00021    -0.00112    -0.00031    -0.00009    -0.00017    -0.00005    -0.00009    -0.00030    -0.00000    -0.00002    -0.00005    -0.00000    -0.00487
    -7.82307    -0.00136    -0.00022    -0.00127    -0.00002    -0.00022    -0.00120    -0.00036    -0.00010    -0.00017    -0.00005    -0.00010    -0.00032    -0.00000    -0.00003    -0.00005    -0.00000    -0.00547
    -7.79907    -0.00169    -0.00023    -0.00158    -0.00003    -0.00022    -0.00122    -0.00045    -0.00011    -0.00018    -0.00005    -0.00009    -0.00033    -0.00000    -0.00003    -0.00005    -0.00000    -0.00624
    -7.77507    -0.00210    -0.00023    -0.00197    -0.00003    -0.00021    -0.00125    -0.00056    -0.00011    -0.00018    -0.00005    -0.00009    -0.00034    -0.00000    -0.00003    -0.00005    -0.00000    -0.00721
    -7.75107    -0.00277    -0.00023    -0.00261    -0.00005    -0.00020    -0.00124    -0.00075    -0.00013    -0.00017    -0.00005    -0.00009    -0.00033    -0.00001    -0.00003    -0.00005    -0.00000    -0.00870
    -7.72707    -0.00350    -0.00023    -0.00330    -0.00007    -0.00019    -0.00122    -0.00095    -0.00015    -0.00017    -0.00005    -0.00008    -0.00032    -0.00001    -0.00003    -0.00005    -0.00000    -0.01033
    -7.70307    -0.00429    -0.00024    -0.00405    -0.00008    -0.00019    -0.00124    -0.00117    -0.00017    -0.00017    -0.00005    -0.00008    -0.00033    -0.00001    -0.00003    -0.00005    -0.00000    -0.01212
    -7.67907    -0.00539    -0.00025    -0.00508    -0.00011    -0.00020    -0.00131    -0.00147    -0.00019    -0.00016    -0.00005    -0.00008    -0.00035    -0.00001    -0.00003    -0.00004    -0.00000    -0.01474
    -7.65507    -0.01687    -0.00029    -0.01581    -0.00024    -0.00020    -0.00147    -0.00436    -0.00034    -0.00018    -0.00006    -0.00009    -0.00039    -0.00002    -0.00004    -0.00005    -0.00000    -0.04040
    -7.63107    -0.03461    -0.00042    -0.03254    -0.00040    -0.00029    -0.00177    -0.00927    -0.00050    -0.00027    -0.00010    -0.00012    -0.00045    -0.00005    -0.00004    -0.00007    -0.00000    -0.08090
    -7.60707    -0.02614    -0.00041    -0.02473    -0.00049    -0.00031    -0.00173    -0.00737    -0.00058    -0.00020    -0.00008    -0.00014    -0.00044    -0.00005    -0.00005    -0.00005    -0.00000    -0.06277
    -7.58307    -0.02170    -0.00040    -0.02065    -0.00054    -0.00027    -0.00167    -0.00639    -0.00062    -0.00017    -0.00008    -0.00012    -0.00043    -0.00005    -0.00005    -0.00004    -0.00000    -0.05319
    -7.55907    -0.02237    -0.00042    -0.02135    -0.00062    -0.00025    -0.00167    -0.00675    -0.00068    -0.00017    -0.00009    -0.00011    -0.00042    -0.00006    -0.00005    -0.00004    -0.00000    -0.05505
    -7.53507    -0.02379    -0.00043    -0.02276    -0.00069    -0.00022    -0.00167    -0.00730    -0.00075    -0.00016    -0.00009    -0.00010    -0.00042    -0.00007    -0.00005    -0.00004    -0.00000    -0.05854
    -7.51107    -0.02435    -0.00045    -0.02342    -0.00078    -0.00020    -0.00171    -0.00775    -0.00083    -0.00016    -0.00007    -0.00009    -0.00042    -0.00008    -0.00005    -0.00003    -0.00000    -0.06040
    -7.48707    -0.02736    -0.00047    -0.02639    -0.00091    -0.00019    -0.00172    -0.00890    -0.00094    -0.00015    -0.00006    -0.00008    -0.00042    -0.00009    -0.00006    -0.00003    -0.00000    -0.06779
    -7.46307    -0.03096    -0.00050    -0.02993    -0.00107    -0.00018    -0.00176    -0.01023    -0.00108    -0.00016    -0.00006    -0.00008    -0.00042    -0.00011    -0.00006    -0.00003    -0.00000    -0.07663
    -7.43907    -0.04724    -0.00061    -0.04583    -0.00125    -0.00017    -0.00187    -0.01602    -0.00124    -0.00025    -0.00006    -0.00007    -0.00042    -0.00019    -0.00006    -0.00003    -0.00000    -0.11532
    -7.41507    -0.03049    -0.00048    -0.02963    -0.00137    -0.00017    -0.00179    -0.01041    -0.00135    -0.00015    -0.00006    -0.00007    -0.00043    -0.00012    -0.00007    -0.00003    -0.00000    -0.07661
    -7.39107    -0.02618    -0.00046    -0.02554    -0.00140    -0.00016    -0.00177    -0.00914    -0.00137    -0.00013    -0.00006    -0.00007    -0.00043    -0.00011    -0.00006    -0.00003    -0.00000    -0.06691
    -7.36707    -0.01824    -0.00041    -0.01786    -0.00132    -0.00016    -0.00174    -0.00651    -0.00132    -0.00009    -0.00005    -0.00007    -0.00042    -0.00008    -0.00007    -0.00003    -0.00000    -0.04836
    -7.34307    -0.01797    -0.00042    -0.01765    -0.00138    -0.00016    -0.00179    -0.00653    -0.00137    -0.00009    -0.00005    -0.00007    -0.00044    -0.00008    -0.00007    -0.00003    -0.00000    -0.04809
    -7.31907    -0.01827    -0.00045    -0.01800    -0.00148    -0.00017    -0.00195    -0.00677    -0.00146    -0.00008    -0.00005    -0.00007    -0.00047    -0.00008    -0.00007    -0.00003    -0.00000    -0.04941
    -7.29507    -0.02280    -0.00135    -0.02255    -0.00156    -0.00017    -0.00277    -0.00866    -0.00152    -0.00011    -0.00006    -0.00007    -0.00048    -0.00011    -0.00007    -0.00003    -0.00000    -0.06230
    -7.27107    -0.02196    -0.00101    -0.02178    -0.00165    -0.00017    -0.00236    -0.00847    -0.00160    -0.00010    -0.00005    -0.00007    -0.00044    -0.00011    -0.00007    -0.00003    -0.00000    -0.05986
    -7.24707    -0.03979    -0.00111    -0.03955    -0.00383    -0.00018    -0.00239    -0.01556    -0.00359    -0.00013    -0.00005    -0.00006    -0.00043    -0.00020    -0.00012    -0.00005    -0.00000    -0.10705
    -7.22307    -0.02560    -0.00107    -0.02554    -0.00206    -0.00018    -0.00230    -0.01020    -0.00196    -0.00010    -0.00004    -0.00006    -0.00041    -0.00014    -0.00008    -0.00003    -0.00000    -0.06980
    -7.19907    -0.02251    -0.00112    -0.02254    -0.00164    -0.00018    -0.00231    -0.00915    -0.00157    -0.00010    -0.00004    -0.00006    -0.00040    -0.00012    -0.00008    -0.00003    -0.00000    -0.06185
    -7.17507    -0.02178    -0.00113    -0.02188    -0.00155    -0.00018    -0.00231    -0.00903    -0.00147    -0.00011    -0.00004    -0.00006    -0.00039    -0.00013    -0.00007    -0.00003    -0.00000    -0.06016
    -7.15107    -0.02079    -0.00114    -0.02098    -0.00138    -0.00018    -0.00228    -0.00883    -0.00131    -0.00011    -0.00004    -0.00006    -0.00038    -0.00013    -0.00007    -0.00003    -0.00000    -0.05772
    -7.12707    -0.01957    -0.00104    -0.01980    -0.00128    -0.00017    -0.00225    -0.00845    -0.00123    -0.00012    -0.00004    -0.00006    -0.00040    -0.00012    -0.00008    -0.00003    -0.00000    -0.05463
    -7.10307    -0.01873    -0.00103    -0.01902    -0.00118    -0.00017    -0.00230    -0.00823    -0.00115    -0.00013    -0.00004    -0.00006    -0.00041    -0.00012    -0.00008    -0.00003    -0.00000    -0.05268
    -7.07907    -0.01779    -0.00102    -0.01812    -0.00107    -0.00017    -0.00234    -0.00797    -0.00104    -0.00014    -0.00004    -0.00006    -0.00043    -0.00012    -0.00009    -0.00004    -0.00000    -0.05044
    -7.05607    -0.02427    -0.00107    -0.02472    -0.00339    -0.00019    -0.00269    -0.01091    -0.00292    -0.00026    -0.00005    -0.00006    -0.00052    -0.00016    -0.00011    -0.00007    -0.00001    -0.07141
    -7.03207    -0.03041    -0.00146    -0.03107    -0.00555    -0.00027    -0.00493    -0.01388    -0.00469    -0.00042    -0.00010    -0.00009    -0.00109    -0.00020    -0.00014    -0.00013    -0.00001    -0.09445
    -7.00807    -0.01892    -0.00137    -0.01945    -0.00324    -0.00027    -0.00406    -0.00895    -0.00279    -0.00030    -0.00008    -0.00008    -0.00084    -0.00014    -0.00012    -0.00008    -0.00001    -0.06069
    -6.98407    -0.01696    -0.00126    -0.01754    -0.00244    -0.00026    -0.00321    -0.00825    -0.00213    -0.00024    -0.00005    -0.00007    -0.00060    -0.00013    -0.00012    -0.00006    -0.00001    -0.05333
    -6.96007    -0.01547    -0.00113    -0.01608    -0.00178    -0.00025    -0.00246    -0.00771    -0.00158    -0.00022    -0.00003    -0.00006    -0.00041    -0.00013    -0.00011    -0.00005    -0.00001    -0.04747
    -6.93607    -0.01571    -0.00109    -0.01636    -0.00163    -0.00024    -0.00229    -0.00791    -0.00144    -0.00023    -0.00002    -0.00006    -0.00037    -0.00013    -0.00012    -0.00006    -0.00001    -0.04767
    -6.91207    -0.01846    -0.00118    -0.01930    -0.00190    -0.00026    -0.00262    -0.00950    -0.00159    -0.00028    -0.00003    -0.00006    -0.00044    -0.00016    -0.00012    -0.00007    -0.00001    -0.05598
    -6.88807    -0.01995    -0.00130    -0.02092    -0.00190    -0.00029    -0.00264    -0.01042    -0.00156    -0.00031    -0.00002    -0.00006    -0.00041    -0.00017    -0.00012    -0.00008    -0.00001    -0.06018
    -6.86407    -0.02111    -0.00092    -0.02199    -0.00232    -0.00019    -0.00214    -0.01080    -0.00167    -0.00081    -0.00002    -0.00006    -0.00037    -0.00017    -0.00021    -0.00023    -0.00001    -0.06304
    -6.84007    -0.02511    -0.00098    -0.02613    -0.00299    -0.00024    -0.00239    -0.01280    -0.00215    -0.00111    -0.00002    -0.00007    -0.00042    -0.00020    -0.00029    -0.00034    -0.00002    -0.07526
    -6.81607    -0.03115    -0.00105    -0.03268    -0.00275    -0.00021    -0.00232    -0.01651    -0.00200    -0.00112    -0.00002    -0.00005    -0.00037    -0.00028    -0.00026    -0.00033    -0.00002    -0.09110
    -6.79207    -0.02958    -0.00107    -0.03115    -0.00235    -0.00020    -0.00254    -0.01596    -0.00178    -0.00106    -0.00002    -0.00004    -0.00041    -0.00027    -0.00025    -0.00032    -0.00001    -0.08702
    -6.76807    -0.02201    -0.00108    -0.02329    -0.00225    -0.00019    -0.00289    -0.01213    -0.00205    -0.00102    -0.00002    -0.00003    -0.00050    -0.00021    -0.00030    -0.00033    -0.00001    -0.06832
    -6.74407    -0.01747    -0.00111    -0.01863    -0.00199    -0.00017    -0.00333    -0.00996    -0.00226    -0.00097    -0.00002    -0.00003    -0.00061    -0.00018    -0.00033    -0.00033    -0.00001    -0.05738
    -6.72007    -0.01417    -0.00108    -0.01529    -0.00198    -0.00015    -0.00344    -0.00849    -0.00270    -0.00089    -0.00002    -0.00002    -0.00064    -0.00017    -0.00035    -0.00031    -0.00001    -0.04970
    -6.69607    -0.02160    -0.00282    -0.02412    -0.00460    -0.00021    -0.01179    -0.01480    -0.00993    -0.00183    -0.00009    -0.00005    -0.00243    -0.00036    -0.00124    -0.00068    -0.00000    -0.09656
    -6.67207    -0.01045    -0.00090    -0.01194    -0.00298    -0.00013    -0.00380    -0.00775    -0.00663    -0.00110    -0.00005    -0.00001    -0.00084    -0.00021    -0.00090    -0.00041    -0.00000    -0.04811
    -6.64807    -0.01248    -0.00078    -0.01401    -0.00403    -0.00022    -0.00216    -0.00864    -0.00703    -0.00131    -0.00002    -0.00001    -0.00042    -0.00019    -0.00080    -0.00049    -0.00000    -0.05260
    -6.62407    -0.01055    -0.00034    -0.01189    -0.00332    -0.00017    -0.00078    -0.00737    -0.00527    -0.00137    -0.00001    -0.00002    -0.00013    -0.00016    -0.00053    -0.00044    -0.00000    -0.04237
    -6.60007    -0.01313    -0.00038    -0.01479    -0.00384    -0.00031    -0.00094    -0.00919    -0.00623    -0.00217    -0.00002    -0.00004    -0.00020    -0.00021    -0.00082    -0.00071    -0.00001    -0.05296
    -6.57607    -0.02483    -0.00073    -0.02756    -0.00758    -0.00048    -0.00324    -0.01647    -0.00893    -0.00321    -0.00004    -0.00015    -0.00079    -0.00033    -0.00062    -0.00097    -0.00001    -0.09595
    -6.55207    -0.01868    -0.00048    -0.02067    -0.00500    -0.00028    -0.00240    -0.01240    -0.00603    -0.00304    -0.00003    -0.00007    -0.00062    -0.00026    -0.00056    -0.00097    -0.00001    -0.07150
    -6.52807    -0.01336    -0.00023    -0.01460    -0.00325    -0.00009    -0.00045    -0.00863    -0.00456    -0.00281    -0.00001    -0.00002    -0.00006    -0.00018    -0.00074    -0.00098    -0.00001    -0.04998
    -6.50407    -0.01905    -0.00019    -0.02323    -0.00786    -0.00037    -0.00125    -0.01706    -0.01701    -0.00388    -0.00002    -0.00005    -0.00046    -0.00044    -0.00199    -0.00126    -0.00002    -0.09415
    -6.48007    -0.01046    -0.00020    -0.01233    -0.00458    -0.00028    -0.00038    -0.00848    -0.00705    -0.00169    -0.00001    -0.00004    -0.00010    -0.00020    -0.00062    -0.00050    -0.00002    -0.04695
    -6.45607    -0.01038    -0.00025    -0.01226    -0.00424    -0.00034    -0.00036    -0.00849    -0.00621    -0.00166    -0.00001    -0.00004    -0.00008    -0.00020    -0.00052    -0.00049    -0.00002    -0.04553
    -6.43207    -0.00991    -0.00023    -0.01175    -0.00380    -0.00030    -0.00029    -0.00821    -0.00520    -0.00161    -0.00001    -0.00004    -0.00006    -0.00019    -0.00041    -0.00047    -0.00002    -0.04249
    -6.40807    -0.01229    -0.00033    -0.01481    -0.00404    -0.00028    -0.00048    -0.01071    -0.00641    -0.00204    -0.00001    -0.00004    -0.00006    -0.00025    -0.00062    -0.00059    -0.00002    -0.05297
    -6.38407    -0.01356    -0.00035    -0.01644    -0.00542    -0.00032    -0.00058    -0.01209    -0.01095    -0.00275    -0.00001    -0.00004    -0.00008    -0.00029    -0.00129    -0.00084    -0.00002    -0.06503
    -6.36007    -0.01733    -0.00036    -0.02111    -0.00583    -0.00033    -0.00066    -0.01577    -0.01188    -0.00324    -0.00001    -0.00004    -0.00010    -0.00038    -0.00140    -0.00099    -0.00003    -0.07947
    -6.33607    -0.01340    -0.00032    -0.01648    -0.00553    -0.00034    -0.00064    -0.01269    -0.01149    -0.00372    -0.00001    -0.00005    -0.00011    -0.00034    -0.00142    -0.00120    -0.00003    -0.06777
    -6.31207    -0.01528    -0.00042    -0.01875    -0.00587    -0.00039    -0.00139    -0.01447    -0.01067    -0.00376    -0.00002    -0.00007    -0.00032    -0.00039    -0.00112    -0.00120    -0.00003    -0.07416
    -6.28807    -0.01451    -0.00080    -0.01799    -0.00685    -0.00071    -0.00289    -0.01431    -0.01189    -0.00421    -0.00002    -0.00014    -0.00056    -0.00041    -0.00118    -0.00137    -0.00003    -0.07788
    -6.26407    -0.01373    -0.00062    -0.01718    -0.00638    -0.00055    -0.00217    -0.01400    -0.01177    -0.00445    -0.00002    -0.00012    -0.00044    -0.00042    -0.00128    -0.00146    -0.00004    -0.07463
    -6.24007    -0.01275    -0.00062    -0.01609    -0.00629    -0.00054    -0.00230    -0.01341    -0.01205    -0.00416    -0.00002    -0.00012    -0.00046    -0.00041    -0.00139    -0.00137    -0.00004    -0.07204
    -6.21607    -0.01391    -0.00057    -0.01750    -0.00729    -0.00057    -0.00243    -0.01443    -0.01380    -0.00445    -0.00002    -0.00014    -0.00052    -0.00042    -0.00156    -0.00150    -0.00004    -0.07916
    -6.19207    -0.01015    -0.00041    -0.01283    -0.00571    -0.00051    -0.00186    -0.01075    -0.01186    -0.00492    -0.00003    -0.00013    -0.00042    -0.00034    -0.00152    -0.00165    -0.00004    -0.06314
    -6.16807    -0.00964    -0.00041    -0.01223    -0.00540    -0.00058    -0.00179    -0.01032    -0.01108    -0.00484    -0.00003    -0.00014    -0.00040    -0.00034    -0.00142    -0.00161    -0.00004    -0.06026
    -6.14507    -0.00844    -0.00036    -0.01066    -0.00517    -0.00061    -0.00146    -0.00904    -0.01023    -0.00425    -0.00002    -0.00014    -0.00033    -0.00032    -0.00121    -0.00140    -0.00003    -0.05367
    -6.12107    -0.00755    -0.00028    -0.00972    -0.00466    -0.00057    -0.00081    -0.00870    -0.00943    -0.00411    -0.00002    -0.00011    -0.00016    -0.00033    -0.00111    -0.00135    -0.00003    -0.04893
    -6.09707    -0.00718    -0.00025    -0.00939    -0.00460    -0.00050    -0.00063    -0.00862    -0.00971    -0.00329    -0.00001    -0.00009    -0.00011    -0.00031    -0.00116    -0.00108    -0.00002    -0.04696
    -6.07307    -0.00671    -0.00022    -0.00888    -0.00437    -0.00046    -0.00055    -0.00835    -0.00933    -0.00295    -0.00001    -0.00008    -0.00009    -0.00030    -0.00112    -0.00096    -0.00002    -0.04442
    -6.04907    -0.00669    -0.00021    -0.00890    -0.00441    -0.00050    -0.00049    -0.00844    -0.00946    -0.00277    -0.00001    -0.00009    -0.00007    -0.00029    -0.00113    -0.00090    -0.00002    -0.04438
    -6.02507    -0.00804    -0.00045    -0.01079    -0.00612    -0.00070    -0.00198    -0.01071    -0.01605    -0.00371    -0.00001    -0.00014    -0.00039    -0.00044    -0.00218    -0.00119    -0.00003    -0.06294
    -6.00107    -0.01532    -0.00104    -0.02151    -0.00842    -0.00118    -0.00451    -0.02481    -0.02252    -0.01265    -0.00002    -0.00026    -0.00084    -0.00127    -0.00293    -0.00415    -0.00005    -0.12146
    -5.97707    -0.01039    -0.00074    -0.01447    -0.00681    -0.00102    -0.00337    -0.01618    -0.01682    -0.00769    -0.00002    -0.00022    -0.00066    -0.00079    -0.00207    -0.00256    -0.00004    -0.08385
    -5.95307    -0.00999    -0.00080    -0.01350    -0.00672    -0.00094    -0.00398    -0.01354    -0.01504    -0.00309    -0.00002    -0.00021    -0.00080    -0.00048    -0.00168    -0.00099    -0.00003    -0.07183
    -5.92907    -0.01073    -0.00074    -0.01457    -0.00678    -0.00095    -0.00335    -0.01472    -0.01430    -0.00268    -0.00002    -0.00019    -0.00064    -0.00050    -0.00146    -0.00086    -0.00003    -0.07250
    -5.90507    -0.01043    -0.00070    -0.01428    -0.00645    -0.00090    -0.00294    -0.01460    -0.01324    -0.00245    -0.00001    -0.00016    -0.00054    -0.00048    -0.00136    -0.00079    -0.00004    -0.06937
    -5.88107    -0.01100    -0.00071    -0.01512    -0.00723    -0.00090    -0.00290    -0.01555    -0.01442    -0.00244    -0.00001    -0.00016    -0.00051    -0.00050    -0.00146    -0.00079    -0.00007    -0.07377
    -5.85707    -0.01150    -0.00093    -0.01596    -0.00741    -0.00092    -0.00357    -0.01658    -0.01586    -0.00258    -0.00001    -0.00015    -0.00058    -0.00052    -0.00185    -0.00086    -0.00009    -0.07937
    -5.83307    -0.01143    -0.00112    -0.01616    -0.00722    -0.00091    -0.00414    -0.01714    -0.01731    -0.00298    -0.00001    -0.00015    -0.00064    -0.00053    -0.00229    -0.00105    -0.00010    -0.08316
    -5.80907    -0.00930    -0.00082    -0.01299    -0.00693    -0.00090    -0.00297    -0.01368    -0.01464    -0.00213    -0.00001    -0.00013    -0.00045    -0.00042    -0.00151    -0.00072    -0.00006    -0.06765
    -5.78507    -0.00923    -0.00120    -0.01296    -0.00714    -0.00103    -0.00435    -0.01377    -0.01553    -0.00255    -0.00002    -0.00020    -0.00068    -0.00043    -0.00165    -0.00085    -0.00006    -0.07164
    -5.76107    -0.00804    -0.00136    -0.01135    -0.00676    -0.00088    -0.00475    -0.01209    -0.01411    -0.00184    -0.00001    -0.00014    -0.00070    -0.00035    -0.00138    -0.00061    -0.00006    -0.06444
    -5.73707    -0.00768    -0.00150    -0.01103    -0.00666    -0.00087    -0.00513    -0.01209    -0.01389    -0.00180    -0.00001    -0.00013    -0.00075    -0.00035    -0.00133    -0.00061    -0.00005    -0.06388
    -5.71307    -0.00759    -0.00148    -0.01106    -0.00665    -0.00090    -0.00486    -0.01244    -0.01399    -0.00178    -0.00001    -0.00013    -0.00067    -0.00036    -0.00135    -0.00061    -0.00006    -0.06393
    -5.68907    -0.00737    -0.00147    -0.01085    -0.00649    -0.00089    -0.00471    -0.01242    -0.01356    -0.00171    -0.00001    -0.00012    -0.00064    -0.00035    -0.00127    -0.00059    -0.00005    -0.06251
    -5.66507    -0.00676    -0.00146    -0.01016    -0.00575    -0.00087    -0.00458    -0.01207    -0.01218    -0.00132    -0.00001    -0.00011    -0.00060    -0.00034    -0.00115    -0.00050    -0.00005    -0.05791
    -5.64107    -0.00727    -0.00320    -0.01098    -0.00534    -0.00092    -0.00842    -0.01318    -0.01158    -0.00147    -0.00003    -0.00012    -0.00090    -0.00038    -0.00114    -0.00054    -0.00005    -0.06552
    -5.61707    -0.00788    -0.00880    -0.01195    -0.00464    -0.00097    -0.01993    -0.01448    -0.01056    -0.00163    -0.00008    -0.00012    -0.00168    -0.00042    -0.00113    -0.00059    -0.00004    -0.08491
    -5.59307    -0.00895    -0.01016    -0.01365    -0.00425    -0.00104    -0.02290    -0.01674    -0.01023    -0.00192    -0.00009    -0.00012    -0.00188    -0.00049    -0.00120    -0.00069    -0.00004    -0.09437
    -5.56907    -0.00916    -0.00419    -0.01391    -0.00382    -0.00089    -0.01006    -0.01676    -0.00870    -0.00161    -0.00004    -0.00011    -0.00092    -0.00044    -0.00091    -0.00052    -0.00003    -0.07207
    -5.54507    -0.01078    -0.00381    -0.01657    -0.00376    -0.00101    -0.00937    -0.02041    -0.00872    -0.00164    -0.00003    -0.00012    -0.00088    -0.00053    -0.00091    -0.00054    -0.00003    -0.07913
    -5.52107    -0.01197    -0.00350    -0.01852    -0.00372    -0.00112    -0.00879    -0.02309    -0.00923    -0.00163    -0.00003    -0.00013    -0.00085    -0.00060    -0.00099    -0.00055    -0.00003    -0.08474
    -5.49707    -0.02215    -0.00336    -0.03410    -0.00499    -0.00140    -0.00857    -0.04214    -0.01274    -0.00205    -0.00003    -0.00016    -0.00084    -0.00103    -0.00131    -0.00057    -0.00003    -0.13545
    -5.47307    -0.01809    -0.00320    -0.02816    -0.00372    -0.00089    -0.00840    -0.03544    -0.01000    -0.00183    -0.00003    -0.00011    -0.00084    -0.00089    -0.00110    -0.00057    -0.00002    -0.11329
    -5.44907    -0.01482    -0.00340    -0.02325    -0.00229    -0.00047    -0.00896    -0.02962    -0.00692    -0.00190    -0.00003    -0.00007    -0.00089    -0.00074    -0.00086    -0.00064    -0.00002    -0.09488
    -5.42507    -0.01503    -0.00393    -0.02373    -0.00128    -0.00042    -0.01041    -0.03010    -0.00525    -0.00203    -0.00003    -0.00006    -0.00103    -0.00070    -0.00080    -0.00068    -0.00002    -0.09550
    -5.40107    -0.01301    -0.00364    -0.02077    -0.00127    -0.00037    -0.00968    -0.02681    -0.00493    -0.00167    -0.00003    -0.00006    -0.00096    -0.00063    -0.00071    -0.00060    -0.00002    -0.08517
    -5.37707    -0.00450    -0.00600    -0.00731    -0.00131    -0.00099    -0.01361    -0.00985    -0.00498    -0.00148    -0.00006    -0.00007    -0.00110    -0.00026    -0.00069    -0.00058    -0.00002    -0.05281
    -5.35307    -0.00294    -0.01312    -0.00490    -0.00145    -0.00229    -0.02319    -0.00702    -0.00530    -0.00156    -0.00021    -0.00016    -0.00130    -0.00021    -0.00071    -0.00064    -0.00002    -0.06502
    -5.32907    -0.00350    -0.01270    -0.00598    -0.00245    -0.00256    -0.02176    -0.00890    -0.00827    -0.00190    -0.00023    -0.00017    -0.00119    -0.00028    -0.00099    -0.00081    -0.00002    -0.07172
    -5.30507    -0.00349    -0.00789    -0.00596    -0.00275    -0.00144    -0.01447    -0.00875    -0.00877    -0.00204    -0.00014    -0.00010    -0.00094    -0.00025    -0.00099    -0.00085    -0.00002    -0.05887
    -5.28107    -0.00466    -0.00815    -0.00791    -0.00345    -0.00130    -0.01492    -0.01131    -0.00985    -0.00281    -0.00015    -0.00009    -0.00099    -0.00030    -0.00101    -0.00108    -0.00004    -0.06801
    -5.25807    -0.00645    -0.00802    -0.01087    -0.00443    -0.00127    -0.01454    -0.01489    -0.01197    -0.00561    -0.00016    -0.00009    -0.00096    -0.00033    -0.00114    -0.00202    -0.00005    -0.08279
    -5.23407    -0.00421    -0.00820    -0.00712    -0.00378    -0.00098    -0.01619    -0.01081    -0.00651    -0.00476    -0.00014    -0.00007    -0.00114    -0.00036    -0.00033    -0.00140    -0.00008    -0.06609
    -5.21007    -0.00452    -0.00776    -0.00731    -0.00534    -0.00097    -0.01500    -0.01041    -0.00861    -0.00449    -0.00015    -0.00007    -0.00108    -0.00031    -0.00033    -0.00112    -0.00011    -0.06757
    -5.18607    -0.00366    -0.00705    -0.00571    -0.00434    -0.00096    -0.01426    -0.00752    -0.00683    -0.00298    -0.00013    -0.00007    -0.00103    -0.00018    -0.00027    -0.00069    -0.00010    -0.05577
    -5.16207    -0.00251    -0.00598    -0.00389    -0.00300    -0.00122    -0.01251    -0.00515    -0.00480    -0.00209    -0.00011    -0.00009    -0.00092    -0.00014    -0.00029    -0.00051    -0.00010    -0.04331
    -5.13807    -0.00230    -0.00591    -0.00360    -0.00305    -0.00187    -0.01255    -0.00492    -0.00476    -0.00198    -0.00011    -0.00014    -0.00095    -0.00014    -0.00030    -0.00051    -0.00010    -0.04317
    -5.11407    -0.00181    -0.00557    -0.00287    -0.00244    -0.00178    -0.01191    -0.00414    -0.00388    -0.00162    -0.00010    -0.00014    -0.00091    -0.00014    -0.00022    -0.00044    -0.00007    -0.03805
    -5.09007    -0.00166    -0.00505    -0.00267    -0.00188    -0.00110    -0.01077    -0.00402    -0.00313    -0.00158    -0.00010    -0.00009    -0.00081    -0.00015    -0.00019    -0.00045    -0.00007    -0.03371
    -5.06607    -0.00160    -0.00460    -0.00260    -0.00157    -0.00072    -0.00984    -0.00407    -0.00274    -0.00161    -0.00009    -0.00006    -0.00073    -0.00017    -0.00017    -0.00048    -0.00006    -0.03110
    -5.04207    -0.00228    -0.01184    -0.00396    -0.00186    -0.00051    -0.02626    -0.00711    -0.00354    -0.00214    -0.00022    -0.00005    -0.00207    -0.00036    -0.00021    -0.00064    -0.00005    -0.06311
    -5.01807    -0.00371    -0.01087    -0.00739    -0.00224    -0.00135    -0.01888    -0.01757    -0.00487    -0.00396    -0.00026    -0.00011    -0.00086    -0.00139    -0.00031    -0.00118    -0.00005    -0.07500
    -4.99407    -0.00261    -0.00673    -0.00488    -0.00229    -0.00330    -0.01126    -0.00973    -0.00389    -0.00229    -0.00017    -0.00027    -0.00044    -0.00058    -0.00028    -0.00063    -0.00008    -0.04944
    -4.97007    -0.00242    -0.00676    -0.00435    -0.00247    -0.00952    -0.01098    -0.00788    -0.00426    -0.00185    -0.00018    -0.00085    -0.00039    -0.00039    -0.00027    -0.00043    -0.00008    -0.05305
    -4.94607    -0.00274    -0.00759    -0.00489    -0.00349    -0.00955    -0.01282    -0.00839    -0.00715    -0.00194    -0.00020    -0.00082    -0.00052    -0.00035    -0.00083    -0.00042    -0.00017    -0.06187
    -4.92207    -0.00305    -0.01101    -0.00547    -0.00331    -0.00894    -0.02353    -0.00927    -0.00641    -0.00229    -0.00022    -0.00074    -0.00154    -0.00034    -0.00056    -0.00048    -0.00013    -0.07729
    -4.89807    -0.00299    -0.00748    -0.00529    -0.00281    -0.00818    -0.01282    -0.00877    -0.00639    -0.00218    -0.00020    -0.00068    -0.00054    -0.00031    -0.00060    -0.00045    -0.00012    -0.05981
    -4.87407    -0.00298    -0.00873    -0.00530    -0.00287    -0.01045    -0.01672    -0.00882    -0.00693    -0.00231    -0.00022    -0.00089    -0.00090    -0.00030    -0.00070    -0.00049    -0.00013    -0.06872
    -4.85007    -0.00304    -0.00799    -0.00550    -0.00311    -0.01144    -0.01482    -0.00943    -0.00816    -0.00233    -0.00020    -0.00098    -0.00072    -0.00031    -0.00085    -0.00052    -0.00014    -0.06954
    -4.82607    -0.00442    -0.00768    -0.00835    -0.00556    -0.01970    -0.01329    -0.01530    -0.01388    -0.00412    -0.00020    -0.00161    -0.00050    -0.00054    -0.00122    -0.00107    -0.00018    -0.09761
    -4.80207    -0.00481    -0.00774    -0.00958    -0.00609    -0.02358    -0.01242    -0.01878    -0.01505    -0.00337    -0.00022    -0.00188    -0.00033    -0.00069    -0.00131    -0.00082    -0.00019    -0.10684
    -4.77807    -0.00503    -0.00754    -0.01035    -0.00616    -0.02117    -0.01206    -0.02114    -0.01591    -0.00212    -0.00022    -0.00167    -0.00031    -0.00080    -0.00147    -0.00039    -0.00020    -0.10655
    -4.75407    -0.00517    -0.00613    -0.01092    -0.00643    -0.01865    -0.01001    -0.02307    -0.01697    -0.00183    -0.00019    -0.00146    -0.00027    -0.00090    -0.00160    -0.00030    -0.00021    -0.10411
    -4.73007    -0.00438    -0.00678    -0.00928    -0.00514    -0.01837    -0.01102    -0.01992    -0.01608    -0.00135    -0.00021    -0.00143    -0.00029    -0.00080    -0.00189    -0.00019    -0.00020    -0.09734
    -4.70607    -0.00431    -0.00764    -0.00912    -0.00480    -0.02188    -0.01245    -0.01947    -0.01575    -0.00138    -0.00024    -0.00169    -0.00032    -0.00076    -0.00200    -0.00021    -0.00020    -0.10223
    -4.68207    -0.00405    -0.00849    -0.00861    -0.00437    -0.03731    -0.01446    -0.01845    -0.01501    -0.00128    -0.00027    -0.00284    -0.00043    -0.00071    -0.00207    -0.00021    -0.00022    -0.11875
    -4.65807    -0.00393    -0.00817    -0.00835    -0.00366    -0.03233    -0.01373    -0.01788    -0.01429    -0.00129    -0.00028    -0.00249    -0.00042    -0.00066    -0.00215    -0.00022    -0.00021    -0.11007
    -4.63407    -0.00305    -0.00777    -0.00652    -0.00232    -0.03008    -0.01356    -0.01400    -0.00897    -0.00116    -0.00025    -0.00231    -0.00042    -0.00050    -0.00148    -0.00021    -0.00018    -0.09279
    -4.61007    -0.00241    -0.00632    -0.00523    -0.00146    -0.02198    -0.01120    -0.01126    -0.00552    -0.00099    -0.00021    -0.00172    -0.00038    -0.00038    -0.00095    -0.00018    -0.00015    -0.07034
    -4.58607    -0.00211    -0.00566    -0.00457    -0.00114    -0.01403    -0.01035    -0.00986    -0.00495    -0.00087    -0.00019    -0.00113    -0.00035    -0.00033    -0.00093    -0.00017    -0.00014    -0.05677
    -4.56207    -0.00206    -0.00552    -0.00457    -0.00140    -0.01371    -0.01072    -0.01001    -0.00482    -0.00107    -0.00017    -0.00112    -0.00036    -0.00032    -0.00085    -0.00018    -0.00015    -0.05705
    -4.53807    -0.00268    -0.00570    -0.00593    -0.00212    -0.01374    -0.01133    -0.01257    -0.00552    -0.00173    -0.00017    -0.00113    -0.00037    -0.00037    -0.00081    -0.00026    -0.00020    -0.06462
    -4.51407    -0.00265    -0.00612    -0.00584    -0.00220    -0.01103    -0.01214    -0.01229    -0.00530    -0.00204    -0.00019    -0.00090    -0.00035    -0.00036    -0.00078    -0.00030    -0.00021    -0.06270
    -4.49007    -0.00263    -0.00668    -0.00567    -0.00248    -0.00910    -0.01292    -0.01175    -0.00502    -0.00285    -0.00021    -0.00074    -0.00037    -0.00037    -0.00079    -0.00040    -0.00026    -0.06224
    -4.46607    -0.00262    -0.00772    -0.00591    -0.00242    -0.00858    -0.01481    -0.01307    -0.00530    -0.00209    -0.00026    -0.00069    -0.00042    -0.00042    -0.00080    -0.00027    -0.00023    -0.06561
    -4.44207    -0.00221    -0.00789    -0.00512    -0.00206    -0.00854    -0.01507    -0.01175    -0.00515    -0.00152    -0.00028    -0.00068    -0.00043    -0.00038    -0.00078    -0.00019    -0.00019    -0.06223
    -4.41807    -0.00206    -0.00778    -0.00480    -0.00203    -0.00834    -0.01481    -0.01109    -0.00524    -0.00152    -0.00028    -0.00066    -0.00045    -0.00036    -0.00074    -0.00019    -0.00017    -0.06051
    -4.39407    -0.00270    -0.02100    -0.00608    -0.00203    -0.00936    -0.03634    -0.01408    -0.00625    -0.00244    -0.00084    -0.00075    -0.00076    -0.00046    -0.00112    -0.00027    -0.00021    -0.10468
    -4.37007    -0.00184    -0.00602    -0.00435    -0.00227    -0.00862    -0.01067    -0.01029    -0.00625    -0.00166    -0.00027    -0.00067    -0.00037    -0.00033    -0.00075    -0.00020    -0.00016    -0.05475
    -4.34707    -0.00273    -0.00312    -0.00683    -0.00441    -0.00876    -0.00554    -0.01722    -0.01163    -0.00184    -0.00018    -0.00068    -0.00031    -0.00058    -0.00072    -0.00018    -0.00016    -0.06489
    -4.32307    -0.00344    -0.00203    -0.00913    -0.00624    -0.00751    -0.00387    -0.02439    -0.01623    -0.00196    -0.00014    -0.00059    -0.00036    -0.00085    -0.00078    -0.00017    -0.00018    -0.07785
    -4.29907    -0.00205    -0.00218    -0.00531    -0.00260    -0.00775    -0.00447    -0.01349    -0.00811    -0.00144    -0.00013    -0.00058    -0.00029    -0.00041    -0.00067    -0.00017    -0.00012    -0.04977
    -4.27507    -0.00170    -0.00085    -0.00454    -0.00222    -0.00447    -0.00173    -0.01175    -0.00622    -0.00133    -0.00007    -0.00035    -0.00021    -0.00036    -0.00038    -0.00016    -0.00009    -0.03643
    -4.25107    -0.00183    -0.00108    -0.00492    -0.00221    -0.00479    -0.00232    -0.01277    -0.00635    -0.00138    -0.00008    -0.00036    -0.00022    -0.00038    -0.00040    -0.00018    -0.00009    -0.03937
    -4.22707    -0.00174    -0.00124    -0.00472    -0.00211    -0.00448    -0.00276    -0.01234    -0.00617    -0.00137    -0.00009    -0.00034    -0.00023    -0.00037    -0.00040    -0.00018    -0.00009    -0.03863
    -4.20307    -0.00145    -0.00106    -0.00399    -0.00195    -0.00302    -0.00238    -0.01059    -0.00569    -0.00137    -0.00008    -0.00023    -0.00023    -0.00032    -0.00037    -0.00019    -0.00008    -0.03299
    -4.17907    -0.00133    -0.00092    -0.00371    -0.00190    -0.00237    -0.00211    -0.01000    -0.00565    -0.00136    -0.00007    -0.00018    -0.00022    -0.00031    -0.00037    -0.00019    -0.00008    -0.03077
    -4.15507    -0.00144    -0.00100    -0.00407    -0.00203    -0.00289    -0.00241    -0.01118    -0.00618    -0.00130    -0.00007    -0.00021    -0.00028    -0.00035    -0.00042    -0.00018    -0.00009    -0.03409
    -4.13107    -0.00140    -0.00093    -0.00400    -0.00203    -0.00314    -0.00230    -0.01108    -0.00638    -0.00128    -0.00006    -0.00022    -0.00022    -0.00035    -0.00048    -0.00018    -0.00011    -0.03415
    -4.10707    -0.00178    -0.00300    -0.00479    -0.00193    -0.00224    -0.00703    -0.01305    -0.00621    -0.00169    -0.00011    -0.00016    -0.00018    -0.00040    -0.00049    -0.00018    -0.00011    -0.04334
    -4.08307    -0.00172    -0.00323    -0.00464    -0.00185    -0.00188    -0.00769    -0.01274    -0.00612    -0.00170    -0.00012    -0.00013    -0.00020    -0.00039    -0.00050    -0.00018    -0.00011    -0.04322
    -4.05907    -0.00202    -0.00343    -0.00569    -0.00191    -0.00178    -0.00862    -0.01611    -0.00635    -0.00167    -0.00012    -0.00012    -0.00025    -0.00049    -0.00051    -0.00019    -0.00012    -0.04938
    -4.03507    -0.00203    -0.00359    -0.00577    -0.00196    -0.00167    -0.00914    -0.01649    -0.00662    -0.00166    -0.00013    -0.00012    -0.00027    -0.00050    -0.00053    -0.00018    -0.00013    -0.05077
    -4.01107    -0.00192    -0.00332    -0.00555    -0.00205    -0.00167    -0.00864    -0.01609    -0.00705    -0.00158    -0.00012    -0.00011    -0.00026    -0.00049    -0.00055    -0.00017    -0.00014    -0.04970
    -3.98707    -0.00179    -0.00329    -0.00520    -0.00195    -0.00149    -0.00868    -0.01516    -0.00690    -0.00175    -0.00011    -0.00010    -0.00026    -0.00047    -0.00056    -0.00020    -0.00015    -0.04806
    -3.96307    -0.00169    -0.00317    -0.00498    -0.00208    -0.00168    -0.00850    -0.01470    -0.00757    -0.00165    -0.00011    -0.00011    -0.00026    -0.00045    -0.00060    -0.00018    -0.00017    -0.04790
    -3.93907    -0.00157    -0.00318    -0.00481    -0.00219    -0.00191    -0.00861    -0.01466    -0.00824    -0.00090    -0.00011    -0.00013    -0.00026    -0.00043    -0.00062    -0.00006    -0.00018    -0.04787
    -3.91507    -0.00145    -0.00308    -0.00449    -0.00196    -0.00149    -0.00843    -0.01383    -0.00760    -0.00085    -0.00011    -0.00010    -0.00026    -0.00041    -0.00062    -0.00006    -0.00015    -0.04488
    -3.89107    -0.00134    -0.00309    -0.00418    -0.00177    -0.00145    -0.00854    -0.01297    -0.00706    -0.00082    -0.00010    -0.00010    -0.00027    -0.00038    -0.00061    -0.00006    -0.00014    -0.04289
    -3.86707    -0.00124    -0.00311    -0.00398    -0.00167    -0.00146    -0.00876    -0.01267    -0.00680    -0.00081    -0.00010    -0.00010    -0.00028    -0.00037    -0.00061    -0.00006    -0.00014    -0.04217
    -3.84307    -0.00116    -0.00313    -0.00375    -0.00152    -0.00145    -0.00888    -0.01198    -0.00642    -0.00080    -0.00010    -0.00010    -0.00028    -0.00035    -0.00061    -0.00007    -0.00014    -0.04073
    -3.81907    -0.00107    -0.00324    -0.00350    -0.00139    -0.00145    -0.00948    -0.01134    -0.00600    -0.00075    -0.00011    -0.00010    -0.00030    -0.00033    -0.00059    -0.00007    -0.00014    -0.03985
    -3.79507    -0.00099    -0.00331    -0.00328    -0.00126    -0.00146    -0.00989    -0.01076    -0.00560    -0.00070    -0.00011    -0.00010    -0.00032    -0.00031    -0.00057    -0.00006    -0.00013    -0.03887
    -3.77107    -0.00091    -0.00336    -0.00309    -0.00115    -0.00147    -0.01021    -0.01024    -0.00536    -0.00066    -0.00011    -0.00010    -0.00033    -0.00030    -0.00057    -0.00006    -0.00013    -0.03806
    -3.74707    -0.00086    -0.00341    -0.00293    -0.00106    -0.00149    -0.01051    -0.00981    -0.00533    -0.00068    -0.00011    -0.00010    -0.00035    -0.00028    -0.00062    -0.00007    -0.00013    -0.03772
    -3.72307    -0.00080    -0.00343    -0.00281    -0.00192    -0.00156    -0.01076    -0.00966    -0.00809    -0.00068    -0.00011    -0.00010    -0.00036    -0.00028    -0.00075    -0.00007    -0.00013    -0.04152
    -3.69907    -0.00082    -0.00352    -0.00308    -0.00324    -0.00167    -0.01127    -0.01089    -0.01350    -0.00102    -0.00012    -0.00010    -0.00038    -0.00031    -0.00120    -0.00012    -0.00015    -0.05139
    -3.67507    -0.00073    -0.00352    -0.00281    -0.00426    -0.00176    -0.01134    -0.01033    -0.01517    -0.00053    -0.00012    -0.00011    -0.00038    -0.00030    -0.00095    -0.00005    -0.00012    -0.05247
    -3.65107    -0.00072    -0.00352    -0.00285    -0.00621    -0.00210    -0.01143    -0.01061    -0.02184    -0.00057    -0.00011    -0.00013    -0.00038    -0.00031    -0.00130    -0.00005    -0.00012    -0.06227
    -3.62707    -0.00072    -0.00351    -0.00292    -0.00754    -0.00236    -0.01150    -0.01099    -0.02695    -0.00064    -0.00011    -0.00014    -0.00039    -0.00032    -0.00165    -0.00006    -0.00013    -0.06993
    -3.60307    -0.00074    -0.00349    -0.00307    -0.00682    -0.00218    -0.01153    -0.01178    -0.02504    -0.00076    -0.00011    -0.00013    -0.00039    -0.00035    -0.00156    -0.00007    -0.00014    -0.06816
    -3.57907    -0.00087    -0.00348    -0.00382    -0.00524    -0.00185    -0.01162    -0.01512    -0.02031    -0.00099    -0.00011    -0.00011    -0.00039    -0.00045    -0.00130    -0.00009    -0.00017    -0.06594
    -3.55507    -0.00095    -0.00344    -0.00426    -0.00458    -0.00164    -0.01155    -0.01720    -0.01847    -0.00121    -0.00011    -0.00010    -0.00039    -0.00052    -0.00123    -0.00012    -0.00020    -0.06597
    -3.53107    -0.00105    -0.00441    -0.00482    -0.00537    -0.00209    -0.01500    -0.01966    -0.02119    -0.00140    -0.00014    -0.00013    -0.00051    -0.00059    -0.00130    -0.00012    -0.00022    -0.07800
    -3.50707    -0.00145    -0.00436    -0.00702    -0.00784    -0.00258    -0.01504    -0.02923    -0.03018    -0.00178    -0.00014    -0.00016    -0.00051    -0.00087    -0.00153    -0.00011    -0.00027    -0.10306
    -3.48307    -0.00030    -0.00393    -0.00124    -0.00642    -0.00395    -0.01373    -0.00483    -0.02130    -0.00071    -0.00012    -0.00024    -0.00047    -0.00014    -0.00147    -0.00010    -0.00015    -0.05910
    -3.46007    -0.00027    -0.00365    -0.00124    -0.00687    -0.00435    -0.01311    -0.00505    -0.02257    -0.00034    -0.00011    -0.00026    -0.00045    -0.00014    -0.00095    -0.00003    -0.00007    -0.05946
    -3.43607    -0.00024    -0.00322    -0.00119    -0.00529    -0.00312    -0.01192    -0.00502    -0.01723    -0.00018    -0.00010    -0.00019    -0.00042    -0.00014    -0.00059    -0.00000    -0.00005    -0.04889
    -3.41207    -0.00021    -0.00279    -0.00112    -0.00376    -0.00183    -0.01055    -0.00487    -0.01283    -0.00016    -0.00008    -0.00011    -0.00037    -0.00013    -0.00045    -0.00000    -0.00005    -0.03931
    -3.38807    -0.00020    -0.00272    -0.00113    -0.00389    -0.00171    -0.01040    -0.00496    -0.01340    -0.00016    -0.00008    -0.00010    -0.00037    -0.00013    -0.00047    -0.00000    -0.00005    -0.03978
    -3.36407    -0.00020    -0.00266    -0.00114    -0.00406    -0.00163    -0.01028    -0.00506    -0.01407    -0.00017    -0.00008    -0.00010    -0.00037    -0.00013    -0.00049    -0.00000    -0.00005    -0.04047
    -3.34007    -0.00019    -0.00261    -0.00111    -0.00354    -0.00151    -0.01018    -0.00496    -0.01269    -0.00016    -0.00007    -0.00009    -0.00036    -0.00013    -0.00044    -0.00000    -0.00004    -0.03809
    -3.31607    -0.00018    -0.00257    -0.00109    -0.00313    -0.00137    -0.01017    -0.00492    -0.01157    -0.00015    -0.00007    -0.00008    -0.00036    -0.00013    -0.00041    -0.00000    -0.00004    -0.03625
    -3.29207    -0.00018    -0.00255    -0.00109    -0.00293    -0.00124    -0.01021    -0.00496    -0.01104    -0.00015    -0.00007    -0.00007    -0.00037    -0.00013    -0.00039    -0.00000    -0.00004    -0.03541
    -3.26807    -0.00018    -0.00254    -0.00120    -0.00284    -0.00111    -0.01041    -0.00562    -0.01122    -0.00017    -0.00007    -0.00006    -0.00038    -0.00015    -0.00041    -0.00000    -0.00005    -0.03641
    -3.24407    -0.00028    -0.00695    -0.00160    -0.00462    -0.00391    -0.02901    -0.00741    -0.01788    -0.00037    -0.00022    -0.00022    -0.00103    -0.00019    -0.00064    -0.00001    -0.00005    -0.07441
    -3.22007    -0.00027    -0.00709    -0.00159    -0.00627    -0.00613    -0.03003    -0.00746    -0.02417    -0.00047    -0.00023    -0.00034    -0.00108    -0.00020    -0.00086    -0.00001    -0.00005    -0.08624
    -3.19607    -0.00023    -0.00560    -0.00144    -0.00571    -0.00516    -0.02422    -0.00692    -0.02277    -0.00046    -0.00018    -0.00029    -0.00087    -0.00018    -0.00082    -0.00001    -0.00005    -0.07492
    -3.17207    -0.00020    -0.00501    -0.00142    -0.00546    -0.00452    -0.02223    -0.00702    -0.02243    -0.00047    -0.00016    -0.00025    -0.00080    -0.00018    -0.00082    -0.00001    -0.00006    -0.07104
    -3.14807    -0.00019    -0.00486    -0.00136    -0.00545    -0.00452    -0.02186    -0.00684    -0.02265    -0.00048    -0.00015    -0.00025    -0.00079    -0.00018    -0.00082    -0.00001    -0.00005    -0.07047
    -3.12407    -0.00017    -0.00473    -0.00129    -0.00539    -0.00450    -0.02152    -0.00657    -0.02256    -0.00049    -0.00015    -0.00025    -0.00078    -0.00017    -0.00082    -0.00001    -0.00005    -0.06943
    -3.10007    -0.00022    -0.00470    -0.00187    -0.00605    -0.00452    -0.02173    -0.00985    -0.02671    -0.00064    -0.00015    -0.00025    -0.00079    -0.00026    -0.00100    -0.00002    -0.00008    -0.07882
    -3.07607    -0.00023    -0.00476    -0.00197    -0.00634    -0.00471    -0.02228    -0.01051    -0.02837    -0.00070    -0.00015    -0.00025    -0.00081    -0.00027    -0.00106    -0.00002    -0.00009    -0.08251
    -3.05207    -0.00023    -0.00563    -0.00208    -0.00664    -0.00492    -0.02683    -0.01121    -0.03010    -0.00077    -0.00017    -0.00026    -0.00098    -0.00029    -0.00113    -0.00002    -0.00009    -0.09136
    -3.02807    -0.00012    -0.00770    -0.00109    -0.00563    -0.00511    -0.03752    -0.00587    -0.02432    -0.00057    -0.00024    -0.00027    -0.00137    -0.00015    -0.00088    -0.00001    -0.00004    -0.09090
    -3.00407    -0.00011    -0.00891    -0.00100    -0.00567    -0.00536    -0.04400    -0.00546    -0.02461    -0.00057    -0.00027    -0.00029    -0.00161    -0.00014    -0.00089    -0.00001    -0.00004    -0.09895
    -2.98007    -0.00010    -0.01077    -0.00105    -0.00643    -0.00591    -0.05425    -0.00587    -0.02839    -0.00067    -0.00033    -0.00031    -0.00198    -0.00015    -0.00103    -0.00001    -0.00004    -0.11730
    -2.95607    -0.00009    -0.00808    -0.00090    -0.00637    -0.00621    -0.04162    -0.00510    -0.02835    -0.00065    -0.00024    -0.00033    -0.00153    -0.00013    -0.00103    -0.00001    -0.00004    -0.10068
    -2.93207    -0.00006    -0.00609    -0.00068    -0.00550    -0.00613    -0.03196    -0.00389    -0.02505    -0.00055    -0.00018    -0.00032    -0.00118    -0.00010    -0.00091    -0.00001    -0.00003    -0.08264
    -2.90807    -0.00004    -0.00447    -0.00050    -0.00504    -0.00666    -0.02413    -0.00295    -0.02371    -0.00052    -0.00013    -0.00034    -0.00089    -0.00007    -0.00086    -0.00001    -0.00002    -0.07034
    -2.88407    -0.00004    -0.00384    -0.00045    -0.00538    -0.00704    -0.02074    -0.00271    -0.02587    -0.00058    -0.00010    -0.00036    -0.00077    -0.00007    -0.00093    -0.00001    -0.00002    -0.06892
    -2.86007    -0.00003    -0.00313    -0.00039    -0.00535    -0.00707    -0.01691    -0.00242    -0.02620    -0.00059    -0.00008    -0.00036    -0.00062    -0.00006    -0.00094    -0.00001    -0.00002    -0.06419
    -2.83607    -0.00003    -0.00240    -0.00034    -0.00534    -0.00710    -0.01295    -0.00214    -0.02661    -0.00059    -0.00006    -0.00036    -0.00048    -0.00005    -0.00096    -0.00001    -0.00002    -0.05943
    -2.81207    -0.00002    -0.00203    -0.00030    -0.00531    -0.00719    -0.01092    -0.00190    -0.02696    -0.00060    -0.00005    -0.00036    -0.00040    -0.00005    -0.00097    -0.00001    -0.00002    -0.05708
    -2.78807    -0.00002    -0.00188    -0.00026    -0.00555    -0.00744    -0.01007    -0.00174    -0.02862    -0.00066    -0.00004    -0.00037    -0.00037    -0.00004    -0.00103    -0.00001    -0.00002    -0.05812
    -2.76407    -0.00002    -0.00173    -0.00023    -0.00584    -0.00772    -0.00919    -0.00160    -0.03059    -0.00072    -0.00003    -0.00039    -0.00034    -0.00004    -0.00110    -0.00001    -0.00002    -0.05957
    -2.74007    -0.00001    -0.00157    -0.00020    -0.00614    -0.00800    -0.00823    -0.00147    -0.03262    -0.00079    -0.00003    -0.00040    -0.00030    -0.00003    -0.00117    -0.00001    -0.00002    -0.06102
    -2.71607    -0.00001    -0.00144    -0.00018    -0.00647    -0.00829    -0.00740    -0.00140    -0.03479    -0.00087    -0.00002    -0.00041    -0.00027    -0.00003    -0.00125    -0.00001    -0.00002    -0.06287
    -2.69207    -0.00002    -0.00384    -0.00023    -0.01230    -0.03181    -0.02011    -0.00179    -0.06454    -0.00164    -0.00003    -0.00157    -0.00073    -0.00004    -0.00228    -0.00002    -0.00002    -0.14097
    -2.66807    -0.00001    -0.00177    -0.00023    -0.00922    -0.01615    -0.00925    -0.00182    -0.05079    -0.00137    -0.00002    -0.00079    -0.00034    -0.00004    -0.00182    -0.00002    -0.00003    -0.09366
    -2.64407    -0.00002    -0.00129    -0.00026    -0.01046    -0.02220    -0.00681    -0.00206    -0.05832    -0.00152    -0.00002    -0.00109    -0.00025    -0.00005    -0.00208    -0.00002    -0.00003    -0.10647
    -2.62007    -0.00004    -0.00321    -0.00049    -0.01175    -0.00167    -0.02045    -0.00380    -0.07112    -0.00189    -0.00007    -0.00008    -0.00076    -0.00009    -0.00262    -0.00003    -0.00008    -0.11815
    -2.59607    -0.00003    -0.00814    -0.00072    -0.01374    -0.00104    -0.05532    -0.00597    -0.08776    -0.00267    -0.00020    -0.00005    -0.00205    -0.00014    -0.00323    -0.00004    -0.00009    -0.18119
    -2.57307    -0.00001    -0.00585    -0.00064    -0.01128    -0.00098    -0.04023    -0.00541    -0.07318    -0.00248    -0.00014    -0.00005    -0.00149    -0.00012    -0.00269    -0.00004    -0.00008    -0.14468
    -2.54907    -0.00001    -0.00326    -0.00058    -0.01057    -0.00093    -0.02278    -0.00502    -0.06978    -0.00234    -0.00007    -0.00004    -0.00084    -0.00011    -0.00256    -0.00004    -0.00008    -0.11902
    -2.52507    -0.00001    -0.00291    -0.00077    -0.01647    -0.00154    -0.02061    -0.00668    -0.11270    -0.00297    -0.00006    -0.00007    -0.00076    -0.00015    -0.00416    -0.00005    -0.00014    -0.17005
    -2.50107    -0.00001    -0.00414    -0.00072    -0.00981    -0.00817    -0.02843    -0.00623    -0.06590    -0.00232    -0.00007    -0.00037    -0.00104    -0.00014    -0.00239    -0.00004    -0.00007    -0.12985
    -2.47707    -0.00001    -0.00594    -0.00112    -0.01009    -0.01092    -0.04164    -0.00969    -0.06921    -0.00311    -0.00010    -0.00050    -0.00153    -0.00022    -0.00251    -0.00005    -0.00008    -0.15670
    -2.45307    -0.00001    -0.00360    -0.00094    -0.00968    -0.01129    -0.02553    -0.00823    -0.06752    -0.00246    -0.00005    -0.00051    -0.00093    -0.00018    -0.00244    -0.00004    -0.00007    -0.13348
    -2.42907    -0.00000    -0.00234    -0.00070    -0.00250    -0.00901    -0.01627    -0.00603    -0.01582    -0.00099    -0.00002    -0.00040    -0.00059    -0.00013    -0.00054    -0.00002    -0.00002    -0.05538
    -2.40507    -0.00000    -0.00289    -0.00095    -0.00292    -0.01079    -0.02067    -0.00832    -0.01930    -0.00131    -0.00003    -0.00048    -0.00075    -0.00018    -0.00067    -0.00002    -0.00003    -0.06931
    -2.38107    -0.00002    -0.01122    -0.00291    -0.01688    -0.02785    -0.08489    -0.02660    -0.13060    -0.00705    -0.00016    -0.00123    -0.00308    -0.00060    -0.00476    -0.00012    -0.00018    -0.31814
    -2.35707    -0.00001    -0.00727    -0.00195    -0.00711    -0.02073    -0.05585    -0.01789    -0.05332    -0.00409    -0.00009    -0.00091    -0.00202    -0.00040    -0.00191    -0.00007    -0.00008    -0.17371
    -2.33307    -0.00001    -0.00732    -0.00196    -0.00785    -0.02503    -0.05724    -0.01821    -0.05743    -0.00420    -0.00009    -0.00109    -0.00207    -0.00040    -0.00203    -0.00007    -0.00008    -0.18511
    -2.30907    -0.00001    -0.00612    -0.00181    -0.00721    -0.02498    -0.04884    -0.01691    -0.05243    -0.00367    -0.00008    -0.00109    -0.00177    -0.00037    -0.00184    -0.00006    -0.00007    -0.16725
    -2.28507    -0.00001    -0.00470    -0.00134    -0.00371    -0.02041    -0.03811    -0.01272    -0.02846    -0.00263    -0.00006    -0.00087    -0.00137    -0.00028    -0.00101    -0.00005    -0.00005    -0.11578
    -2.26107    -0.00001    -0.00377    -0.00098    -0.00270    -0.01849    -0.03078    -0.00942    -0.02047    -0.00193    -0.00004    -0.00079    -0.00111    -0.00020    -0.00071    -0.00003    -0.00003    -0.09146
    -2.23707    -0.00000    -0.00178    -0.00067    -0.00191    -0.01059    -0.01548    -0.00636    -0.01389    -0.00080    -0.00002    -0.00045    -0.00056    -0.00014    -0.00047    -0.00002    -0.00003    -0.05315
    -2.21307    -0.00000    -0.00164    -0.00065    -0.00181    -0.01044    -0.01454    -0.00625    -0.01339    -0.00073    -0.00002    -0.00044    -0.00052    -0.00013    -0.00046    -0.00001    -0.00003    -0.05107
    -2.18907    -0.00000    -0.00148    -0.00064    -0.00168    -0.01022    -0.01349    -0.00616    -0.01276    -0.00066    -0.00002    -0.00043    -0.00048    -0.00013    -0.00043    -0.00001    -0.00003    -0.04864
    -2.16507    -0.00000    -0.00132    -0.00063    -0.00155    -0.00997    -0.01240    -0.00607    -0.01208    -0.00059    -0.00002    -0.00041    -0.00044    -0.00013    -0.00041    -0.00001    -0.00003    -0.04608
    -2.14107    -0.00026    -0.00188    -0.00279    -0.00589    -0.01730    -0.01725    -0.03017    -0.05455    -0.00735    -0.00002    -0.00071    -0.00061    -0.00059    -0.00192    -0.00012    -0.00007    -0.14147
    -2.11707    -0.00054    -0.00357    -0.00467    -0.00748    -0.04240    -0.03345    -0.05154    -0.07196    -0.01177    -0.00003    -0.00172    -0.00118    -0.00099    -0.00254    -0.00019    -0.00010    -0.23412
    -2.09307    -0.00025    -0.00229    -0.00289    -0.00323    -0.02336    -0.02276    -0.03247    -0.03595    -0.00656    -0.00003    -0.00094    -0.00081    -0.00064    -0.00131    -0.00011    -0.00010    -0.13369
    -2.06907    -0.00019    -0.00183    -0.00232    -0.00262    -0.01858    -0.01888    -0.02638    -0.03067    -0.00502    -0.00002    -0.00075    -0.00067    -0.00052    -0.00112    -0.00008    -0.00009    -0.10974
    -2.04507    -0.00015    -0.00161    -0.00184    -0.00226    -0.01741    -0.01733    -0.02123    -0.02715    -0.00384    -0.00002    -0.00069    -0.00061    -0.00042    -0.00099    -0.00006    -0.00008    -0.09568
    -2.02107    -0.00016    -0.00151    -0.00176    -0.00216    -0.01758    -0.01679    -0.02060    -0.02702    -0.00358    -0.00001    -0.00069    -0.00059    -0.00040    -0.00098    -0.00006    -0.00008    -0.09397
    -1.99707    -0.00016    -0.00142    -0.00170    -0.00203    -0.01739    -0.01630    -0.02009    -0.02652    -0.00335    -0.00001    -0.00068    -0.00057    -0.00039    -0.00096    -0.00006    -0.00008    -0.09170
    -1.97307    -0.00016    -0.00134    -0.00163    -0.00194    -0.01697    -0.01580    -0.01954    -0.02605    -0.00312    -0.00001    -0.00066    -0.00055    -0.00038    -0.00095    -0.00005    -0.00008    -0.08922
    -1.94907    -0.00016    -0.00129    -0.00157    -0.00186    -0.01669    -0.01553    -0.01896    -0.02571    -0.00288    -0.00001    -0.00064    -0.00054    -0.00036    -0.00093    -0.00005    -0.00008    -0.08728
    -1.92507    -0.00016    -0.00124    -0.00152    -0.00180    -0.01644    -0.01531    -0.01855    -0.02549    -0.00268    -0.00001    -0.00063    -0.00053    -0.00035    -0.00093    -0.00005    -0.00008    -0.08577
    -1.90107    -0.00017    -0.00120    -0.00148    -0.00173    -0.01622    -0.01514    -0.01828    -0.02540    -0.00250    -0.00001    -0.00062    -0.00052    -0.00035    -0.00092    -0.00004    -0.00008    -0.08467
    -1.87707    -0.00018    -0.00111    -0.00145    -0.00163    -0.01550    -0.01462    -0.01826    -0.02526    -0.00229    -0.00001    -0.00058    -0.00050    -0.00034    -0.00091    -0.00004    -0.00008    -0.08277
    -1.85307    -0.00020    -0.00105    -0.00140    -0.00155    -0.01519    -0.01428    -0.01804    -0.02525    -0.00205    -0.00001    -0.00057    -0.00049    -0.00033    -0.00091    -0.00004    -0.00008    -0.08143
    -1.82907    -0.00021    -0.00101    -0.00139    -0.00149    -0.01499    -0.01412    -0.01815    -0.02513    -0.00201    -0.00001    -0.00056    -0.00048    -0.00033    -0.00091    -0.00004    -0.00008    -0.08091
    -1.80507    -0.00022    -0.00098    -0.00139    -0.00143    -0.01478    -0.01396    -0.01828    -0.02501    -0.00197    -0.00001    -0.00055    -0.00048    -0.00033    -0.00090    -0.00004    -0.00008    -0.08040
    -1.78107    -0.00023    -0.00093    -0.00138    -0.00134    -0.01469    -0.01382    -0.01837    -0.02465    -0.00192    -0.00001    -0.00053    -0.00047    -0.00033    -0.00089    -0.00003    -0.00008    -0.07968
    -1.75707    -0.00028    -0.00185    -0.00144    -0.00145    -0.01860    -0.02565    -0.01946    -0.02712    -0.00238    -0.00001    -0.00067    -0.00086    -0.00035    -0.00097    -0.00004    -0.00008    -0.10120
    -1.73307    -0.00038    -0.00150    -0.00156    -0.00163    -0.01741    -0.02194    -0.02156    -0.03116    -0.00313    -0.00001    -0.00062    -0.00073    -0.00038    -0.00110    -0.00005    -0.00008    -0.10324
    -1.70907    -0.00053    -0.00141    -0.00170    -0.00182    -0.01739    -0.02145    -0.02417    -0.03561    -0.00394    -0.00001    -0.00061    -0.00071    -0.00041    -0.00125    -0.00006    -0.00008    -0.11115
    -1.68507    -0.00063    -0.00137    -0.00179    -0.00191    -0.01720    -0.02152    -0.02580    -0.03831    -0.00440    -0.00001    -0.00060    -0.00071    -0.00044    -0.00133    -0.00006    -0.00008    -0.11617
    -1.66207    -0.00097    -0.00126    -0.00211    -0.00235    -0.01649    -0.02050    -0.03092    -0.04759    -0.00604    -0.00000    -0.00057    -0.00067    -0.00051    -0.00163    -0.00008    -0.00009    -0.13180
    -1.63807    -0.00053    -0.00112    -0.00154    -0.00135    -0.01569    -0.01937    -0.02260    -0.03156    -0.00296    -0.00000    -0.00054    -0.00063    -0.00038    -0.00110    -0.00004    -0.00008    -0.09949
    -1.61407    -0.00056    -0.00109    -0.00156    -0.00128    -0.01514    -0.01958    -0.02319    -0.03158    -0.00292    -0.00000    -0.00052    -0.00063    -0.00039    -0.00110    -0.00004    -0.00008    -0.09966
    -1.59007    -0.00059    -0.00107    -0.00155    -0.00122    -0.01475    -0.01990    -0.02337    -0.03145    -0.00289    -0.00000    -0.00050    -0.00064    -0.00039    -0.00109    -0.00004    -0.00008    -0.09953
    -1.56607    -0.00061    -0.00109    -0.00155    -0.00117    -0.01451    -0.02076    -0.02357    -0.03139    -0.00284    -0.00000    -0.00049    -0.00066    -0.00038    -0.00109    -0.00004    -0.00008    -0.10023
    -1.54207    -0.00064    -0.00113    -0.00154    -0.00111    -0.01437    -0.02206    -0.02380    -0.03138    -0.00279    -0.00000    -0.00048    -0.00070    -0.00038    -0.00108    -0.00004    -0.00008    -0.10159
    -1.51807    -0.00068    -0.00117    -0.00154    -0.00106    -0.01421    -0.02360    -0.02410    -0.03141    -0.00275    -0.00000    -0.00047    -0.00074    -0.00039    -0.00108    -0.00004    -0.00008    -0.10331
    -1.49407    -0.00073    -0.00125    -0.00154    -0.00099    -0.01403    -0.02597    -0.02450    -0.03171    -0.00264    -0.00000    -0.00046    -0.00081    -0.00039    -0.00108    -0.00004    -0.00008    -0.10621
    -1.47007    -0.00075    -0.00132    -0.00155    -0.00095    -0.01382    -0.02809    -0.02492    -0.03170    -0.00262    -0.00000    -0.00045    -0.00087    -0.00039    -0.00108    -0.00004    -0.00008    -0.10864
    -1.44607    -0.00079    -0.00143    -0.00158    -0.00089    -0.01215    -0.03113    -0.02563    -0.03137    -0.00261    -0.00001    -0.00039    -0.00096    -0.00040    -0.00107    -0.00004    -0.00008    -0.11051
    -1.42207    -0.00084    -0.00167    -0.00164    -0.00084    -0.01146    -0.03706    -0.02687    -0.03124    -0.00261    -0.00001    -0.00037    -0.00113    -0.00041    -0.00106    -0.00004    -0.00008    -0.11732
    -1.39807    -0.00088    -0.00184    -0.00168    -0.00081    -0.01052    -0.04132    -0.02779    -0.03122    -0.00260    -0.00001    -0.00034    -0.00126    -0.00042    -0.00106    -0.00003    -0.00007    -0.12185
    -1.37407    -0.00092    -0.00193    -0.00173    -0.00078    -0.01075    -0.04383    -0.02878    -0.03133    -0.00259    -0.00001    -0.00034    -0.00133    -0.00043    -0.00106    -0.00003    -0.00007    -0.12592
    -1.35007    -0.00103    -0.00211    -0.00193    -0.00076    -0.01301    -0.04981    -0.03240    -0.03249    -0.00263    -0.00001    -0.00040    -0.00150    -0.00048    -0.00109    -0.00003    -0.00008    -0.13978
    -1.32607    -0.00127    -0.00296    -0.00244    -0.00081    -0.01751    -0.07206    -0.04098    -0.03650    -0.00272    -0.00002    -0.00053    -0.00216    -0.00061    -0.00122    -0.00004    -0.00008    -0.18191
    -1.30207    -0.00155    -0.00565    -0.00289    -0.00084    -0.02395    -0.13880    -0.04889    -0.03981    -0.00288    -0.00003    -0.00072    -0.00415    -0.00071    -0.00133    -0.00004    -0.00009    -0.27234
    -1.27807    -0.00138    -0.00645    -0.00222    -0.00069    -0.01217    -0.16800    -0.03812    -0.03482    -0.00286    -0.00003    -0.00037    -0.00500    -0.00055    -0.00115    -0.00003    -0.00008    -0.27391
    -1.25407    -0.00110    -0.00737    -0.00146    -0.00058    -0.00639    -0.20320    -0.02553    -0.03121    -0.00278    -0.00003    -0.00019    -0.00603    -0.00036    -0.00103    -0.00003    -0.00007    -0.28735
    -1.23007    -0.00093    -0.00778    -0.00100    -0.00051    -0.00516    -0.22760    -0.01807    -0.03014    -0.00278    -0.00004    -0.00016    -0.00672    -0.00025    -0.00098    -0.00003    -0.00006    -0.30221
    -1.20607    -0.00105    -0.00668    -0.00098    -0.00049    -0.00695    -0.20490    -0.01867    -0.03598    -0.00319    -0.00004    -0.00021    -0.00602    -0.00025    -0.00116    -0.00003    -0.00007    -0.28668
    -1.18207    -0.00097    -0.00403    -0.00081    -0.00042    -0.00923    -0.12860    -0.01606    -0.03434    -0.00324    -0.00003    -0.00027    -0.00375    -0.00021    -0.00109    -0.00003    -0.00007    -0.20316
    -1.15807    -0.00108    -0.00249    -0.00088    -0.00041    -0.01138    -0.08127    -0.01772    -0.03715    -0.00350    -0.00003    -0.00033    -0.00234    -0.00023    -0.00118    -0.00003    -0.00007    -0.16008
    -1.13407    -0.00103    -0.00202    -0.00086    -0.00037    -0.01317    -0.06459    -0.01728    -0.03424    -0.00334    -0.00003    -0.00038    -0.00184    -0.00023    -0.00108    -0.00003    -0.00007    -0.14054
    -1.11007    -0.00118    -0.00254    -0.00115    -0.00031    -0.01486    -0.07406    -0.02287    -0.03035    -0.00314    -0.00008    -0.00042    -0.00207    -0.00030    -0.00095    -0.00003    -0.00006    -0.15436
    -1.08607    -0.00061    -0.00145    -0.00050    -0.00019    -0.00758    -0.04495    -0.01008    -0.01533    -0.00198    -0.00005    -0.00021    -0.00123    -0.00013    -0.00045    -0.00001    -0.00001    -0.08478
    -1.06207    -0.00065    -0.00156    -0.00051    -0.00018    -0.00827    -0.04921    -0.01050    -0.01603    -0.00202    -0.00006    -0.00023    -0.00135    -0.00013    -0.00047    -0.00001    -0.00002    -0.09120
    -1.03807    -0.00068    -0.00166    -0.00053    -0.00018    -0.00893    -0.05347    -0.01098    -0.01673    -0.00206    -0.00007    -0.00024    -0.00146    -0.00014    -0.00050    -0.00001    -0.00002    -0.09766
    -1.01407    -0.00072    -0.00177    -0.00055    -0.00017    -0.00958    -0.05773    -0.01152    -0.01742    -0.00211    -0.00008    -0.00026    -0.00157    -0.00014    -0.00052    -0.00002    -0.00002    -0.10417
    -0.99007    -0.00113    -0.00418    -0.00081    -0.00022    -0.02022    -0.17510    -0.01777    -0.03442    -0.00374    -0.00012    -0.00055    -0.00478    -0.00022    -0.00103    -0.00003    -0.00006    -0.26438
    -0.96607    -0.00150    -0.00441    -0.00096    -0.00026    -0.02248    -0.18780    -0.02168    -0.05104    -0.00534    -0.00015    -0.00060    -0.00509    -0.00026    -0.00152    -0.00004    -0.00008    -0.30322
    -0.94207    -0.00199    -0.00468    -0.00106    -0.00033    -0.02642    -0.20120    -0.02493    -0.07925    -0.00862    -0.00018    -0.00070    -0.00539    -0.00029    -0.00232    -0.00005    -0.00012    -0.35756
    -0.91807    -0.00194    -0.00316    -0.00099    -0.00028    -0.01838    -0.13390    -0.02303    -0.07059    -0.00700    -0.00013    -0.00049    -0.00358    -0.00027    -0.00205    -0.00004    -0.00010    -0.26594
    -0.89407    -0.00186    -0.00212    -0.00092    -0.00023    -0.01260    -0.08834    -0.02125    -0.06257    -0.00555    -0.00010    -0.00033    -0.00235    -0.00024    -0.00180    -0.00004    -0.00009    -0.20039
    -0.87007    -0.00176    -0.00143    -0.00085    -0.00018    -0.00855    -0.05932    -0.01946    -0.05550    -0.00440    -0.00007    -0.00022    -0.00158    -0.00022    -0.00159    -0.00003    -0.00008    -0.15522
    -0.84607    -0.00162    -0.00092    -0.00072    -0.00014    -0.00551    -0.03888    -0.01649    -0.04709    -0.00334    -0.00005    -0.00014    -0.00104    -0.00017    -0.00134    -0.00002    -0.00007    -0.11753
    -0.82207    -0.00150    -0.00060    -0.00068    -0.00009    -0.00337    -0.02513    -0.01555    -0.04050    -0.00239    -0.00003    -0.00009    -0.00067    -0.00016    -0.00115    -0.00002    -0.00006    -0.09200
    -0.79807    -0.00128    -0.00035    -0.00062    -0.00004    -0.00174    -0.01504    -0.01426    -0.02984    -0.00117    -0.00002    -0.00005    -0.00041    -0.00015    -0.00086    -0.00001    -0.00006    -0.06587
    -0.77507    -0.00118    -0.00023    -0.00058    -0.00001    -0.00106    -0.01010    -0.01348    -0.02557    -0.00068    -0.00001    -0.00003    -0.00027    -0.00014    -0.00074    -0.00001    -0.00005    -0.05415
    -0.75107    -0.00116    -0.00016    -0.00056    -0.00001    -0.00075    -0.00688    -0.01301    -0.02696    -0.00061    -0.00001    -0.00002    -0.00019    -0.00013    -0.00077    -0.00001    -0.00006    -0.05130
    -0.72707    -0.00116    -0.00022    -0.00054    -0.00002    -0.00196    -0.01196    -0.01251    -0.03272    -0.00074    -0.00003    -0.00005    -0.00030    -0.00013    -0.00091    -0.00001    -0.00006    -0.06329
    -0.70307    -0.00118    -0.00031    -0.00052    -0.00003    -0.00366    -0.02000    -0.01208    -0.04173    -0.00100    -0.00005    -0.00008    -0.00048    -0.00012    -0.00113    -0.00001    -0.00007    -0.08244
    -0.67907    -0.00118    -0.00036    -0.00050    -0.00004    -0.00465    -0.02573    -0.01136    -0.04597    -0.00123    -0.00006    -0.00011    -0.00061    -0.00011    -0.00122    -0.00001    -0.00007    -0.09319
    -0.65507    -0.00117    -0.00041    -0.00047    -0.00004    -0.00562    -0.03137    -0.01063    -0.05033    -0.00146    -0.00007    -0.00013    -0.00073    -0.00011    -0.00132    -0.00001    -0.00007    -0.10394
    -0.63107    -0.00117    -0.00044    -0.00044    -0.00004    -0.00658    -0.03691    -0.00987    -0.05473    -0.00170    -0.00008    -0.00015    -0.00086    -0.00010    -0.00142    -0.00001    -0.00007    -0.11458
    -0.60707    -0.00117    -0.00045    -0.00041    -0.00005    -0.00757    -0.04249    -0.00909    -0.05899    -0.00193    -0.00009    -0.00017    -0.00098    -0.00009    -0.00152    -0.00001    -0.00008    -0.12508
    -0.58307    -0.00116    -0.00047    -0.00039    -0.00005    -0.00856    -0.04807    -0.00829    -0.06331    -0.00217    -0.00010    -0.00019    -0.00110    -0.00008    -0.00162    -0.00001    -0.00008    -0.13562
    -0.55907    -0.00113    -0.00047    -0.00036    -0.00007    -0.00975    -0.05421    -0.00744    -0.11640    -0.00271    -0.00011    -0.00021    -0.00123    -0.00007    -0.00294    -0.00001    -0.00013    -0.19723
    -0.53507    -0.00101    -0.00046    -0.00031    -0.00011    -0.01146    -0.06146    -0.00606    -0.20030    -0.00376    -0.00012    -0.00024    -0.00138    -0.00005    -0.00502    -0.00001    -0.00021    -0.29196
    -0.51107    -0.00115    -0.00045    -0.00034    -0.00015    -0.01293    -0.06862    -0.00599    -0.24640    -0.00575    -0.00013    -0.00027    -0.00153    -0.00005    -0.00611    -0.00001    -0.00024    -0.35011
    -0.48707    -0.00145    -0.00040    -0.00045    -0.00017    -0.01502    -0.07904    -0.00749    -0.31800    -0.01082    -0.00015    -0.00031    -0.00173    -0.00005    -0.00771    -0.00002    -0.00024    -0.44305
    -0.46307    -0.00152    -0.00038    -0.00043    -0.00014    -0.01907    -0.09962    -0.00677    -0.16250    -0.00601    -0.00018    -0.00038    -0.00216    -0.00004    -0.00390    -0.00001    -0.00013    -0.30325
    -0.43907    -0.00172    -0.00030    -0.00049    -0.00014    -0.01825    -0.10210    -0.00758    -0.12920    -0.00499    -0.00019    -0.00036    -0.00217    -0.00005    -0.00308    -0.00001    -0.00010    -0.27073
    -0.41507    -0.00200    -0.00026    -0.00055    -0.00012    -0.01757    -0.10360    -0.00803    -0.08215    -0.00358    -0.00019    -0.00034    -0.00217    -0.00005    -0.00193    -0.00000    -0.00006    -0.22261
    -0.39107    -0.00510    -0.00022    -0.00129    -0.00012    -0.01682    -0.10500    -0.01621    -0.07119    -0.00426    -0.00018    -0.00032    -0.00218    -0.00008    -0.00166    -0.00000    -0.00006    -0.22471
    -0.36707    -0.00822    -0.00020    -0.00204    -0.00012    -0.01613    -0.10700    -0.02451    -0.06175    -0.00494    -0.00018    -0.00031    -0.00219    -0.00011    -0.00143    -0.00000    -0.00005    -0.22918
    -0.34307    -0.00905    -0.00018    -0.00224    -0.00012    -0.01544    -0.10850    -0.02625    -0.05458    -0.00509    -0.00019    -0.00029    -0.00220    -0.00012    -0.00124    -0.00000    -0.00004    -0.22552
    -0.31907    -0.01112    -0.00018    -0.00271    -0.00013    -0.01538    -0.11200    -0.03090    -0.05018    -0.00573    -0.00019    -0.00028    -0.00224    -0.00014    -0.00111    -0.00000    -0.00003    -0.23234
    -0.29507    -0.00680    -0.00021    -0.00158    -0.00005    -0.01514    -0.11510    -0.01665    -0.00991    -0.00284    -0.00020    -0.00027    -0.00228    -0.00007    -0.00020    -0.00000    -0.00001    -0.17130
    -0.27107    -0.00461    -0.00027    -0.00109    -0.00005    -0.01317    -0.11990    -0.01295    -0.00467    -0.00156    -0.00018    -0.00023    -0.00234    -0.00007    -0.00010    -0.00000    -0.00001    -0.16119
    -0.24707    -0.00394    -0.00038    -0.00094    -0.00007    -0.01133    -0.12820    -0.01186    -0.00369    -0.00098    -0.00017    -0.00019    -0.00247    -0.00006    -0.00008    -0.00000    -0.00001    -0.16438
    -0.22307    -0.00429    -0.00044    -0.00103    -0.00010    -0.01158    -0.13250    -0.01279    -0.00522    -0.00090    -0.00017    -0.00019    -0.00253    -0.00007    -0.00011    -0.00000    -0.00001    -0.17192
    -0.19907    -0.00532    -0.00048    -0.00127    -0.00011    -0.01911    -0.33770    -0.01436    -0.00609    -0.00114    -0.00057    -0.00031    -0.00632    -0.00007    -0.00012    -0.00000    -0.00001    -0.39298
    -0.17507    -0.00604    -0.00041    -0.00145    -0.00011    -0.01278    -0.18150    -0.01550    -0.00693    -0.00106    -0.00025    -0.00020    -0.00337    -0.00008    -0.00013    -0.00000    -0.00001    -0.22983
    -0.15107    -0.00691    -0.00041    -0.00167    -0.00012    -0.01114    -0.14650    -0.01679    -0.00779    -0.00102    -0.00018    -0.00017    -0.00268    -0.00008    -0.00015    -0.00000    -0.00001    -0.19561
    -0.12707    -0.01167    -0.00041    -0.00280    -0.00017    -0.01054    -0.13620    -0.02441    -0.01273    -0.00157    -0.00017    -0.00016    -0.00246    -0.00010    -0.00023    -0.00000    -0.00002    -0.20363
    -0.10307    -0.01841    -0.00045    -0.00443    -0.00028    -0.00991    -0.12390    -0.03633    -0.02231    -0.00222    -0.00015    -0.00014    -0.00219    -0.00014    -0.00039    -0.00000    -0.00002    -0.22127
    -0.07907    -0.01885    -0.00047    -0.00456    -0.00026    -0.00926    -0.11400    -0.03472    -0.01929    -0.00199    -0.00013    -0.00013    -0.00199    -0.00013    -0.00032    -0.00000    -0.00002    -0.20611
    -0.05507    -0.01883    -0.00060    -0.00459    -0.00024    -0.00937    -0.13140    -0.03307    -0.01758    -0.00178    -0.00014    -0.00012    -0.00225    -0.00012    -0.00029    -0.00000    -0.00002    -0.22039
    -0.03107    -0.02208    -0.00029    -0.00539    -0.00025    -0.00454    -0.01326    -0.04121    -0.01653    -0.00162    -0.00001    -0.00005    -0.00023    -0.00016    -0.00026    -0.00001    -0.00002    -0.10591
    -0.00707    -0.02115    -0.00029    -0.00522    -0.00024    -0.00455    -0.01263    -0.03674    -0.01508    -0.00152    -0.00001    -0.00005    -0.00022    -0.00013    -0.00023    -0.00000    -0.00001    -0.09807
     0.01693    -0.02092    -0.00029    -0.00523    -0.00024    -0.00465    -0.01237    -0.03329    -0.01466    -0.00150    -0.00001    -0.00005    -0.00021    -0.00011    -0.00021    -0.00000    -0.00001    -0.09377
     0.04093    -0.02069    -0.00029    -0.00525    -0.00024    -0.00474    -0.01210    -0.02985    -0.01424    -0.00149    -0.00001    -0.00005    -0.00020    -0.00010    -0.00020    -0.00000    -0.00001    -0.08947
     0.06493    -0.02048    -0.00029    -0.00528    -0.00024    -0.00482    -0.01183    -0.02644    -0.01380    -0.00149    -0.00001    -0.00005    -0.00019    -0.00008    -0.00019    -0.00000    -0.00001    -0.08520
     0.08893    -0.01640    -0.00028    -0.00441    -0.00013    -0.00487    -0.01138    -0.01316    -0.00974    -0.00149    -0.00000    -0.00005    -0.00018    -0.00002    -0.00011    -0.00000    -0.00001    -0.06223
     0.11293    -0.01863    -0.00029    -0.00511    -0.00017    -0.00500    -0.01134    -0.01413    -0.01081    -0.00172    -0.00000    -0.00005    -0.00018    -0.00002    -0.00012    -0.00000    -0.00001    -0.06758
     0.13593    -0.02287    -0.00029    -0.00649    -0.00024    -0.00511    -0.01127    -0.01541    -0.01244    -0.00205    -0.00000    -0.00005    -0.00018    -0.00002    -0.00014    -0.00000    -0.00001    -0.07656
     0.15993    -0.02778    -0.00031    -0.00810    -0.00032    -0.00533    -0.01133    -0.01697    -0.01424    -0.00250    -0.00000    -0.00005    -0.00017    -0.00002    -0.00015    -0.00000    -0.00001    -0.08729
     0.18393    -0.03556    -0.00034    -0.01069    -0.00046    -0.00603    -0.01202    -0.01981    -0.01701    -0.00339    -0.00000    -0.00006    -0.00018    -0.00002    -0.00018    -0.00000    -0.00001    -0.10576
     0.20793    -0.04252    -0.00035    -0.01304    -0.00059    -0.00615    -0.01195    -0.02212    -0.01939    -0.00421    -0.00000    -0.00006    -0.00018    -0.00002    -0.00020    -0.00000    -0.00001    -0.12079
     0.23193    -0.06009    -0.00034    -0.01902    -0.00088    -0.00585    -0.01145    -0.03125    -0.02360    -0.00495    -0.00001    -0.00006    -0.00017    -0.00003    -0.00024    -0.00000    -0.00001    -0.15794
     0.25593    -0.09657    -0.00037    -0.03126    -0.00131    -0.00599    -0.01138    -0.04641    -0.02962    -0.00634    -0.00001    -0.00006    -0.00016    -0.00005    -0.00030    -0.00000    -0.00001    -0.22983
     0.27993    -0.19610    -0.00062    -0.06474    -0.00225    -0.00844    -0.01396    -0.08379    -0.04136    -0.00916    -0.00001    -0.00007    -0.00018    -0.00008    -0.00043    -0.00000    -0.00002    -0.42121
     0.30393    -0.38120    -0.00101    -0.12790    -0.00390    -0.01171    -0.01683    -0.14600    -0.05825    -0.01245    -0.00001    -0.00009    -0.00021    -0.00012    -0.00060    -0.00000    -0.00004    -0.76033
     0.32793    -0.49510    -0.00078    -0.17490    -0.00425    -0.00773    -0.01204    -0.14450    -0.06156    -0.01699    -0.00001    -0.00005    -0.00014    -0.00012    -0.00061    -0.00000    -0.00004    -0.91882
     0.35193    -0.45850    -0.00076    -0.16740    -0.00345    -0.00689    -0.01199    -0.11000    -0.05198    -0.01766    -0.00001    -0.00005    -0.00013    -0.00009    -0.00050    -0.00000    -0.00003    -0.82944
     0.37593    -0.30380    -0.00079    -0.11190    -0.00322    -0.00673    -0.01238    -0.07905    -0.04833    -0.01922    -0.00001    -0.00004    -0.00013    -0.00007    -0.00045    -0.00000    -0.00003    -0.58615
     0.39993    -0.27080    -0.00084    -0.10020    -0.00322    -0.00679    -0.01298    -0.07136    -0.04742    -0.02110    -0.00001    -0.00004    -0.00014    -0.00006    -0.00042    -0.00000    -0.00003    -0.53542
     0.42393    -0.27410    -0.00089    -0.10220    -0.00327    -0.00692    -0.01372    -0.06821    -0.04624    -0.02470    -0.00001    -0.00004    -0.00014    -0.00005    -0.00040    -0.00000    -0.00003    -0.54092
     0.44793    -0.36160    -0.00093    -0.13810    -0.00348    -0.00748    -0.01451    -0.07417    -0.04536    -0.04175    -0.00001    -0.00004    -0.00014    -0.00004    -0.00036    -0.00000    -0.00003    -0.68802
     0.47193    -0.36870    -0.00098    -0.14260    -0.00303    -0.00781    -0.01472    -0.06875    -0.03722    -0.04353    -0.00001    -0.00005    -0.00014    -0.00003    -0.00029    -0.00000    -0.00003    -0.68789
     0.49593    -0.71270    -0.00102    -0.28210    -0.00310    -0.01038    -0.01518    -0.10730    -0.03423    -0.11550    -0.00001    -0.00006    -0.00015    -0.00002    -0.00025    -0.00001    -0.00003    -1.28204
     0.51993    -0.06584    -0.00123    -0.02851    -0.00106    -0.00715    -0.01415    -0.01131    -0.00920    -0.00409    -0.00000    -0.00004    -0.00012    -0.00001    -0.00007    -0.00000    -0.00003    -0.14280
     0.54393    -0.06209    -0.00191    -0.02909    -0.00144    -0.12910    -0.03143    -0.00721    -0.02624    -0.00503    -0.00003    -0.00079    -0.00026    -0.00001    -0.00016    -0.00000    -0.00005    -0.29484
     0.56793    -0.31220    -0.00220    -0.18950    -0.00202    -0.10260    -0.03228    -0.05470    -0.05944    -0.00997    -0.00003    -0.00060    -0.00025    -0.00045    -0.00048    -0.00004    -0.00006    -0.76681
     0.59193    -0.22160    -0.00251    -0.13760    -0.00263    -0.11430    -0.03644    -0.04794    -0.07784    -0.01117    -0.00003    -0.00066    -0.00028    -0.00032    -0.00058    -0.00003    -0.00008    -0.65399
     0.61593    -0.19070    -0.00281    -0.12050    -0.00330    -0.11570    -0.03895    -0.04733    -0.09687    -0.01349    -0.00003    -0.00064    -0.00029    -0.00027    -0.00069    -0.00002    -0.00009    -0.63167
     0.63993    -0.18020    -0.00322    -0.11590    -0.00397    -0.12990    -0.04370    -0.04917    -0.11670    -0.01596    -0.00003    -0.00070    -0.00031    -0.00025    -0.00080    -0.00002    -0.00011    -0.66094
     0.66393    -0.19310    -0.00488    -0.12300    -0.00503    -0.21410    -0.06349    -0.04719    -0.15450    -0.02101    -0.00004    -0.00105    -0.00043    -0.00022    -0.00101    -0.00001    -0.00019    -0.82925
     0.68793    -0.11530    -0.00351    -0.07998    -0.00449    -0.17720    -0.04720    -0.04415    -0.11980    -0.01756    -0.00004    -0.00080    -0.00031    -0.00018    -0.00076    -0.00001    -0.00011    -0.61140
     0.71193    -0.07345    -0.00277    -0.05482    -0.00444    -0.14810    -0.03745    -0.04104    -0.10200    -0.01790    -0.00003    -0.00065    -0.00024    -0.00014    -0.00062    -0.00001    -0.00007    -0.48373
     0.73593    -0.04970    -0.00204    -0.04107    -0.00368    -0.03006    -0.02510    -0.04122    -0.07442    -0.01844    -0.00002    -0.00013    -0.00015    -0.00013    -0.00046    -0.00001    -0.00002    -0.28665
     0.75993    -0.03569    -0.00184    -0.03109    -0.00277    -0.02295    -0.02012    -0.03709    -0.04970    -0.01757    -0.00002    -0.00007    -0.00010    -0.00011    -0.00032    -0.00001    -0.00001    -0.21945
     0.78393    -0.03123    -0.00223    -0.02829    -0.00294    -0.03003    -0.02407    -0.03720    -0.04979    -0.01952    -0.00002    -0.00009    -0.00012    -0.00010    -0.00030    -0.00001    -0.00001    -0.22595
     0.80793    -0.02999    -0.00426    -0.02871    -0.00856    -0.09292    -0.04997    -0.04015    -0.13160    -0.02741    -0.00004    -0.00029    -0.00025    -0.00009    -0.00056    -0.00001    -0.00009    -0.41490
     0.83193    -0.02926    -0.00499    -0.02963    -0.01351    -0.12930    -0.05405    -0.04499    -0.19610    -0.03588    -0.00004    -0.00036    -0.00026    -0.00009    -0.00074    -0.00001    -0.00015    -0.53936
     0.85593    -0.03340    -0.00481    -0.03519    -0.02831    -0.17110    -0.04440    -0.05483    -0.39220    -0.04891    -0.00002    -0.00044    -0.00019    -0.00009    -0.00130    -0.00001    -0.00033    -0.81553
     0.87993    -0.02824    -0.00693    -0.03251    -0.02666    -0.32220    -0.06082    -0.05717    -0.35830    -0.04354    -0.00002    -0.00078    -0.00023    -0.00008    -0.00116    -0.00001    -0.00031    -0.93896
     0.90393    -0.01093    -0.00688    -0.01396    -0.00568    -0.26600    -0.05977    -0.02932    -0.07854    -0.01417    -0.00002    -0.00060    -0.00021    -0.00004    -0.00030    -0.00001    -0.00006    -0.48649
     0.92793    -0.00114    -0.00169    -0.00238    -0.00060    -0.08762    -0.01164    -0.01045    -0.00466    -0.03116    -0.00001    -0.00016    -0.00003    -0.00001    -0.00001    -0.00001    -0.00000    -0.15159
     0.95193    -0.00161    -0.00284    -0.00373    -0.00144    -0.15640    -0.01845    -0.01844    -0.01177    -0.07048    -0.00002    -0.00028    -0.00005    -0.00002    -0.00003    -0.00002    -0.00001    -0.28558
     0.97593    -0.00248    -0.00481    -0.00640    -0.00259    -0.21770    -0.02932    -0.03164    -0.02179    -0.12820    -0.00003    -0.00036    -0.00007    -0.00002    -0.00005    -0.00004    -0.00002    -0.44552
     0.99993    -0.00340    -0.00758    -0.00975    -0.00475    -0.25390    -0.04401    -0.05003    -0.03950    -0.19950    -0.00003    -0.00039    -0.00009    -0.00003    -0.00008    -0.00007    -0.00003    -0.61313
     1.02293    -0.00494    -0.00961    -0.01454    -0.00953    -0.25150    -0.05558    -0.07844    -0.07682    -0.29660    -0.00003    -0.00035    -0.00010    -0.00005    -0.00015    -0.00010    -0.00004    -0.79839
     1.04693    -0.00276    -0.01136    -0.01062    -0.00751    -0.21510    -0.06410    -0.07163    -0.05899    -0.28420    -0.00004    -0.00026    -0.00010    -0.00005    -0.00013    -0.00010    -0.00002    -0.72696
     1.07093    -0.00112    -0.01241    -0.00623    -0.00654    -0.21180    -0.07178    -0.05298    -0.04993    -0.19760    -0.00003    -0.00023    -0.00011    -0.00004    -0.00010    -0.00007    -0.00001    -0.61100
     1.09493    -0.00081    -0.01370    -0.00500    -0.00555    -0.22280    -0.08042    -0.04497    -0.04139    -0.17060    -0.00003    -0.00022    -0.00012    -0.00003    -0.00008    -0.00007    -0.00001    -0.58582
     1.11893    -0.00065    -0.02229    -0.00341    -0.00431    -0.29810    -0.12690    -0.03403    -0.02873    -0.17860    -0.00003    -0.00023    -0.00016    -0.00002    -0.00003    -0.00008    -0.00002    -0.69761
     1.14293    -0.00030    -0.02315    -0.00410    -0.00382    -0.26980    -0.12760    -0.02441    -0.02723    -0.14440    -0.00003    -0.00019    -0.00015    -0.00001    -0.00001    -0.00009    -0.00004    -0.62533
     1.16693    -0.00034    -0.02482    -0.00516    -0.00581    -0.25660    -0.13150    -0.03139    -0.04120    -0.22190    -0.00003    -0.00017    -0.00014    -0.00001    -0.00002    -0.00014    -0.00006    -0.71928
     1.19093    -0.00034    -0.01756    -0.00566    -0.00757    -0.19540    -0.09368    -0.03469    -0.05255    -0.29750    -0.00002    -0.00011    -0.00009    -0.00001    -0.00001    -0.00019    -0.00008    -0.70548
     1.21493    -0.00030    -0.01481    -0.00631    -0.00940    -0.16500    -0.07817    -0.03902    -0.06284    -0.38890    -0.00002    -0.00008    -0.00007    -0.00000    -0.00001    -0.00027    -0.00010    -0.76531
     1.23893    -0.00025    -0.01490    -0.00695    -0.01006    -0.15690    -0.07594    -0.04319    -0.06482    -0.43870    -0.00002    -0.00007    -0.00006    -0.00000    -0.00001    -0.00031    -0.00010    -0.81228
     1.26293    -0.00020    -0.01568    -0.00771    -0.01074    -0.15410    -0.07700    -0.04815    -0.06649    -0.49310    -0.00002    -0.00005    -0.00004    -0.00000    -0.00001    -0.00036    -0.00010    -0.87376
     1.28693    -0.00020    -0.01506    -0.00838    -0.01339    -0.14500    -0.07135    -0.05132    -0.07823    -0.68860    -0.00002    -0.00003    -0.00003    -0.00000    -0.00001    -0.00054    -0.00011    -1.07227
     1.31093    -0.00022    -0.01505    -0.00953    -0.01866    -0.13790    -0.06709    -0.05584    -0.10730    -1.23800    -0.00002    -0.00001    -0.00002    -0.00001    -0.00001    -0.00104    -0.00016    -1.65085
     1.33493    -0.00033    -0.01714    -0.01631    -0.02074    -0.12530    -0.07198    -0.09513    -0.11150    -1.99500    -0.00002    -0.00000    -0.00001    -0.00001    -0.00001    -0.00172    -0.00016    -2.45537
     1.35893    -0.00030    -0.01118    -0.00912    -0.02150    -0.10580    -0.05011    -0.04870    -0.09266    -0.73640    -0.00003    -0.00000    -0.00001    -0.00002    -0.00002    -0.00071    -0.00009    -1.07666
     1.38293    -0.00060    -0.01976    -0.01823    -0.03500    -0.19750    -0.08161    -0.09045    -0.13580    -1.22500    -0.00004    -0.00000    -0.00001    -0.00005    -0.00003    -0.00127    -0.00011    -1.80545
     1.40693    -0.00380    -0.02685    -0.12660    -0.14790    -0.17480    -0.10950    -0.56920    -0.50680    -5.29800    -0.00005    -0.00000    -0.00001    -0.00034    -0.00019    -0.00582    -0.00030    -6.97016
     1.43093    -0.00108    -0.01838    -0.00581    -0.00241    -0.11040    -0.08137    -0.06015    -0.00896    -1.51300    -0.00002    -0.00001    -0.00001    -0.00002    -0.00001    -0.00184    -0.00001    -1.80347
     1.45493    -0.00067    -0.01553    -0.00543    -0.00068    -0.09612    -0.06408    -0.04651    -0.00260    -0.36950    -0.00001    -0.00001    -0.00001    -0.00002    -0.00000    -0.00048    -0.00000    -0.60165
     1.47893    -0.00067    -0.01493    -0.00590    -0.00036    -0.08713    -0.05977    -0.04873    -0.00145    -0.25990    -0.00001    -0.00001    -0.00001    -0.00002    -0.00000    -0.00035    -0.00000    -0.47926
     1.50293    -0.00063    -0.01358    -0.00569    -0.00013    -0.08118    -0.05163    -0.04361    -0.00060    -0.08591    -0.00001    -0.00002    -0.00001    -0.00003    -0.00000    -0.00013    -0.00000    -0.28316
     1.52693    -0.00064    -0.01276    -0.00573    -0.00009    -0.07483    -0.04754    -0.04313    -0.00048    -0.06926    -0.00001    -0.00002    -0.00001    -0.00003    -0.00000    -0.00011    -0.00000    -0.25465
     1.55093    -0.00066    -0.01185    -0.00578    -0.00006    -0.06778    -0.04319    -0.04278    -0.00036    -0.05366    -0.00001    -0.00002    -0.00002    -0.00004    -0.00000    -0.00009    -0.00000    -0.22629
     1.57493    -0.00067    -0.01084    -0.00585    -0.00003    -0.06003    -0.03859    -0.04255    -0.00024    -0.03911    -0.00001    -0.00002    -0.00002    -0.00004    -0.00000    -0.00007    -0.00000    -0.19807
     1.59893    -0.00103    -0.01305    -0.00873    -0.00002    -0.07242    -0.04443    -0.06101    -0.00022    -0.02737    -0.00001    -0.00003    -0.00002    -0.00007    -0.00000    -0.00006    -0.00000    -0.22848
     1.62293    -0.00155    -0.01273    -0.01283    -0.00001    -0.07171    -0.04182    -0.08659    -0.00014    -0.01684    -0.00001    -0.00004    -0.00003    -0.00012    -0.00000    -0.00004    -0.00000    -0.24446
     1.64693    -0.00126    -0.00619    -0.01036    -0.00000    -0.03452    -0.02017    -0.06890    -0.00006    -0.00973    -0.00000    -0.00002    -0.00001    -0.00011    -0.00000    -0.00003    -0.00000    -0.15136
     1.67093    -0.00056    -0.00210    -0.00460    -0.00000    -0.01168    -0.00685    -0.03040    -0.00002    -0.00384    -0.00000    -0.00001    -0.00000    -0.00005    -0.00000    -0.00001    -0.00000    -0.06013
     1.69493    -0.00152    -0.02738    -0.02038    -0.00573    -3.00200    -0.05221    -0.11550    -0.01786    -0.02032    -0.00007    -0.00368    -0.00016    -0.00024    -0.00007    -0.00003    -0.00007    -3.26724
     1.71893    -0.00475    -0.03394    -0.03233    -0.00598    -1.57600    -0.06651    -0.21160    -0.02501    -0.02609    -0.00005    -0.00231    -0.00019    -0.00046    -0.00010    -0.00006    -0.00015    -1.98552
     1.74293    -0.01584    -0.01902    -0.09541    -0.00778    -1.18300    -0.04106    -0.63640    -0.03434    -0.04258    -0.00004    -0.00198    -0.00013    -0.00145    -0.00015    -0.00012    -0.00023    -2.07953
     1.76693    -0.01347    -0.02968    -0.07320    -0.00890    -0.80770    -0.06715    -0.49680    -0.02981    -0.05205    -0.00004    -0.00153    -0.00022    -0.00121    -0.00016    -0.00014    -0.00017    -1.58223
     1.79093    -0.01210    -0.00919    -0.05719    -0.01230    -0.49280    -0.01700    -0.39910    -0.02614    -0.06601    -0.00003    -0.00111    -0.00006    -0.00106    -0.00022    -0.00018    -0.00012    -1.09461
     1.81493    -0.01474    -0.00923    -0.06422    -0.01575    -0.44120    -0.01675    -0.45560    -0.03171    -0.09638    -0.00003    -0.00114    -0.00007    -0.00128    -0.00029    -0.00026    -0.00013    -1.14879
     1.83893    -0.02125    -0.02512    -0.08592    -0.02112    -0.49370    -0.04977    -0.61560    -0.05540    -0.17000    -0.00003    -0.00139    -0.00025    -0.00186    -0.00044    -0.00046    -0.00026    -1.54257
     1.86293    -0.02713    -0.03870    -0.10840    -0.02793    -0.47250    -0.07529    -0.77360    -0.07131    -0.24560    -0.00003    -0.00148    -0.00043    -0.00246    -0.00059    -0.00068    -0.00033    -1.84645
     1.88693    -0.03837    -0.05907    -0.14770    -0.02328    -0.46860    -0.10840    -1.05700    -0.07734    -0.36240    -0.00003    -0.00167    -0.00074    -0.00352    -0.00053    -0.00101    -0.00042    -2.35008
     1.91093    -0.03712    -0.09223    -0.12040    -0.01196    -0.21100    -0.15610    -0.89740    -0.10140    -0.47430    -0.00001    -0.00081    -0.00132    -0.00307    -0.00044    -0.00135    -0.00059    -2.10950
     1.93393    -0.00349    -0.25960    -0.04914    -0.01795    -0.17210    -0.32860    -0.22020    -0.11200    -0.04368    -0.00000    -0.00066    -0.00480    -0.00118    -0.00057    -0.00013    -0.00047    -1.21458
     1.95793    -0.05786    -0.26270    -0.15480    -0.04717    -1.18300    -0.32320    -1.19000    -0.20060    -0.86550    -0.00004    -0.00662    -0.00499    -0.00463    -0.00147    -0.00250    -0.00068    -4.30576
     1.98193    -0.02344    -0.15490    -0.09243    -0.04387    -0.60990    -0.19630    -0.55640    -0.18860    -0.19020    -0.00001    -0.00338    -0.00308    -0.00295    -0.00143    -0.00057    -0.00057    -2.06803
     2.00593    -0.02656    -0.14500    -0.10710    -0.05577    -0.60230    -0.18410    -0.62670    -0.22040    -0.17620    -0.00001    -0.00348    -0.00297    -0.00355    -0.00185    -0.00053    -0.00060    -2.15712
     2.02993    -0.03230    -0.14900    -0.12860    -0.08598    -0.88530    -0.19380    -0.74180    -0.27690    -0.19470    -0.00002    -0.00572    -0.00314    -0.00442    -0.00285    -0.00059    -0.00067    -2.70580
     2.05393    -0.00440    -0.03402    -0.03224    -0.07189    -0.49140    -0.05681    -0.13540    -0.19740    -0.13240    -0.00001    -0.00345    -0.00065    -0.00102    -0.00248    -0.00039    -0.00049    -1.16446
     2.07793    -0.00297    -0.02825    -0.00472    -0.09676    -0.49840    -0.04532    -0.02284    -0.25150    -0.09491    -0.00002    -0.00394    -0.00062    -0.00015    -0.00345    -0.00029    -0.00053    -1.05467
     2.10193    -0.00844    -0.10870    -0.01597    -0.16360    -0.46710    -0.09496    -0.08395    -0.36970    -0.12870    -0.00003    -0.00404    -0.00311    -0.00066    -0.00596    -0.00041    -0.00065    -1.45596
     2.12593    -0.01421    -0.16020    -0.03800    -0.25770    -0.43240    -0.12480    -0.17180    -0.51810    -0.19650    -0.00003    -0.00411    -0.00482    -0.00150    -0.00953    -0.00062    -0.00078    -1.93512
     2.14993    -0.01506    -0.14960    -0.06458    -0.38940    -0.34100    -0.11500    -0.24790    -0.55730    -0.28280    -0.00005    -0.00369    -0.00458    -0.00241    -0.01456    -0.00083    -0.00066    -2.18941
     2.17393    -0.01335    -0.28090    -0.07551    -0.50710    -0.13030    -0.19070    -0.26820    -0.52550    -0.24940    -0.00008    -0.00164    -0.00924    -0.00285    -0.01946    -0.00072    -0.00054    -2.27549
     2.19793    -0.00828    -0.00276    -0.02112    -0.05037    -0.00758    -0.00118    -0.12260    -0.15440    -0.00394    -0.00000    -0.00008    -0.00010    -0.00115    -0.00210    -0.00003    -0.00023    -0.37592
     2.22193    -0.00765    -0.00181    -0.02150    -0.03161    -0.00363    -0.00071    -0.11900    -0.09525    -0.00207    -0.00000    -0.00004    -0.00007    -0.00118    -0.00133    -0.00002    -0.00014    -0.28599
     2.24593    -0.00002    -0.39960    -0.00537    -0.01547    -0.00121    -0.23490    -0.01012    -0.01501    -0.00727    -0.00036    -0.00018    -0.01451    -0.00019    -0.00073    -0.00002    -0.00000    -0.70497
     2.26993    -0.00153    -0.44850    -0.02735    -0.08666    -0.01047    -0.29000    -0.07236    -0.13910    -0.03446    -0.00035    -0.00014    -0.01642    -0.00117    -0.00411    -0.00009    -0.00010    -1.13282
     2.29393    -0.01651    -0.49270    -0.08123    -0.14740    -0.04727    -0.36570    -0.31290    -0.20880    -0.11570    -0.00032    -0.00062    -0.01813    -0.00422    -0.00691    -0.00044    -0.00020    -1.81906
     2.31793    -0.02278    -0.53120    -0.10180    -0.18200    -0.06333    -0.41860    -0.39750    -0.22820    -0.11560    -0.00031    -0.00093    -0.02001    -0.00558    -0.00863    -0.00048    -0.00023    -2.09719
     2.34193    -0.01733    -0.16490    -0.07520    -0.21260    -0.00869    -0.10790    -0.29280    -0.30890    -0.05495    -0.00011    -0.00019    -0.00654    -0.00447    -0.01066    -0.00010    -0.00024    -1.26557
     2.36593    -0.01022    -0.10760    -0.03158    -0.04937    -0.00341    -0.05453    -0.14110    -0.08498    -0.01745    -0.00007    -0.00015    -0.00456    -0.00215    -0.00267    -0.00002    -0.00006    -0.50994
     2.38993    -0.01000    -0.10090    -0.02329    -0.02618    -0.00901    -0.05107    -0.11430    -0.04449    -0.00865    -0.00007    -0.00027    -0.00439    -0.00174    -0.00145    -0.00002    -0.00004    -0.39586
     2.41393    -0.00748    -0.10280    -0.01109    -0.01614    -0.02466    -0.05591    -0.06161    -0.01575    -0.00500    -0.00008    -0.00062    -0.00456    -0.00098    -0.00087    -0.00002    -0.00003    -0.30760
     2.43793    -0.00725    -0.09571    -0.00813    -0.01943    -0.03790    -0.05567    -0.04923    -0.00949    -0.00343    -0.00008    -0.00089    -0.00432    -0.00079    -0.00097    -0.00003    -0.00003    -0.29334
     2.46193    -0.00844    -0.09402    -0.00757    -0.03010    -0.04555    -0.05350    -0.04915    -0.00985    -0.00397    -0.00009    -0.00111    -0.00435    -0.00078    -0.00146    -0.00004    -0.00005    -0.31003
     2.48593    -0.00929    -0.08572    -0.00698    -0.03861    -0.04544    -0.04530    -0.04788    -0.01019    -0.00434    -0.00009    -0.00119    -0.00410    -0.00076    -0.00188    -0.00005    -0.00007    -0.30188
     2.50993    -0.00912    -0.07388    -0.00611    -0.04100    -0.04531    -0.03553    -0.04331    -0.00978    -0.00452    -0.00009    -0.00126    -0.00372    -0.00070    -0.00201    -0.00005    -0.00007    -0.27645
     2.53393    -0.00885    -0.06638    -0.00516    -0.04401    -0.04710    -0.03090    -0.03813    -0.00956    -0.00482    -0.00009    -0.00137    -0.00345    -0.00062    -0.00217    -0.00006    -0.00008    -0.26275
     2.55793    -0.00922    -0.11280    -0.00456    -0.04942    -0.11630    -0.06306    -0.03537    -0.00997    -0.00768    -0.00021    -0.00366    -0.00601    -0.00059    -0.00247    -0.00007    -0.00010    -0.42148
     2.58193    -0.00889    -0.05632    -0.00383    -0.05281    -0.04611    -0.02253    -0.03064    -0.01077    -0.00702    -0.00010    -0.00148    -0.00309    -0.00053    -0.00266    -0.00007    -0.00011    -0.24698
     2.60593    -0.00912    -0.05154    -0.00380    -0.05737    -0.04660    -0.01975    -0.03004    -0.01177    -0.00802    -0.00010    -0.00155    -0.00288    -0.00053    -0.00292    -0.00008    -0.00012    -0.24620
     2.62993    -0.00861    -0.04335    -0.00340    -0.06170    -0.03945    -0.01500    -0.02645    -0.01480    -0.00745    -0.00009    -0.00137    -0.00247    -0.00048    -0.00321    -0.00008    -0.00013    -0.22804
     2.65393    -0.00775    -0.03124    -0.00267    -0.06735    -0.02578    -0.00800    -0.02100    -0.01907    -0.00560    -0.00007    -0.00100    -0.00183    -0.00039    -0.00358    -0.00007    -0.00014    -0.19554
     2.67793    -0.00751    -0.03069    -0.00246    -0.07557    -0.02550    -0.00708    -0.01880    -0.02321    -0.00540    -0.00007    -0.00102    -0.00184    -0.00036    -0.00411    -0.00007    -0.00016    -0.20385
     2.70193    -0.00734    -0.03229    -0.00230    -0.08456    -0.02550    -0.00666    -0.01742    -0.02833    -0.00523    -0.00007    -0.00105    -0.00199    -0.00034    -0.00468    -0.00007    -0.00018    -0.21801
     2.72593    -0.00710    -0.03345    -0.00213    -0.09571    -0.02546    -0.00619    -0.01588    -0.03484    -0.00507    -0.00007    -0.00108    -0.00211    -0.00032    -0.00537    -0.00007    -0.00020    -0.23505
     2.74993    -0.00619    -0.02153    -0.00171    -0.11320    -0.02446    -0.00390    -0.01228    -0.04547    -0.00490    -0.00006    -0.00105    -0.00138    -0.00025    -0.00647    -0.00007    -0.00024    -0.24316
     2.77393    -0.00528    -0.00929    -0.00134    -0.10500    -0.02384    -0.00177    -0.00905    -0.03939    -0.00475    -0.00005    -0.00104    -0.00062    -0.00017    -0.00604    -0.00007    -0.00024    -0.20794
     2.79793    -0.00506    -0.01314    -0.00132    -0.11680    -0.02424    -0.00202    -0.00849    -0.04480    -0.00458    -0.00005    -0.00108    -0.00090    -0.00017    -0.00682    -0.00007    -0.00028    -0.22981
     2.82093    -0.00534    -0.02294    -0.00187    -0.07883    -0.07232    -0.00692    -0.01129    -0.02465    -0.00653    -0.00017    -0.00472    -0.00170    -0.00026    -0.00461    -0.00007    -0.00024    -0.24245
     2.84493    -0.00495    -0.00979    -0.00175    -0.07211    -0.04189    -0.00281    -0.00989    -0.02224    -0.00562    -0.00011    -0.00283    -0.00074    -0.00024    -0.00423    -0.00007    -0.00024    -0.17950
     2.86893    -0.00495    -0.00977    -0.00191    -0.06721    -0.04074    -0.00289    -0.01023    -0.02040    -0.00589    -0.00012    -0.00289    -0.00074    -0.00027    -0.00396    -0.00007    -0.00024    -0.17227
     2.89293    -0.00499    -0.00975    -0.00210    -0.05973    -0.03945    -0.00319    -0.01072    -0.01732    -0.00622    -0.00013    -0.00294    -0.00075    -0.00029    -0.00352    -0.00007    -0.00023    -0.16140
     2.91693    -0.00511    -0.00974    -0.00232    -0.04922    -0.03800    -0.00382    -0.01138    -0.01279    -0.00660    -0.00014    -0.00298    -0.00076    -0.00032    -0.00290    -0.00007    -0.00022    -0.14636
     2.94093    -0.00475    -0.00788    -0.00192    -0.04533    -0.03259    -0.00441    -0.00920    -0.01186    -0.00534    -0.00013    -0.00268    -0.00063    -0.00027    -0.00266    -0.00006    -0.00022    -0.12993
     2.96493    -0.00475    -0.00779    -0.00199    -0.04495    -0.03077    -0.00532    -0.00907    -0.01424    -0.00521    -0.00014    -0.00273    -0.00063    -0.00028    -0.00264    -0.00006    -0.00023    -0.13080
     2.98893    -0.00483    -0.00772    -0.00214    -0.04406    -0.02989    -0.00633    -0.00927    -0.01551    -0.00531    -0.00015    -0.00281    -0.00063    -0.00030    -0.00259    -0.00006    -0.00024    -0.13181
     3.01293    -0.00497    -0.00769    -0.00234    -0.04332    -0.02897    -0.00884    -0.00949    -0.01677    -0.00541    -0.00016    -0.00289    -0.00066    -0.00031    -0.00254    -0.00006    -0.00024    -0.13465
     3.03693    -0.00512    -0.00767    -0.00256    -0.04253    -0.02795    -0.01178    -0.00971    -0.01810    -0.00550    -0.00017    -0.00296    -0.00069    -0.00033    -0.00248    -0.00006    -0.00025    -0.13786
     3.06093    -0.00532    -0.00766    -0.00284    -0.04141    -0.02634    -0.01606    -0.01003    -0.01970    -0.00564    -0.00018    -0.00305    -0.00073    -0.00036    -0.00240    -0.00007    -0.00025    -0.14204
     3.08493    -0.00554    -0.00766    -0.00318    -0.03929    -0.02436    -0.02200    -0.01042    -0.02012    -0.00580    -0.00020    -0.00319    -0.00078    -0.00039    -0.00225    -0.00007    -0.00025    -0.14552
     3.10893    -0.00588    -0.00787    -0.00365    -0.03870    -0.02379    -0.03270    -0.01069    -0.01941    -0.00596    -0.00022    -0.00338    -0.00092    -0.00042    -0.00222    -0.00007    -0.00025    -0.15614
     3.13293    -0.00871    -0.00847    -0.00583    -0.04042    -0.02617    -0.06524    -0.01529    -0.02373    -0.00819    -0.00037    -0.00522    -0.00124    -0.00067    -0.00240    -0.00009    -0.00028    -0.21231
     3.15693    -0.00945    -0.00886    -0.00676    -0.04007    -0.02346    -0.12000    -0.01085    -0.03115    -0.00605    -0.00040    -0.00608    -0.00186    -0.00053    -0.00238    -0.00009    -0.00030    -0.26828
     3.18093    -0.00936    -0.01295    -0.00883    -0.02698    -0.02216    -0.28280    -0.00876    -0.02402    -0.00529    -0.00052    -0.00815    -0.00381    -0.00052    -0.00179    -0.00006    -0.00019    -0.41618
     3.20493    -0.00997    -0.04332    -0.01489    -0.01757    -0.01612    -0.95330    -0.00795    -0.02352    -0.00522    -0.00050    -0.00611    -0.01469    -0.00070    -0.00129    -0.00005    -0.00012    -1.11532
     3.22893    -0.01647    -0.01179    -0.03435    -0.00981    -0.01294    -0.16880    -0.00787    -0.03254    -0.00661    -0.00028    -0.00451    -0.00321    -0.00121    -0.00087    -0.00006    -0.00010    -0.31142
     3.25293    -0.03431    -0.01258    -0.06849    -0.02421    -0.01475    -0.19380    -0.00716    -0.06478    -0.00813    -0.00025    -0.00577    -0.00377    -0.00188    -0.00239    -0.00006    -0.00024    -0.44256
     3.27693    -0.03703    -0.01248    -0.06972    -0.03709    -0.01551    -0.22430    -0.00627    -0.09305    -0.00741    -0.00023    -0.00693    -0.00415    -0.00189    -0.00373    -0.00006    -0.00036    -0.52021
     3.30093    -0.02633    -0.00658    -0.04087    -0.03282    -0.01058    -0.11130    -0.00407    -0.09960    -0.00428    -0.00017    -0.00447    -0.00206    -0.00099    -0.00368    -0.00005    -0.00031    -0.34815
     3.32493    -0.01907    -0.00362    -0.02672    -0.02742    -0.00675    -0.05224    -0.00272    -0.08419    -0.00264    -0.00012    -0.00256    -0.00102    -0.00058    -0.00308    -0.00004    -0.00026    -0.23302
     3.34893    -0.00548    -0.00131    -0.00631    -0.02187    -0.00356    -0.02376    -0.00076    -0.02541    -0.00049    -0.00002    -0.00091    -0.00045    -0.00016    -0.00146    -0.00003    -0.00022    -0.09219
     3.37293    -0.00269    -0.00074    -0.00189    -0.02013    -0.00266    -0.01648    -0.00056    -0.01129    -0.00022    -0.00001    -0.00061    -0.00030    -0.00008    -0.00102    -0.00003    -0.00021    -0.05891
     3.39693    -0.00282    -0.00053    -0.00145    -0.01992    -0.00235    -0.01112    -0.00048    -0.01071    -0.00016    -0.00000    -0.00047    -0.00021    -0.00005    -0.00098    -0.00003    -0.00020    -0.05149
     3.42093    -0.00858    -0.00195    -0.00967    -0.02978    -0.00412    -0.01066    -0.00057    -0.24390    -0.00021    -0.00002    -0.00070    -0.00046    -0.00016    -0.00776    -0.00003    -0.00024    -0.31880
     3.44493    -0.00939    -0.00677    -0.01527    -0.04717    -0.01441    -0.02469    -0.00063    -0.78000    -0.00039    -0.00005    -0.00122    -0.00170    -0.00035    -0.02253    -0.00003    -0.00030    -0.92490
     3.46893    -0.00698    -0.01020    -0.01750    -0.02178    -0.01355    -0.03665    -0.01254    -0.22340    -0.00576    -0.00028    -0.00363    -0.00262    -0.00167    -0.00540    -0.00004    -0.00021    -0.36222
     3.49293    -0.00567    -0.00696    -0.01041    -0.01884    -0.00867    -0.02014    -0.00657    -0.08471    -0.00274    -0.00016    -0.00199    -0.00171    -0.00090    -0.00268    -0.00003    -0.00019    -0.17237
     3.51693    -0.00538    -0.00741    -0.01015    -0.01786    -0.00920    -0.01979    -0.00622    -0.07428    -0.00262    -0.00017    -0.00211    -0.00184    -0.00086    -0.00244    -0.00003    -0.00019    -0.16055
     3.54093    -0.00531    -0.00786    -0.01002    -0.01688    -0.00975    -0.01949    -0.00589    -0.06415    -0.00258    -0.00018    -0.00226    -0.00196    -0.00095    -0.00221    -0.00004    -0.00018    -0.14971
     3.56493    -0.00684    -0.00842    -0.01108    -0.01704    -0.01043    -0.02046    -0.00624    -0.05392    -0.00317    -0.00019    -0.00246    -0.00209    -0.00184    -0.00205    -0.00013    -0.00018    -0.14655
     3.58893    -0.00804    -0.01026    -0.01185    -0.01572    -0.01371    -0.02647    -0.00843    -0.03539    -0.00406    -0.00025    -0.00372    -0.00259    -0.00295    -0.00163    -0.00024    -0.00018    -0.14547
     3.61293    -0.02270    -0.01185    -0.01755    -0.01543    -0.01586    -0.04499    -0.03423    -0.02811    -0.00634    -0.00031    -0.00471    -0.00296    -0.00517    -0.00141    -0.00035    -0.00017    -0.21213
     3.63693    -0.03356    -0.01144    -0.01658    -0.01579    -0.01664    -0.06657    -0.05102    -0.02806    -0.00652    -0.00033    -0.00545    -0.00306    -0.00510    -0.00136    -0.00031    -0.00016    -0.26196
     3.66093    -0.02966    -0.01089    -0.01390    -0.01551    -0.01968    -0.09225    -0.05470    -0.02614    -0.00779    -0.00043    -0.00767    -0.00302    -0.00586    -0.00136    -0.00037    -0.00015    -0.28937
     3.68493    -0.02922    -0.00830    -0.01083    -0.01463    -0.01208    -0.04369    -0.03668    -0.01833    -0.00324    -0.00025    -0.00399    -0.00254    -0.00226    -0.00104    -0.00015    -0.00013    -0.18738
     3.70893    -0.03164    -0.00934    -0.01217    -0.01739    -0.01953    -0.06822    -0.03736    -0.02095    -0.00432    -0.00028    -0.00394    -0.00403    -0.00287    -0.00156    -0.00010    -0.00018    -0.23388
     3.73193    -0.04294    -0.01006    -0.01679    -0.01763    -0.02162    -0.08196    -0.04972    -0.02733    -0.00593    -0.00029    -0.00466    -0.00475    -0.00464    -0.00163    -0.00013    -0.00019    -0.29026
     3.75593    -0.03917    -0.00877    -0.01764    -0.01768    -0.01726    -0.08271    -0.04648    -0.03402    -0.00669    -0.00024    -0.00425    -0.00465    -0.00412    -0.00173    -0.00013    -0.00018    -0.28573
     3.77993    -0.04129    -0.00929    -0.01860    -0.00602    -0.01387    -0.13580    -0.04815    -0.04682    -0.00813    -0.00021    -0.00415    -0.00669    -0.00403    -0.00122    -0.00014    -0.00005    -0.34446
     3.80393    -0.04246    -0.01200    -0.01968    -0.00672    -0.01531    -0.29690    -0.04497    -0.09224    -0.01069    -0.00016    -0.00514    -0.01396    -0.00329    -0.00260    -0.00015    -0.00006    -0.56634
     3.82793    -0.03960    -0.01014    -0.03500    -0.00756    -0.01094    -0.27360    -0.03976    -0.14840    -0.01624    -0.00016    -0.00436    -0.01262    -0.00314    -0.00443    -0.00017    -0.00010    -0.60621
     3.85193    -0.03416    -0.00728    -0.02468    -0.00386    -0.00666    -0.23550    -0.03173    -0.20900    -0.02240    -0.00010    -0.00312    -0.01107    -0.00231    -0.00622    -0.00015    -0.00005    -0.59826
     3.87593    -0.04780    -0.00637    -0.04230    -0.00674    -0.00505    -0.18570    -0.04094    -0.24370    -0.03169    -0.00012    -0.00274    -0.00877    -0.00172    -0.00814    -0.00018    -0.00007    -0.63202
     3.89993    -0.06243    -0.00594    -0.06429    -0.00936    -0.00686    -0.12420    -0.04531    -0.19270    -0.03506    -0.00015    -0.00360    -0.00685    -0.00184    -0.00873    -0.00018    -0.00013    -0.56761
     3.92393    -0.05071    -0.00587    -0.03617    -0.01484    -0.01246    -0.18100    -0.06016    -0.26970    -0.02217    -0.00018    -0.00650    -0.01176    -0.00226    -0.01237    -0.00014    -0.00023    -0.68651
     3.94793    -0.02795    -0.00373    -0.01707    -0.00995    -0.00872    -0.10700    -0.03875    -0.18160    -0.01389    -0.00012    -0.00307    -0.00611    -0.00200    -0.01038    -0.00016    -0.00013    -0.43065
     3.97193    -0.02345    -0.00444    -0.01698    -0.00903    -0.01134    -0.09698    -0.03488    -0.14880    -0.01226    -0.00013    -0.00349    -0.00593    -0.00206    -0.00947    -0.00017    -0.00013    -0.37953
     3.99593    -0.02209    -0.00734    -0.01984    -0.00959    -0.01816    -0.12350    -0.04230    -0.14240    -0.01568    -0.00017    -0.00476    -0.00808    -0.00259    -0.00948    -0.00026    -0.00013    -0.42636
     4.01993    -0.03966    -0.01383    -0.02896    -0.01354    -0.02593    -0.17850    -0.08905    -0.15090    -0.02329    -0.00033    -0.00798    -0.01187    -0.00385    -0.01010    -0.00048    -0.00019    -0.59846
     4.04393    -0.05313    -0.01566    -0.03904    -0.01181    -0.04347    -0.19010    -0.20910    -0.11340    -0.03205    -0.00044    -0.00670    -0.01427    -0.00722    -0.00921    -0.00128    -0.00019    -0.74707
     4.06793    -0.02641    -0.01509    -0.01771    -0.01277    -0.05306    -0.12240    -0.06122    -0.09494    -0.01816    -0.00046    -0.00542    -0.01069    -0.00304    -0.00651    -0.00033    -0.00013    -0.44834
     4.09193    -0.02348    -0.01094    -0.01459    -0.00959    -0.04393    -0.10730    -0.05457    -0.09389    -0.02568    -0.00035    -0.00623    -0.00995    -0.00279    -0.00514    -0.00033    -0.00011    -0.40887
     4.11593    -0.04524    -0.00817    -0.01484    -0.02742    -0.03983    -0.08474    -0.07688    -0.10290    -0.03176    -0.00026    -0.00514    -0.00743    -0.00294    -0.00494    -0.00033    -0.00011    -0.45294
     4.13993    -0.02633    -0.00902    -0.00967    -0.01488    -0.03703    -0.07834    -0.04698    -0.06811    -0.01905    -0.00022    -0.00462    -0.00605    -0.00222    -0.00320    -0.00025    -0.00009    -0.32605
     4.16393    -0.01917    -0.00810    -0.01489    -0.00428    -0.03633    -0.06995    -0.05315    -0.09247    -0.01507    -0.00019    -0.00470    -0.00489    -0.00231    -0.00392    -0.00018    -0.00013    -0.32974
     4.18793    -0.02805    -0.01084    -0.03193    -0.01121    -0.06329    -0.09293    -0.10350    -0.16620    -0.01617    -0.00019    -0.00621    -0.00557    -0.00379    -0.00743    -0.00019    -0.00024    -0.54772
     4.21193    -0.03746    -0.02101    -0.04660    -0.02304    -0.05874    -0.11210    -0.15320    -0.28210    -0.02968    -0.00018    -0.01046    -0.00646    -0.00666    -0.01161    -0.00029    -0.00043    -0.80003
     4.23593    -0.03631    -0.01297    -0.02740    -0.01171    -0.04655    -0.28050    -0.08583    -0.18270    -0.02092    -0.00017    -0.01106    -0.01271    -0.00393    -0.00760    -0.00021    -0.00036    -0.74093
     4.25993    -0.03905    -0.00932    -0.01980    -0.00936    -0.03254    -0.15430    -0.06950    -0.17230    -0.01916    -0.00012    -0.01878    -0.00739    -0.00298    -0.00676    -0.00020    -0.00034    -0.56189
     4.28393    -0.06440    -0.01484    -0.02749    -0.02003    -0.02992    -0.08650    -0.09568    -0.20720    -0.02273    -0.00017    -0.03347    -0.00571    -0.00338    -0.00741    -0.00029    -0.00037    -0.61958
     4.30793    -0.02241    -0.01458    -0.01998    -0.01898    -0.02565    -0.15490    -0.09267    -0.13250    -0.01037    -0.00017    -0.01638    -0.00850    -0.00294    -0.00675    -0.00018    -0.00024    -0.52720
     4.33193    -0.02706    -0.01468    -0.02252    -0.01756    -0.02845    -0.14670    -0.06512    -0.13300    -0.00747    -0.00018    -0.01180    -0.00727    -0.00269    -0.00844    -0.00018    -0.00025    -0.49337
     4.35593    -0.02700    -0.01321    -0.02212    -0.01747    -0.02413    -0.15780    -0.04867    -0.13210    -0.00737    -0.00017    -0.01004    -0.00783    -0.00253    -0.00847    -0.00020    -0.00026    -0.47936
     4.37993    -0.02875    -0.01320    -0.02553    -0.01886    -0.03537    -0.18130    -0.04256    -0.16020    -0.01088    -0.00017    -0.00803    -0.00923    -0.00228    -0.00834    -0.00022    -0.00035    -0.54527
     4.40393    -0.03137    -0.01454    -0.02093    -0.01852    -0.02868    -0.19030    -0.03847    -0.15080    -0.01419    -0.00016    -0.00764    -0.00999    -0.00215    -0.00688    -0.00023    -0.00035    -0.53520
     4.42793    -0.04035    -0.01741    -0.02163    -0.02069    -0.03056    -0.24600    -0.03970    -0.17870    -0.01868    -0.00015    -0.00763    -0.01311    -0.00231    -0.00930    -0.00026    -0.00051    -0.64700
     4.45193    -0.02217    -0.01933    -0.02272    -0.02633    -0.02833    -0.23630    -0.04861    -0.15890    -0.01762    -0.00017    -0.00320    -0.01332    -0.00258    -0.00927    -0.00025    -0.00053    -0.60962
     4.47593    -0.02195    -0.01967    -0.02119    -0.02646    -0.02543    -0.21730    -0.04667    -0.14070    -0.01772    -0.00017    -0.00219    -0.01240    -0.00254    -0.00718    -0.00031    -0.00044    -0.56232
     4.49993    -0.02285    -0.01887    -0.01611    -0.02745    -0.03167    -0.17640    -0.04444    -0.13800    -0.01945    -0.00018    -0.00196    -0.01042    -0.00237    -0.00626    -0.00034    -0.00043    -0.51721
     4.52393    -0.02455    -0.01973    -0.01437    -0.02540    -0.03835    -0.18310    -0.03169    -0.13020    -0.01772    -0.00020    -0.00180    -0.01111    -0.00212    -0.00560    -0.00039    -0.00046    -0.50679
     4.54793    -0.02357    -0.01979    -0.01460    -0.02907    -0.03635    -0.14900    -0.03384    -0.13530    -0.01738    -0.00021    -0.00178    -0.00921    -0.00223    -0.00521    -0.00041    -0.00049    -0.47844
     4.57193    -0.02536    -0.02994    -0.01804    -0.04976    -0.03522    -0.18110    -0.05337    -0.18510    -0.01977    -0.00025    -0.00216    -0.01112    -0.00313    -0.00585    -0.00053    -0.00062    -0.62132
     4.59593    -0.02016    -0.03552    -0.01556    -0.05899    -0.03912    -0.18640    -0.05519    -0.22880    -0.01777    -0.00028    -0.00202    -0.01157    -0.00259    -0.00675    -0.00038    -0.00079    -0.68188
     4.61893    -0.02042    -0.04082    -0.01431    -0.07130    -0.03263    -0.16330    -0.05176    -0.29340    -0.02112    -0.00027    -0.00189    -0.01001    -0.00219    -0.00776    -0.00043    -0.00108    -0.73270
     4.64293    -0.01324    -0.02627    -0.01192    -0.02327    -0.02960    -0.10410    -0.02692    -0.09424    -0.01141    -0.00022    -0.00117    -0.00762    -0.00104    -0.00473    -0.00013    -0.00039    -0.35628
     4.66693    -0.01297    -0.03070    -0.01446    -0.03082    -0.02919    -0.08516    -0.02688    -0.09338    -0.01084    -0.00025    -0.00128    -0.00706    -0.00124    -0.00584    -0.00012    -0.00045    -0.35065
     4.69093    -0.01165    -0.02988    -0.00990    -0.02443    -0.01943    -0.06952    -0.03071    -0.08013    -0.01454    -0.00025    -0.00138    -0.00574    -0.00146    -0.00519    -0.00016    -0.00045    -0.30483
     4.71493    -0.02153    -0.05034    -0.01592    -0.03260    -0.02182    -0.21980    -0.04409    -0.08490    -0.02924    -0.00031    -0.00151    -0.01551    -0.00311    -0.00619    -0.00024    -0.00065    -0.54775
     4.73893    -0.01695    -0.03411    -0.01121    -0.03008    -0.01788    -0.11730    -0.03259    -0.08230    -0.02045    -0.00027    -0.00121    -0.00897    -0.00204    -0.00496    -0.00020    -0.00076    -0.38128
     4.76293    -0.01770    -0.02762    -0.00910    -0.02345    -0.01667    -0.06986    -0.03101    -0.05878    -0.01462    -0.00029    -0.00121    -0.00597    -0.00101    -0.00418    -0.00015    -0.00047    -0.28209
     4.78693    -0.01883    -0.02902    -0.00855    -0.02463    -0.01632    -0.07492    -0.03284    -0.06165    -0.01308    -0.00032    -0.00140    -0.00621    -0.00100    -0.00418    -0.00014    -0.00050    -0.29358
     4.81093    -0.02026    -0.03108    -0.00827    -0.02645    -0.01624    -0.08028    -0.03484    -0.06472    -0.01169    -0.00036    -0.00163    -0.00651    -0.00099    -0.00417    -0.00013    -0.00054    -0.30816
     4.83493    -0.03092    -0.05623    -0.01514    -0.04279    -0.02091    -0.13080    -0.04193    -0.10880    -0.01294    -0.00057    -0.00288    -0.01186    -0.00112    -0.00577    -0.00022    -0.00084    -0.48371
     4.85893    -0.02023    -0.03697    -0.01594    -0.03213    -0.02811    -0.10420    -0.03144    -0.07247    -0.00939    -0.00048    -0.00481    -0.01323    -0.00102    -0.00385    -0.00015    -0.00033    -0.37477
     4.88293    -0.02032    -0.03496    -0.01555    -0.03408    -0.03153    -0.09282    -0.03935    -0.06659    -0.01171    -0.00045    -0.00206    -0.00641    -0.00130    -0.00408    -0.00015    -0.00036    -0.36173
     4.90693    -0.02012    -0.03003    -0.01429    -0.03424    -0.02871    -0.08058    -0.03980    -0.04524    -0.00936    -0.00040    -0.00172    -0.00502    -0.00190    -0.00508    -0.00018    -0.00046    -0.31715
     4.93093    -0.01979    -0.02340    -0.01123    -0.03119    -0.03824    -0.05937    -0.03446    -0.04159    -0.00633    -0.00041    -0.00120    -0.00402    -0.00108    -0.00336    -0.00015    -0.00031    -0.27613
     4.95493    -0.02519    -0.02555    -0.01279    -0.03377    -0.02512    -0.08174    -0.03689    -0.04977    -0.01986    -0.00058    -0.00114    -0.00813    -0.00098    -0.00296    -0.00031    -0.00035    -0.32514
     4.97893    -0.04157    -0.07716    -0.01752    -0.05034    -0.03413    -0.13620    -0.04198    -0.08342    -0.02334    -0.00203    -0.00167    -0.02729    -0.00144    -0.00407    -0.00054    -0.00080    -0.54350
     5.00293    -0.02778    -0.02548    -0.01457    -0.03546    -0.01295    -0.09135    -0.03002    -0.06164    -0.01581    -0.00054    -0.00159    -0.01080    -0.00091    -0.00359    -0.00033    -0.00062    -0.33344
     5.02693    -0.03331    -0.04569    -0.01474    -0.04189    -0.01050    -0.10250    -0.06070    -0.07467    -0.02124    -0.00072    -0.00170    -0.01175    -0.00140    -0.00500    -0.00044    -0.00084    -0.42710
     5.05093    -0.03047    -0.02429    -0.01586    -0.04521    -0.01170    -0.10590    -0.03090    -0.07769    -0.01553    -0.00045    -0.00138    -0.00930    -0.00082    -0.00439    -0.00039    -0.00094    -0.37522
     5.07493    -0.01985    -0.02387    -0.01372    -0.03978    -0.02284    -0.08197    -0.02680    -0.05513    -0.01420    -0.00058    -0.00169    -0.00818    -0.00096    -0.00385    -0.00035    -0.00060    -0.31437
     5.09893    -0.02048    -0.03272    -0.01509    -0.05991    -0.02874    -0.09490    -0.03356    -0.07212    -0.03661    -0.00095    -0.00329    -0.00982    -0.00133    -0.00475    -0.00068    -0.00081    -0.41577
     5.12293    -0.01989    -0.03710    -0.01511    -0.07435    -0.03234    -0.09096    -0.03645    -0.07196    -0.03750    -0.00108    -0.00267    -0.01060    -0.00124    -0.00449    -0.00076    -0.00084    -0.43735
     5.14693    -0.01947    -0.03896    -0.01448    -0.08149    -0.03518    -0.08265    -0.03573    -0.06916    -0.03237    -0.00113    -0.00280    -0.01053    -0.00119    -0.00431    -0.00076    -0.00086    -0.43106
     5.17093    -0.01790    -0.03904    -0.01354    -0.08663    -0.02564    -0.07058    -0.03234    -0.06200    -0.02763    -0.00110    -0.00285    -0.01000    -0.00066    -0.00357    -0.00070    -0.00078    -0.39495
     5.19493    -0.01699    -0.03753    -0.01337    -0.07676    -0.01923    -0.05668    -0.02984    -0.04662    -0.01776    -0.00098    -0.00204    -0.00882    -0.00047    -0.00264    -0.00053    -0.00061    -0.33087
     5.21893    -0.01946    -0.04585    -0.01455    -0.06694    -0.01478    -0.06309    -0.03199    -0.03611    -0.01531    -0.00088    -0.00173    -0.00963    -0.00052    -0.00281    -0.00043    -0.00056    -0.32464
     5.24293    -0.02081    -0.06666    -0.01440    -0.07167    -0.02014    -0.06319    -0.03475    -0.03334    -0.01730    -0.00164    -0.00189    -0.01251    -0.00087    -0.00431    -0.00050    -0.00061    -0.36458
     5.26693    -0.02364    -0.02802    -0.01476    -0.06401    -0.01900    -0.06798    -0.03059    -0.04878    -0.01348    -0.00042    -0.00275    -0.01083    -0.00097    -0.00508    -0.00059    -0.00085    -0.33175
     5.29093    -0.02170    -0.02661    -0.01347    -0.05788    -0.01855    -0.06767    -0.02520    -0.04170    -0.01174    -0.00062    -0.00272    -0.01122    -0.00083    -0.00491    -0.00056    -0.00089    -0.30627
     5.31493    -0.02052    -0.03042    -0.01291    -0.05037    -0.01841    -0.08680    -0.02189    -0.03805    -0.01162    -0.00099    -0.00304    -0.01549    -0.00085    -0.00488    -0.00053    -0.00083    -0.31759
     5.33893    -0.01846    -0.03346    -0.01184    -0.04406    -0.01660    -0.09499    -0.01897    -0.03448    -0.01218    -0.00127    -0.00276    -0.01578    -0.00082    -0.00488    -0.00050    -0.00081    -0.31186
     5.36293    -0.01466    -0.03122    -0.00932    -0.02634    -0.01606    -0.08030    -0.01507    -0.02848    -0.01439    -0.00142    -0.00275    -0.01311    -0.00070    -0.00490    -0.00042    -0.00072    -0.25986
     5.38693    -0.01700    -0.03022    -0.01096    -0.02699    -0.01527    -0.07374    -0.01867    -0.03159    -0.01601    -0.00175    -0.00289    -0.01291    -0.00068    -0.00424    -0.00043    -0.00063    -0.26398
     5.41093    -0.02510    -0.02868    -0.01407    -0.03132    -0.01398    -0.08430    -0.02425    -0.03831    -0.01975    -0.00076    -0.00285    -0.01183    -0.00086    -0.00434    -0.00050    -0.00062    -0.30153
     5.43493    -0.03283    -0.03439    -0.01671    -0.03509    -0.01427    -0.10460    -0.03295    -0.04059    -0.02731    -0.00091    -0.00300    -0.01519    -0.00116    -0.00382    -0.00067    -0.00060    -0.36409
     5.45893    -0.02670    -0.03027    -0.01598    -0.02742    -0.01347    -0.08379    -0.02993    -0.03135    -0.02061    -0.00089    -0.00228    -0.01492    -0.00076    -0.00295    -0.00051    -0.00044    -0.30227
     5.48293    -0.02288    -0.02661    -0.01638    -0.02213    -0.01151    -0.07149    -0.02947    -0.02388    -0.01507    -0.00083    -0.00177    -0.01367    -0.00054    -0.00242    -0.00036    -0.00031    -0.25932
     5.50593    -0.02061    -0.02320    -0.01423    -0.01972    -0.00992    -0.06183    -0.02345    -0.02015    -0.01231    -0.00076    -0.00170    -0.01156    -0.00044    -0.00238    -0.00034    -0.00027    -0.22286
     5.52993    -0.03710    -0.02390    -0.02195    -0.03433    -0.01713    -0.07746    -0.03126    -0.03346    -0.02189    -0.00142    -0.00273    -0.01542    -0.00049    -0.00512    -0.00071    -0.00069    -0.32506
     5.55393    -0.03170    -0.02326    -0.02102    -0.03412    -0.01858    -0.07249    -0.03005    -0.02899    -0.01609    -0.00168    -0.00296    -0.01251    -0.00056    -0.00528    -0.00063    -0.00053    -0.30044
     5.57793    -0.02864    -0.02698    -0.02200    -0.03970    -0.02158    -0.08145    -0.03128    -0.03367    -0.01632    -0.00236    -0.00340    -0.01306    -0.00080    -0.00717    -0.00064    -0.00045    -0.32950
     5.60193    -0.02344    -0.02903    -0.01967    -0.03315    -0.02288    -0.07227    -0.02902    -0.02906    -0.01506    -0.00216    -0.00354    -0.01273    -0.00076    -0.00673    -0.00058    -0.00046    -0.30054
     5.62593    -0.02248    -0.03282    -0.02819    -0.03325    -0.02797    -0.06780    -0.03766    -0.02581    -0.01448    -0.00227    -0.00373    -0.01427    -0.00075    -0.00963    -0.00058    -0.00066    -0.32235
     5.64993    -0.03543    -0.04811    -0.03415    -0.03583    -0.03164    -0.09773    -0.04093    -0.03838    -0.02132    -0.00465    -0.00422    -0.02090    -0.00103    -0.00769    -0.00077    -0.00109    -0.42386
     5.67393    -0.02728    -0.03926    -0.02108    -0.02369    -0.02962    -0.07732    -0.02524    -0.02630    -0.01698    -0.00422    -0.00278    -0.01805    -0.00092    -0.00433    -0.00048    -0.00092    -0.31846
     5.69793    -0.02478    -0.02733    -0.02016    -0.02503    -0.02973    -0.06341    -0.02024    -0.02446    -0.01827    -0.00344    -0.00242    -0.01437    -0.00088    -0.00354    -0.00040    -0.00099    -0.27943
     5.72193    -0.02592    -0.02573    -0.02148    -0.02420    -0.02392    -0.05469    -0.01821    -0.02409    -0.02018    -0.00247    -0.00179    -0.01326    -0.00086    -0.00300    -0.00045    -0.00110    -0.26135
     5.74593    -0.03076    -0.03593    -0.02537    -0.02703    -0.02273    -0.06903    -0.02071    -0.02653    -0.02469    -0.00246    -0.00236    -0.01531    -0.00112    -0.00363    -0.00055    -0.00138    -0.30959
     5.76993    -0.02997    -0.04031    -0.03108    -0.03620    -0.02139    -0.07698    -0.02664    -0.02787    -0.02647    -0.00212    -0.00341    -0.01647    -0.00091    -0.00533    -0.00065    -0.00184    -0.34763
     5.79393    -0.04103    -0.06225    -0.03739    -0.03588    -0.02430    -0.09540    -0.03655    -0.04244    -0.01839    -0.00420    -0.00542    -0.02526    -0.00091    -0.00421    -0.00078    -0.00117    -0.43557
     5.81793    -0.03693    -0.05039    -0.03581    -0.03461    -0.03012    -0.08844    -0.04346    -0.03837    -0.01390    -0.00578    -0.00678    -0.02336    -0.00092    -0.00449    -0.00055    -0.00085    -0.41476
     5.84193    -0.02652    -0.02841    -0.03817    -0.03311    -0.01843    -0.05846    -0.05282    -0.03288    -0.01054    -0.00628    -0.00487    -0.01952    -0.00087    -0.00522    -0.00038    -0.00075    -0.33721
     5.86593    -0.02685    -0.03864    -0.03768    -0.03243    -0.02147    -0.06896    -0.05164    -0.04016    -0.01059    -0.00766    -0.00469    -0.02057    -0.00106    -0.00541    -0.00056    -0.00093    -0.36931
     5.88993    -0.02428    -0.03656    -0.03790    -0.03696    -0.02297    -0.06405    -0.04302    -0.03992    -0.01079    -0.00732    -0.00442    -0.01616    -0.00104    -0.00713    -0.00072    -0.00098    -0.35422
     5.91393    -0.01889    -0.03398    -0.03491    -0.04082    -0.02510    -0.04735    -0.02988    -0.03056    -0.00893    -0.00491    -0.00304    -0.01171    -0.00072    -0.00783    -0.00052    -0.00073    -0.29989
     5.93793    -0.02278    -0.05005    -0.05431    -0.07102    -0.06111    -0.07032    -0.04545    -0.05058    -0.01453    -0.00801    -0.00330    -0.01728    -0.00116    -0.01407    -0.00079    -0.00181    -0.48658
     5.96193    -0.02317    -0.06792    -0.06598    -0.08839    -0.05037    -0.09612    -0.07451    -0.03676    -0.02117    -0.00929    -0.00461    -0.02077    -0.00176    -0.01097    -0.00128    -0.00198    -0.57505
     5.98593    -0.01939    -0.05242    -0.03107    -0.07059    -0.03308    -0.06434    -0.03192    -0.04139    -0.01274    -0.00639    -0.00472    -0.01609    -0.00149    -0.01989    -0.00081    -0.00257    -0.40890
     6.00993    -0.01869    -0.04852    -0.02656    -0.06804    -0.02548    -0.06055    -0.02465    -0.05473    -0.01254    -0.00620    -0.00526    -0.01529    -0.00100    -0.02543    -0.00066    -0.00307    -0.39667
     6.03393    -0.01488    -0.03102    -0.02600    -0.05771    -0.02169    -0.04459    -0.02408    -0.04254    -0.00988    -0.00589    -0.00603    -0.01265    -0.00094    -0.01903    -0.00060    -0.00225    -0.31978
     6.05793    -0.01653    -0.04373    -0.03761    -0.03777    -0.02006    -0.04440    -0.04034    -0.04068    -0.01242    -0.00607    -0.00892    -0.01365    -0.00147    -0.01695    -0.00070    -0.00212    -0.34342
     6.08193    -0.02364    -0.03863    -0.03386    -0.04783    -0.01926    -0.03621    -0.03961    -0.04831    -0.01678    -0.00593    -0.01134    -0.01169    -0.00152    -0.01867    -0.00091    -0.00274    -0.35692
     6.10593    -0.03215    -0.04237    -0.03553    -0.06438    -0.02318    -0.05535    -0.04300    -0.09435    -0.02309    -0.00665    -0.00929    -0.01445    -0.00168    -0.04252    -0.00119    -0.00541    -0.49458
     6.12993    -0.03417    -0.05603    -0.03537    -0.06080    -0.02378    -0.04776    -0.04422    -0.07342    -0.02155    -0.00636    -0.00792    -0.01162    -0.00329    -0.02596    -0.00117    -0.00388    -0.45730
     6.15393    -0.02869    -0.05660    -0.03417    -0.04805    -0.02828    -0.03731    -0.03634    -0.07095    -0.01558    -0.00687    -0.00854    -0.00983    -0.00250    -0.02242    -0.00094    -0.00351    -0.41058
     6.17793    -0.02933    -0.05219    -0.03036    -0.03870    -0.02019    -0.03272    -0.03189    -0.05841    -0.01311    -0.00424    -0.00626    -0.00838    -0.00234    -0.01398    -0.00090    -0.00280    -0.34581
     6.20193    -0.03244    -0.06129    -0.02884    -0.03850    -0.01757    -0.03151    -0.02894    -0.06033    -0.01194    -0.00261    -0.00510    -0.00718    -0.00236    -0.01302    -0.00076    -0.00329    -0.34567
     6.22593    -0.03518    -0.06067    -0.02837    -0.03915    -0.01761    -0.02912    -0.03085    -0.06935    -0.01322    -0.00215    -0.00474    -0.00692    -0.00278    -0.01736    -0.00076    -0.00506    -0.36328
     6.24993    -0.03090    -0.05721    -0.02910    -0.04077    -0.01788    -0.02738    -0.03306    -0.06644    -0.01372    -0.00166    -0.00429    -0.00660    -0.00303    -0.01962    -0.00080    -0.00415    -0.35661
     6.27393    -0.02890    -0.05955    -0.02692    -0.04046    -0.01912    -0.02799    -0.03067    -0.05866    -0.01393    -0.00158    -0.00421    -0.00650    -0.00340    -0.01886    -0.00084    -0.00305    -0.34464
     6.29793    -0.02481    -0.05282    -0.02782    -0.03751    -0.01726    -0.02694    -0.03012    -0.06436    -0.01511    -0.00140    -0.00424    -0.00642    -0.00391    -0.02119    -0.00086    -0.00281    -0.33758
     6.32193    -0.02309    -0.04638    -0.02634    -0.03570    -0.01901    -0.02559    -0.02892    -0.05247    -0.01461    -0.00133    -0.00407    -0.00631    -0.00411    -0.01659    -0.00082    -0.00222    -0.30755
     6.34593    -0.02624    -0.05395    -0.02897    -0.04023    -0.02183    -0.02932    -0.03483    -0.05920    -0.01587    -0.00181    -0.00429    -0.00675    -0.00473    -0.01923    -0.00084    -0.00276    -0.35085
     6.36993    -0.02606    -0.04514    -0.02412    -0.05262    -0.02261    -0.02801    -0.03704    -0.05451    -0.02380    -0.00197    -0.00431    -0.00600    -0.00366    -0.01593    -0.00122    -0.00268    -0.34968
     6.39393    -0.03121    -0.04488    -0.02446    -0.05127    -0.02891    -0.03008    -0.03762    -0.05804    -0.02615    -0.00226    -0.00508    -0.00666    -0.00492    -0.01690    -0.00136    -0.00370    -0.37350
     6.41693    -0.03020    -0.03855    -0.02350    -0.04445    -0.02698    -0.02602    -0.03766    -0.05867    -0.01973    -0.00209    -0.00440    -0.00581    -0.00430    -0.01487    -0.00108    -0.00257    -0.34088
     6.44093    -0.03921    -0.04041    -0.02517    -0.04333    -0.03705    -0.02978    -0.05038    -0.08068    -0.01917    -0.00243    -0.00396    -0.00676    -0.00589    -0.01798    -0.00109    -0.00267    -0.40597
     6.46493    -0.03754    -0.04406    -0.02522    -0.04847    -0.02610    -0.02360    -0.05971    -0.07113    -0.02091    -0.00203    -0.00341    -0.00590    -0.00519    -0.01588    -0.00149    -0.00261    -0.39324
     6.48893    -0.04427    -0.04061    -0.02602    -0.04875    -0.02239    -0.02470    -0.06944    -0.04983    -0.02163    -0.00223    -0.00310    -0.00657    -0.00567    -0.01261    -0.00163    -0.00201    -0.38146
     6.51293    -0.04775    -0.03776    -0.02317    -0.05743    -0.02744    -0.02380    -0.06527    -0.04294    -0.02328    -0.00220    -0.00330    -0.00610    -0.00526    -0.01136    -0.00175    -0.00200    -0.38082
     6.53693    -0.06652    -0.05382    -0.03340    -0.08219    -0.03052    -0.02465    -0.08634    -0.05547    -0.02952    -0.00276    -0.00425    -0.00769    -0.00737    -0.02026    -0.00220    -0.00296    -0.50993
     6.56093    -0.07054    -0.05965    -0.02481    -0.09487    -0.03301    -0.02588    -0.10070    -0.06819    -0.03034    -0.00265    -0.00612    -0.00843    -0.00734    -0.02196    -0.00219    -0.00342    -0.56011
     6.58493    -0.04793    -0.04983    -0.02256    -0.08445    -0.02993    -0.02160    -0.05108    -0.04319    -0.02687    -0.00241    -0.00743    -0.00931    -0.00451    -0.01440    -0.00208    -0.00254    -0.42011
     6.60893    -0.05027    -0.04608    -0.02133    -0.06162    -0.02516    -0.03127    -0.04421    -0.03488    -0.03282    -0.00180    -0.00461    -0.00630    -0.00377    -0.01383    -0.00298    -0.00244    -0.38338
     6.63293    -0.04446    -0.04756    -0.01871    -0.04982    -0.02363    -0.01856    -0.04184    -0.03731    -0.02177    -0.00200    -0.00355    -0.00607    -0.00301    -0.01326    -0.00137    -0.00150    -0.33441
     6.65693    -0.04249    -0.05199    -0.02044    -0.04420    -0.02311    -0.01914    -0.04091    -0.03584    -0.02204    -0.00211    -0.00307    -0.00533    -0.00289    -0.01001    -0.00140    -0.00137    -0.32634
     6.68093    -0.04497    -0.05368    -0.02262    -0.04047    -0.02328    -0.01851    -0.04516    -0.04039    -0.02439    -0.00209    -0.00313    -0.00541    -0.00300    -0.01216    -0.00152    -0.00167    -0.34246
     6.70493    -0.05361    -0.06945    -0.03588    -0.04305    -0.02349    -0.01995    -0.06307    -0.04255    -0.02651    -0.00245    -0.00351    -0.00988    -0.00510    -0.01242    -0.00175    -0.00182    -0.41450
     6.72893    -0.04108    -0.03753    -0.02523    -0.04490    -0.02296    -0.01635    -0.05442    -0.05259    -0.01661    -0.00155    -0.00301    -0.00661    -0.00278    -0.01488    -0.00102    -0.00159    -0.34311
     6.75293    -0.03505    -0.03920    -0.02529    -0.04526    -0.02381    -0.01756    -0.04766    -0.04808    -0.01626    -0.00156    -0.00290    -0.00684    -0.00228    -0.01211    -0.00112    -0.00159    -0.32658
     6.77693    -0.02899    -0.04299    -0.02476    -0.04329    -0.02543    -0.01647    -0.04420    -0.03605    -0.01568    -0.00164    -0.00290    -0.00687    -0.00215    -0.00933    -0.00123    -0.00168    -0.30366
     6.80093    -0.03642    -0.04988    -0.03210    -0.05128    -0.03240    -0.01914    -0.05703    -0.03627    -0.01650    -0.00153    -0.00419    -0.00736    -0.00286    -0.01088    -0.00161    -0.00391    -0.36336
     6.82493    -0.03691    -0.05956    -0.03258    -0.06943    -0.03008    -0.02476    -0.06269    -0.04712    -0.01856    -0.00160    -0.00416    -0.00799    -0.00351    -0.01057    -0.00147    -0.00287    -0.41387
     6.84893    -0.03952    -0.06818    -0.02958    -0.07861    -0.02439    -0.02391    -0.05591    -0.04263    -0.01893    -0.00178    -0.00472    -0.00892    -0.00412    -0.00999    -0.00142    -0.00235    -0.41495
     6.87293    -0.10710    -0.05994    -0.02226    -0.07950    -0.01937    -0.02640    -0.14340    -0.03655    -0.02885    -0.00221    -0.00304    -0.00917    -0.01884    -0.00924    -0.00164    -0.00156    -0.56906
     6.89693    -0.02529    -0.05095    -0.01811    -0.05256    -0.01790    -0.01962    -0.03696    -0.03256    -0.01313    -0.00154    -0.00259    -0.00601    -0.00263    -0.00814    -0.00093    -0.00133    -0.29024
     6.92093    -0.03867    -0.05187    -0.02604    -0.07622    -0.02579    -0.02243    -0.06234    -0.03384    -0.01542    -0.00204    -0.00253    -0.00777    -0.00324    -0.01062    -0.00103    -0.00165    -0.38149
     6.94493    -0.04454    -0.05496    -0.01957    -0.06217    -0.02237    -0.02216    -0.07053    -0.03752    -0.01612    -0.00209    -0.00278    -0.00739    -0.00301    -0.00986    -0.00087    -0.00131    -0.37725
     6.96893    -0.04004    -0.05355    -0.02059    -0.07042    -0.02086    -0.02002    -0.07207    -0.03972    -0.01556    -0.00182    -0.00316    -0.00664    -0.00275    -0.00948    -0.00112    -0.00143    -0.37923
     6.99293    -0.03969    -0.05424    -0.02519    -0.08882    -0.01977    -0.01971    -0.07896    -0.04699    -0.01679    -0.00185    -0.00358    -0.00663    -0.00294    -0.01033    -0.00153    -0.00175    -0.41876
     7.01693    -0.04379    -0.07081    -0.02890    -0.19700    -0.01929    -0.02123    -0.09678    -0.05331    -0.02370    -0.00198    -0.00468    -0.00684    -0.00391    -0.01121    -0.00274    -0.00275    -0.58891
     7.04093    -0.03124    -0.04098    -0.02346    -0.09306    -0.01482    -0.01490    -0.07200    -0.04707    -0.01831    -0.00176    -0.00459    -0.00616    -0.00245    -0.00913    -0.00209    -0.00195    -0.38397
     7.06493    -0.03139    -0.04397    -0.02317    -0.08923    -0.01860    -0.01719    -0.06905    -0.04687    -0.01948    -0.00188    -0.00643    -0.00670    -0.00223    -0.00933    -0.00227    -0.00222    -0.39000
     7.08893    -0.03850    -0.05708    -0.02700    -0.09634    -0.02293    -0.02653    -0.06573    -0.04459    -0.02117    -0.00205    -0.00944    -0.00776    -0.00291    -0.00913    -0.00293    -0.00256    -0.43665
     7.11293    -0.02633    -0.04351    -0.02496    -0.09647    -0.02056    -0.01755    -0.08051    -0.03669    -0.01857    -0.00225    -0.00817    -0.00590    -0.00187    -0.00715    -0.00174    -0.00263    -0.39487
     7.13693    -0.02831    -0.03593    -0.01944    -0.14320    -0.02224    -0.01589    -0.06576    -0.06542    -0.02253    -0.00188    -0.00762    -0.00477    -0.00163    -0.00752    -0.00273    -0.00573    -0.45059
     7.16093    -0.03567    -0.03759    -0.02079    -0.15460    -0.02229    -0.01970    -0.06222    -0.08406    -0.02592    -0.00223    -0.00755    -0.00591    -0.00210    -0.01205    -0.00263    -0.00585    -0.50116
     7.18493    -0.02177    -0.03107    -0.01442    -0.06476    -0.01738    -0.01828    -0.04061    -0.03144    -0.01579    -0.00165    -0.00343    -0.00515    -0.00111    -0.00979    -0.00078    -0.00188    -0.27931
     7.20893    -0.02331    -0.03392    -0.01407    -0.04323    -0.01588    -0.01859    -0.03220    -0.03028    -0.01205    -0.00206    -0.00353    -0.00634    -0.00090    -0.00824    -0.00064    -0.00190    -0.24715
     7.23293    -0.08002    -0.03634    -0.01281    -0.06521    -0.01576    -0.02643    -0.10700    -0.03545    -0.01257    -0.00421    -0.00394    -0.01642    -0.00236    -0.01204    -0.00173    -0.00266    -0.43496
     7.25693    -0.02709    -0.04397    -0.01384    -0.03847    -0.01504    -0.02134    -0.04110    -0.02605    -0.01485    -0.00217    -0.00406    -0.00773    -0.00120    -0.00665    -0.00094    -0.00182    -0.26632
     7.28093    -0.03669    -0.05188    -0.02040    -0.04931    -0.01603    -0.02305    -0.05497    -0.02712    -0.01678    -0.00210    -0.00449    -0.00817    -0.00138    -0.00666    -0.00113    -0.00200    -0.32218
     7.30393    -0.04526    -0.05718    -0.02506    -0.05365    -0.01822    -0.02387    -0.06031    -0.02810    -0.01872    -0.00223    -0.00525    -0.00920    -0.00167    -0.00744    -0.00139    -0.00201    -0.35957
     7.32793    -0.04494    -0.05786    -0.02406    -0.04541    -0.01497    -0.03054    -0.05305    -0.02469    -0.02044    -0.00244    -0.00544    -0.01024    -0.00168    -0.00672    -0.00162    -0.00179    -0.34588
     7.35193    -0.04075    -0.05775    -0.02231    -0.04112    -0.01491    -0.02591    -0.05302    -0.02803    -0.02143    -0.00231    -0.00583    -0.00968    -0.00160    -0.00632    -0.00178    -0.00210    -0.33484
     7.37593    -0.03929    -0.05564    -0.02759    -0.04208    -0.01829    -0.02726    -0.04907    -0.02924    -0.02139    -0.00206    -0.00681    -0.00779    -0.00169    -0.00714    -0.00189    -0.00263    -0.33986
     7.39993    -0.03626    -0.06481    -0.02504    -0.04293    -0.01945    -0.02650    -0.04829    -0.02869    -0.02215    -0.00201    -0.00909    -0.00849    -0.00184    -0.00726    -0.00181    -0.00286    -0.34747
     7.42393    -0.03718    -0.07609    -0.02245    -0.03267    -0.02739    -0.02338    -0.04521    -0.03001    -0.02370    -0.00239    -0.00973    -0.01039    -0.00200    -0.00819    -0.00167    -0.00320    -0.35566
     7.44793    -0.03562    -0.06433    -0.02304    -0.03607    -0.02620    -0.02089    -0.03676    -0.03279    -0.01868    -0.00236    -0.00892    -0.00995    -0.00198    -0.01116    -0.00142    -0.00349    -0.33365
     7.47193    -0.03430    -0.04884    -0.01971    -0.04607    -0.02350    -0.01792    -0.03179    -0.03394    -0.01351    -0.00179    -0.00791    -0.00866    -0.00213    -0.01409    -0.00109    -0.00292    -0.30817
     7.49593    -0.04371    -0.07027    -0.02097    -0.05496    -0.02410    -0.02287    -0.03688    -0.03544    -0.01685    -0.00191    -0.00842    -0.00880    -0.00279    -0.01683    -0.00113    -0.00296    -0.36889
     7.51993    -0.02996    -0.06678    -0.03252    -0.06492    -0.01991    -0.01592    -0.03488    -0.03254    -0.01308    -0.00174    -0.00845    -0.00717    -0.00218    -0.01595    -0.00099    -0.00315    -0.35014
     7.54393    -0.03160    -0.05550    -0.02404    -0.05970    -0.01813    -0.01758    -0.03785    -0.03139    -0.01124    -0.00141    -0.00724    -0.00671    -0.00165    -0.01478    -0.00090    -0.00267    -0.32239
     7.56793    -0.03489    -0.05704    -0.02113    -0.06920    -0.01851    -0.02417    -0.06040    -0.01880    -0.01133    -0.00212    -0.00893    -0.00585    -0.00192    -0.01658    -0.00081    -0.00328    -0.35496
     7.59193    -0.02869    -0.05195    -0.02185    -0.05659    -0.01790    -0.02062    -0.04382    -0.01733    -0.00882    -0.00193    -0.00958    -0.00588    -0.00183    -0.01324    -0.00075    -0.00254    -0.30332
     7.61593    -0.02284    -0.05268    -0.02169    -0.04526    -0.01563    -0.01664    -0.03379    -0.01378    -0.00701    -0.00182    -0.00749    -0.00425    -0.00189    -0.01167    -0.00065    -0.00212    -0.25921
     7.63993    -0.02193    -0.05351    -0.01867    -0.03971    -0.01654    -0.01499    -0.04740    -0.01544    -0.00852    -0.00215    -0.00645    -0.00338    -0.00233    -0.01591    -0.00071    -0.00253    -0.27017
     7.66393    -0.03073    -0.04213    -0.02404    -0.04409    -0.02054    -0.02048    -0.03450    -0.01671    -0.00721    -0.00210    -0.00848    -0.00434    -0.00280    -0.00817    -0.00112    -0.00192    -0.26934
     7.68793    -0.03889    -0.04192    -0.02322    -0.04748    -0.02184    -0.02205    -0.04161    -0.01384    -0.00935    -0.00217    -0.00964    -0.00476    -0.00354    -0.00786    -0.00149    -0.00131    -0.29097
     7.71193    -0.04360    -0.04613    -0.02119    -0.05304    -0.02523    -0.02155    -0.04473    -0.01316    -0.01196    -0.00208    -0.00954    -0.00481    -0.00386    -0.00849    -0.00179    -0.00130    -0.31245
     7.73593    -0.02965    -0.04060    -0.01550    -0.03781    -0.02156    -0.01582    -0.03155    -0.01154    -0.01148    -0.00171    -0.00743    -0.00382    -0.00261    -0.00626    -0.00178    -0.00103    -0.24015
     7.75993    -0.02812    -0.03814    -0.01636    -0.03434    -0.02144    -0.01918    -0.02950    -0.01138    -0.01212    -0.00182    -0.00681    -0.00437    -0.00240    -0.00530    -0.00185    -0.00110    -0.23423
     7.78393    -0.05210    -0.06805    -0.03418    -0.04915    -0.04437    -0.03443    -0.04687    -0.02618    -0.02108    -0.00420    -0.00910    -0.00688    -0.00394    -0.00583    -0.00330    -0.00240    -0.41206
     7.80793    -0.06293    -0.06012    -0.03069    -0.05375    -0.03866    -0.03662    -0.05988    -0.03211    -0.02041    -0.00353    -0.00846    -0.00767    -0.00461    -0.00742    -0.00327    -0.00263    -0.43276
     7.83193    -0.03345    -0.03356    -0.02142    -0.03944    -0.02327    -0.02421    -0.03302    -0.02046    -0.01434    -0.00274    -0.00625    -0.00517    -0.00291    -0.00609    -0.00233    -0.00205    -0.27072
     7.85593    -0.05879    -0.03112    -0.02944    -0.07931    -0.02184    -0.03000    -0.04083    -0.02728    -0.02693    -0.00315    -0.00555    -0.00642    -0.00413    -0.01689    -0.00510    -0.00358    -0.39035
     7.87993    -0.06115    -0.03793    -0.02841    -0.07263    -0.02329    -0.03173    -0.04251    -0.03036    -0.01944    -0.00367    -0.00706    -0.00884    -0.00464    -0.01506    -0.00480    -0.00296    -0.39448
     7.90393    -0.04450    -0.03355    -0.02513    -0.05954    -0.02049    -0.02142    -0.03639    -0.02222    -0.01328    -0.00310    -0.00533    -0.00650    -0.00388    -0.00768    -0.00293    -0.00211    -0.30805
     7.92793    -0.04773    -0.03717    -0.02361    -0.07765    -0.02265    -0.02333    -0.04464    -0.02531    -0.02411    -0.00325    -0.00561    -0.00731    -0.00544    -0.00741    -0.00373    -0.00321    -0.36217
     7.95193    -0.04783    -0.04840    -0.02369    -0.07039    -0.02535    -0.01868    -0.04391    -0.02609    -0.02780    -0.00311    -0.00579    -0.00701    -0.00566    -0.00675    -0.00371    -0.00402    -0.36818
     7.97593    -0.05194    -0.04102    -0.02577    -0.08364    -0.03976    -0.02759    -0.03550    -0.03033    -0.02726    -0.00364    -0.00750    -0.00729    -0.00588    -0.00887    -0.00520    -0.00634    -0.40753
     7.99993    -0.04003    -0.04196    -0.02234    -0.06987    -0.03134    -0.02594    -0.03327    -0.02787    -0.02481    -0.00334    -0.00709    -0.00674    -0.00569    -0.00688    -0.00487    -0.00491    -0.35695
     8.02393    -0.04325    -0.04608    -0.03489    -0.07494    -0.03191    -0.02387    -0.05207    -0.02813    -0.02085    -0.00363    -0.00679    -0.00584    -0.00600    -0.00856    -0.00347    -0.00456    -0.39484
     8.04793    -0.03310    -0.04278    -0.02842    -0.07138    -0.02787    -0.02114    -0.03809    -0.02982    -0.01850    -0.00314    -0.00635    -0.00540    -0.00509    -0.00769    -0.00289    -0.00479    -0.34647
     8.07193    -0.02881    -0.04644    -0.02253    -0.05356    -0.02446    -0.01773    -0.03018    -0.02234    -0.02082    -0.00325    -0.00479    -0.00479    -0.00378    -0.00766    -0.00228    -0.00426    -0.29766
     8.09593    -0.03653    -0.04824    -0.02057    -0.05244    -0.02379    -0.01778    -0.02967    -0.02291    -0.02995    -0.00371    -0.00492    -0.00485    -0.00415    -0.00966    -0.00262    -0.00368    -0.31548
     8.11993    -0.03662    -0.05860    -0.02845    -0.06261    -0.02648    -0.01972    -0.03014    -0.02689    -0.02547    -0.00365    -0.00607    -0.00617    -0.00547    -0.00988    -0.00275    -0.00388    -0.35285
     8.14393    -0.02902    -0.05701    -0.03403    -0.06938    -0.01928    -0.02484    -0.02568    -0.02746    -0.02233    -0.00430    -0.00562    -0.00839    -0.00583    -0.01420    -0.00207    -0.00417    -0.35361
     8.16793    -0.02196    -0.04367    -0.01678    -0.07429    -0.01675    -0.02044    -0.02080    -0.02384    -0.02190    -0.00321    -0.00542    -0.00524    -0.00365    -0.01042    -0.00217    -0.00445    -0.29499
     8.19193    -0.02324    -0.06002    -0.02032    -0.07548    -0.01838    -0.02468    -0.02692    -0.02843    -0.02375    -0.00318    -0.00554    -0.00671    -0.00436    -0.01051    -0.00270    -0.00527    -0.33951
     8.21493    -0.01912    -0.05222    -0.01772    -0.07009    -0.01675    -0.02264    -0.02337    -0.02661    -0.02191    -0.00285    -0.00433    -0.00508    -0.00360    -0.00920    -0.00200    -0.00511    -0.30261
     8.23893    -0.02849    -0.06812    -0.01930    -0.05693    -0.02322    -0.02548    -0.02557    -0.02972    -0.02347    -0.00363    -0.00506    -0.00722    -0.00610    -0.00679    -0.00254    -0.00559    -0.33722
     8.26293    -0.03426    -0.07686    -0.02189    -0.06205    -0.02614    -0.02417    -0.02588    -0.03244    -0.02229    -0.00399    -0.00526    -0.00770    -0.00702    -0.00687    -0.00297    -0.00605    -0.36584
     8.28693    -0.03174    -0.07249    -0.02179    -0.05695    -0.02359    -0.01999    -0.02346    -0.03018    -0.01945    -0.00352    -0.00629    -0.00691    -0.00491    -0.00551    -0.00275    -0.00573    -0.33526
     8.31093    -0.02221    -0.06529    -0.01775    -0.05132    -0.01898    -0.02100    -0.02214    -0.01937    -0.01457    -0.00398    -0.00726    -0.00766    -0.00371    -0.00577    -0.00268    -0.00461    -0.28830
     8.33493    -0.02442    -0.06811    -0.01787    -0.06418    -0.01926    -0.02179    -0.02699    -0.02058    -0.01346    -0.00450    -0.00783    -0.00857    -0.00420    -0.00619    -0.00312    -0.00516    -0.31624
     8.35893    -0.02168    -0.06241    -0.01339    -0.06151    -0.01696    -0.01953    -0.02738    -0.01933    -0.01207    -0.00420    -0.00696    -0.00735    -0.00416    -0.00579    -0.00347    -0.00447    -0.29067
     8.38293    -0.01855    -0.05924    -0.01166    -0.06128    -0.01365    -0.01752    -0.02994    -0.01545    -0.01171    -0.00401    -0.00597    -0.00617    -0.00379    -0.00536    -0.00319    -0.00385    -0.27133
     8.40693    -0.02301    -0.07769    -0.01302    -0.11780    -0.01610    -0.02461    -0.04296    -0.02058    -0.01279    -0.00487    -0.00861    -0.00840    -0.00451    -0.00668    -0.00565    -0.00512    -0.39240
     8.43093    -0.02184    -0.07412    -0.01081    -0.05630    -0.01336    -0.02104    -0.02587    -0.01648    -0.01204    -0.00421    -0.00690    -0.00627    -0.00352    -0.00662    -0.00358    -0.00471    -0.28767
     8.45493    -0.03433    -0.08199    -0.01542    -0.06300    -0.01711    -0.02389    -0.04293    -0.02931    -0.01898    -0.00450    -0.01009    -0.00430    -0.00412    -0.00905    -0.00439    -0.00598    -0.36939
     8.47893    -0.02558    -0.07244    -0.01328    -0.05804    -0.01888    -0.02468    -0.03189    -0.01712    -0.02042    -0.00469    -0.01314    -0.00440    -0.00381    -0.00869    -0.00458    -0.00739    -0.32903
     8.50293    -0.01776    -0.04548    -0.01407    -0.05062    -0.01731    -0.02217    -0.02527    -0.01344    -0.02429    -0.00372    -0.01083    -0.00349    -0.00349    -0.00789    -0.00361    -0.00509    -0.26854
     8.52693    -0.02326    -0.04533    -0.01802    -0.13240    -0.01880    -0.02754    -0.03139    -0.02054    -0.02350    -0.00408    -0.01071    -0.00453    -0.00581    -0.00894    -0.00917    -0.00773    -0.39175
     8.55093    -0.01845    -0.04367    -0.01758    -0.04607    -0.01996    -0.02267    -0.02340    -0.01811    -0.02043    -0.00434    -0.01068    -0.00370    -0.00383    -0.00892    -0.00392    -0.00506    -0.27078
     8.57493    -0.02051    -0.04620    -0.02289    -0.04512    -0.02124    -0.02403    -0.02254    -0.01804    -0.02342    -0.00474    -0.01078    -0.00410    -0.00404    -0.00933    -0.00406    -0.00464    -0.28568
     8.59893    -0.02721    -0.05105    -0.02924    -0.05549    -0.02694    -0.02815    -0.02367    -0.02497    -0.02698    -0.00551    -0.01200    -0.00493    -0.00507    -0.01186    -0.00471    -0.00653    -0.34430
     8.62293    -0.03178    -0.04945    -0.02823    -0.05906    -0.02290    -0.02332    -0.02276    -0.02339    -0.02751    -0.00530    -0.01286    -0.00499    -0.00537    -0.01047    -0.00567    -0.00575    -0.33882
     8.64693    -0.03173    -0.04447    -0.02629    -0.06206    -0.01844    -0.02288    -0.02358    -0.02399    -0.02722    -0.00532    -0.01254    -0.00510    -0.00535    -0.00979    -0.00583    -0.00561    -0.33020
     8.67093    -0.03043    -0.04005    -0.01756    -0.04030    -0.01561    -0.02247    -0.02129    -0.02204    -0.02608    -0.00550    -0.01083    -0.00495    -0.00418    -0.00776    -0.00509    -0.00545    -0.27958
     8.69493    -0.03776    -0.04347    -0.01948    -0.03856    -0.01602    -0.02509    -0.02551    -0.02478    -0.02914    -0.00572    -0.01330    -0.00613    -0.00438    -0.00904    -0.00560    -0.00632    -0.31031
     8.71893    -0.04187    -0.05765    -0.02371    -0.03534    -0.01774    -0.02619    -0.02781    -0.02766    -0.03291    -0.00677    -0.01394    -0.00617    -0.00398    -0.00886    -0.00532    -0.00576    -0.34170
     8.74293    -0.03384    -0.05618    -0.02041    -0.02493    -0.01726    -0.02207    -0.02393    -0.02157    -0.02375    -0.00572    -0.01173    -0.00620    -0.00290    -0.00697    -0.00339    -0.00313    -0.28397
     8.76693    -0.03546    -0.06985    -0.01890    -0.02464    -0.01676    -0.02108    -0.02482    -0.01273    -0.02251    -0.00559    -0.01042    -0.00552    -0.00266    -0.00601    -0.00318    -0.00287    -0.28301
     8.79093    -0.03411    -0.06504    -0.01841    -0.02964    -0.01876    -0.01943    -0.03098    -0.01341    -0.02435    -0.00526    -0.01035    -0.00582    -0.00258    -0.00556    -0.00337    -0.00311    -0.29017
     8.81493    -0.03028    -0.05555    -0.01676    -0.03280    -0.02060    -0.02004    -0.03023    -0.01229    -0.02230    -0.00484    -0.01102    -0.00559    -0.00222    -0.00515    -0.00346    -0.00366    -0.27680
     8.83893    -0.02796    -0.05625    -0.01556    -0.03686    -0.03139    -0.01983    -0.02810    -0.01217    -0.01973    -0.00459    -0.01325    -0.00436    -0.00220    -0.00515    -0.00367    -0.00453    -0.28560
     8.86293    -0.02833    -0.06576    -0.01619    -0.04061    -0.02797    -0.02268    -0.02738    -0.01316    -0.01932    -0.00514    -0.01296    -0.00434    -0.00233    -0.00529    -0.00404    -0.00518    -0.30068
     8.88693    -0.02448    -0.06717    -0.01356    -0.04683    -0.01883    -0.02106    -0.02365    -0.01460    -0.02027    -0.00577    -0.00869    -0.00350    -0.00233    -0.00615    -0.00457    -0.00734    -0.28880
     8.91093    -0.02659    -0.07311    -0.01426    -0.05528    -0.01919    -0.02218    -0.02409    -0.01705    -0.02007    -0.00709    -0.00860    -0.00362    -0.00269    -0.00679    -0.00504    -0.00785    -0.31350
     8.93493    -0.04772    -0.09304    -0.01639    -0.05649    -0.01675    -0.02874    -0.03377    -0.01539    -0.01834    -0.00865    -0.00861    -0.00534    -0.00456    -0.00933    -0.00568    -0.00542    -0.37423
     8.95893    -0.02552    -0.06967    -0.01360    -0.05955    -0.01288    -0.02027    -0.02732    -0.01539    -0.01891    -0.00707    -0.00760    -0.00370    -0.00303    -0.00867    -0.00507    -0.00481    -0.30306
     8.98293    -0.02982    -0.09059    -0.01969    -0.07952    -0.01481    -0.02341    -0.04917    -0.01834    -0.02483    -0.00897    -0.00962    -0.00496    -0.00379    -0.00977    -0.00657    -0.00537    -0.39924
     9.00693    -0.02909    -0.11220    -0.01941    -0.08988    -0.02157    -0.02710    -0.04212    -0.03600    -0.02753    -0.00889    -0.01036    -0.00683    -0.00458    -0.00974    -0.00645    -0.00636    -0.45811
     9.03093    -0.01887    -0.14530    -0.01480    -0.05413    -0.01938    -0.02262    -0.02747    -0.01551    -0.02641    -0.00865    -0.00954    -0.00494    -0.00351    -0.00853    -0.00468    -0.00588    -0.39021
     9.05493    -0.01872    -0.05110    -0.01405    -0.03181    -0.01650    -0.01307    -0.02015    -0.01099    -0.02291    -0.00643    -0.00613    -0.00347    -0.00273    -0.00526    -0.00372    -0.00483    -0.23188
     9.07893    -0.02166    -0.04829    -0.01432    -0.03118    -0.01815    -0.01218    -0.02052    -0.00992    -0.02613    -0.00667    -0.00694    -0.00376    -0.00340    -0.00528    -0.00412    -0.00551    -0.23801
     9.10193    -0.02732    -0.09442    -0.02114    -0.03923    -0.01748    -0.02058    -0.03008    -0.01169    -0.04073    -0.01106    -0.00901    -0.00482    -0.00558    -0.00647    -0.00591    -0.00750    -0.35300
     9.12593    -0.02980    -0.08028    -0.01877    -0.04296    -0.01885    -0.01892    -0.02813    -0.01373    -0.04586    -0.01232    -0.00854    -0.00558    -0.00628    -0.00680    -0.00680    -0.00960    -0.35321
     9.14993    -0.02595    -0.07053    -0.01469    -0.04444    -0.01597    -0.01994    -0.02097    -0.01171    -0.03486    -0.00768    -0.00758    -0.00500    -0.00654    -0.00588    -0.00753    -0.00862    -0.30788
     9.17393    -0.02629    -0.07592    -0.01718    -0.05853    -0.01818    -0.02331    -0.02573    -0.01388    -0.02358    -0.00824    -0.00883    -0.00505    -0.00711    -0.00824    -0.00781    -0.00894    -0.33682
     9.19793    -0.01941    -0.03718    -0.01534    -0.05004    -0.01422    -0.01098    -0.02332    -0.01206    -0.02453    -0.00512    -0.00825    -0.00471    -0.00652    -0.00826    -0.00754    -0.00643    -0.25392
     9.22193    -0.01597    -0.03432    -0.01583    -0.03580    -0.01302    -0.01167    -0.02333    -0.01185    -0.03532    -0.00558    -0.00692    -0.00368    -0.00541    -0.00704    -0.00845    -0.00609    -0.24030
     9.24593    -0.01854    -0.04194    -0.01825    -0.03834    -0.01624    -0.01291    -0.02325    -0.01311    -0.03752    -0.00576    -0.00801    -0.00417    -0.00513    -0.00741    -0.01019    -0.00834    -0.26911
     9.26993    -0.02296    -0.05248    -0.02448    -0.05073    -0.01980    -0.02034    -0.02454    -0.01730    -0.03161    -0.00714    -0.00931    -0.00566    -0.00457    -0.01084    -0.00932    -0.01407    -0.32515
     9.29393    -0.02751    -0.04681    -0.01968    -0.05894    -0.02123    -0.01995    -0.02171    -0.01758    -0.03264    -0.00822    -0.00840    -0.00447    -0.00457    -0.00891    -0.00802    -0.00929    -0.31793
     9.31793    -0.02558    -0.03904    -0.01138    -0.05090    -0.01918    -0.01796    -0.01483    -0.01309    -0.02737    -0.00764    -0.00555    -0.00312    -0.00360    -0.00688    -0.00560    -0.00568    -0.25739
     9.34193    -0.03149    -0.03975    -0.01059    -0.07694    -0.02398    -0.01669    -0.01869    -0.01772    -0.02992    -0.00864    -0.00536    -0.00335    -0.00500    -0.00757    -0.00537    -0.00606    -0.30712
     9.36593    -0.03767    -0.05228    -0.01154    -0.10680    -0.04331    -0.01296    -0.01917    -0.02660    -0.03507    -0.01367    -0.00552    -0.00456    -0.00659    -0.00790    -0.00788    -0.00600    -0.39753
     9.38993    -0.03409    -0.02993    -0.01217    -0.05012    -0.01739    -0.01149    -0.01859    -0.02218    -0.02772    -0.00816    -0.00467    -0.00548    -0.00604    -0.00711    -0.00492    -0.00489    -0.26497
     9.41393    -0.03497    -0.03845    -0.01649    -0.04893    -0.01641    -0.01650    -0.02328    -0.01986    -0.03678    -0.00760    -0.00442    -0.00536    -0.00706    -0.00699    -0.00726    -0.00485    -0.29520
     9.43793    -0.03987    -0.03956    -0.03399    -0.06689    -0.02036    -0.02247    -0.02567    -0.02094    -0.05624    -0.00727    -0.00418    -0.01019    -0.01063    -0.01030    -0.00794    -0.00588    -0.38238
     9.46193    -0.03705    -0.04364    -0.01924    -0.07032    -0.01965    -0.02360    -0.03031    -0.02546    -0.04557    -0.00781    -0.00423    -0.00719    -0.00975    -0.01059    -0.00978    -0.00619    -0.37038
     9.48593    -0.03476    -0.04583    -0.01957    -0.09326    -0.01802    -0.02733    -0.03382    -0.02839    -0.03498    -0.01264    -0.00508    -0.00556    -0.00964    -0.01107    -0.01274    -0.00683    -0.39952
     9.50993    -0.04735    -0.04225    -0.01301    -0.08372    -0.01893    -0.02030    -0.03198    -0.01903    -0.05225    -0.00899    -0.00596    -0.00556    -0.01818    -0.02091    -0.02083    -0.00690    -0.41616
     9.53393    -0.03159    -0.04772    -0.01144    -0.06241    -0.01079    -0.01497    -0.03155    -0.01386    -0.04374    -0.00561    -0.00698    -0.00496    -0.01504    -0.01734    -0.02263    -0.00521    -0.34584
     9.55793    -0.02840    -0.06288    -0.01201    -0.03567    -0.01006    -0.01352    -0.02968    -0.01120    -0.04382    -0.00481    -0.00498    -0.00536    -0.01751    -0.00871    -0.01666    -0.00485    -0.31013
     9.58193    -0.01870    -0.06767    -0.01346    -0.03093    -0.00937    -0.01357    -0.02818    -0.00892    -0.03287    -0.00554    -0.00356    -0.00335    -0.01378    -0.00632    -0.01249    -0.00356    -0.27228
     9.60593    -0.02251    -0.07214    -0.01356    -0.02979    -0.00843    -0.01563    -0.04141    -0.01362    -0.02685    -0.00705    -0.00312    -0.00314    -0.01407    -0.00807    -0.01319    -0.00435    -0.29693
     9.62993    -0.03306    -0.08814    -0.01580    -0.02894    -0.01892    -0.02393    -0.03421    -0.01697    -0.02975    -0.00674    -0.00422    -0.00229    -0.01709    -0.00903    -0.01346    -0.00517    -0.34773
     9.65393    -0.02833    -0.06753    -0.02115    -0.04371    -0.02052    -0.02326    -0.02717    -0.02206    -0.02687    -0.01006    -0.00517    -0.00252    -0.01594    -0.00864    -0.01259    -0.00549    -0.34100
     9.67793    -0.02611    -0.05348    -0.02166    -0.05056    -0.01490    -0.02244    -0.01912    -0.01795    -0.01969    -0.01170    -0.00491    -0.00287    -0.01074    -0.00713    -0.01000    -0.00575    -0.29901
     9.70193    -0.02445    -0.05390    -0.02448    -0.07733    -0.01607    -0.01739    -0.02140    -0.01880    -0.02141    -0.01176    -0.00526    -0.00363    -0.01006    -0.00879    -0.00975    -0.00734    -0.33183
     9.72593    -0.02229    -0.03543    -0.02153    -0.05050    -0.01694    -0.01377    -0.02380    -0.01662    -0.02203    -0.00862    -0.00454    -0.00401    -0.00882    -0.00944    -0.00931    -0.00930    -0.27696
     9.74993    -0.02588    -0.04149    -0.02580    -0.05319    -0.02060    -0.01687    -0.04288    -0.01662    -0.02631    -0.00944    -0.00566    -0.00610    -0.01168    -0.01107    -0.01551    -0.00910    -0.33820
     9.77393    -0.03175    -0.04378    -0.02954    -0.05911    -0.01965    -0.01861    -0.03236    -0.01562    -0.02843    -0.00890    -0.00614    -0.00525    -0.01271    -0.01374    -0.01395    -0.01192    -0.35146
     9.79793    -0.04123    -0.04460    -0.02724    -0.05839    -0.02895    -0.01622    -0.02502    -0.01688    -0.02762    -0.01002    -0.00894    -0.00578    -0.01803    -0.00917    -0.01161    -0.00933    -0.35903
     9.82193    -0.05085    -0.06014    -0.03583    -0.11430    -0.04347    -0.02328    -0.03199    -0.02501    -0.03237    -0.01323    -0.01419    -0.00673    -0.02712    -0.01203    -0.01387    -0.01145    -0.51585
     9.84593    -0.03016    -0.03526    -0.02231    -0.07963    -0.02343    -0.01203    -0.02089    -0.01022    -0.02013    -0.00868    -0.00591    -0.00431    -0.01867    -0.00795    -0.01043    -0.00859    -0.31859
     9.86993    -0.03257    -0.04409    -0.02760    -0.09081    -0.01769    -0.01133    -0.02307    -0.01052    -0.02477    -0.01006    -0.00543    -0.00451    -0.01499    -0.01063    -0.01291    -0.00885    -0.34982
     9.89393    -0.02842    -0.04037    -0.02493    -0.06161    -0.01684    -0.01718    -0.02583    -0.01151    -0.02407    -0.00968    -0.00389    -0.00450    -0.01327    -0.00830    -0.01329    -0.00777    -0.31145
     9.91793    -0.03238    -0.04918    -0.05300    -0.08371    -0.02103    -0.04498    -0.03052    -0.01465    -0.02773    -0.01541    -0.00426    -0.01250    -0.02399    -0.00846    -0.01935    -0.00781    -0.44896
     9.94193    -0.03876    -0.08680    -0.03107    -0.08667    -0.03915    -0.01540    -0.02493    -0.01466    -0.02423    -0.01146    -0.01482    -0.00415    -0.01964    -0.01136    -0.01355    -0.00772    -0.44437
     9.96593    -0.03267    -0.06104    -0.03109    -0.09240    -0.02729    -0.01463    -0.02588    -0.01202    -0.01915    -0.00897    -0.00816    -0.00382    -0.01933    -0.01204    -0.01296    -0.00672    -0.38816
     9.98993    -0.04539    -0.04149    -0.04545    -0.11700    -0.02849    -0.02084    -0.05018    -0.03030    -0.03911    -0.01070    -0.00560    -0.00461    -0.02433    -0.03351    -0.01668    -0.01457    -0.52824
    10.01293    -0.06504    -0.03713    -0.05463    -0.09778    -0.02204    -0.01559    -0.03718    -0.01878    -0.03737    -0.01086    -0.00626    -0.00421    -0.02215    -0.02319    -0.01445    -0.01258    -0.47925
    10.03693    -0.05587    -0.04302    -0.05725    -0.07454    -0.02327    -0.02764    -0.04621    -0.01347    -0.03731    -0.01351    -0.00708    -0.00646    -0.02197    -0.01371    -0.01600    -0.01164    -0.46896
    10.06093    -0.06446    -0.04755    -0.06286    -0.08500    -0.02934    -0.04422    -0.04042    -0.01248    -0.03906    -0.02388    -0.00720    -0.00760    -0.02216    -0.01139    -0.01846    -0.01345    -0.52953
    10.08493    -0.05064    -0.04400    -0.06389    -0.08170    -0.02270    -0.02064    -0.04417    -0.01191    -0.03589    -0.01151    -0.00667    -0.00511    -0.02456    -0.01071    -0.01874    -0.01044    -0.46328
    10.10893    -0.05431    -0.05627    -0.07063    -0.10630    -0.02697    -0.02060    -0.05366    -0.01362    -0.04489    -0.01331    -0.00919    -0.00435    -0.02793    -0.01064    -0.01959    -0.01348    -0.54574
    10.13293    -0.05393    -0.06728    -0.07225    -0.09274    -0.02451    -0.02196    -0.07369    -0.01470    -0.06247    -0.01085    -0.01088    -0.00566    -0.03050    -0.00921    -0.02685    -0.01391    -0.59139
    10.15693    -0.03363    -0.03822    -0.04330    -0.06541    -0.02121    -0.01742    -0.05037    -0.01328    -0.04306    -0.00818    -0.00981    -0.00415    -0.02538    -0.00871    -0.02102    -0.01267    -0.41583
    10.18093    -0.02670    -0.03340    -0.03028    -0.06280    -0.02175    -0.01340    -0.03569    -0.01183    -0.04072    -0.00871    -0.00935    -0.00329    -0.02414    -0.00821    -0.01615    -0.01226    -0.35869
    10.20493    -0.02004    -0.02325    -0.02245    -0.04747    -0.01542    -0.01044    -0.03177    -0.00873    -0.02585    -0.00760    -0.00803    -0.00230    -0.01507    -0.00700    -0.00864    -0.00600    -0.26006
    10.22893    -0.03700    -0.03396    -0.02843    -0.05670    -0.01692    -0.01622    -0.04263    -0.01031    -0.04395    -0.01388    -0.00916    -0.00294    -0.02373    -0.01076    -0.00993    -0.00848    -0.36500
    10.25293    -0.04407    -0.04456    -0.03289    -0.05804    -0.01733    -0.02078    -0.03997    -0.00972    -0.05072    -0.01755    -0.01012    -0.00364    -0.02344    -0.01153    -0.01114    -0.01164    -0.40715
    10.27693    -0.03145    -0.04541    -0.02526    -0.04962    -0.01365    -0.01877    -0.03186    -0.00845    -0.03873    -0.01579    -0.00910    -0.00501    -0.02085    -0.00955    -0.01058    -0.00797    -0.34204
    10.30093    -0.01902    -0.03153    -0.01692    -0.03003    -0.00599    -0.01075    -0.03424    -0.00511    -0.02380    -0.00509    -0.00639    -0.00237    -0.01639    -0.00581    -0.00997    -0.00482    -0.22823
    10.32493    -0.00857    -0.02238    -0.00866    -0.01958    -0.00331    -0.00376    -0.01835    -0.00225    -0.00941    -0.00192    -0.00250    -0.00075    -0.00560    -0.00233    -0.00383    -0.00422    -0.11743
    10.34893    -0.00560    -0.01724    -0.00488    -0.01221    -0.00227    -0.00199    -0.01137    -0.00120    -0.00595    -0.00105    -0.00101    -0.00060    -0.00306    -0.00127    -0.00244    -0.00370    -0.07584
    10.37293    -0.00324    -0.00978    -0.00181    -0.00892    -0.00126    -0.00160    -0.00430    -0.00066    -0.00346    -0.00029    -0.00062    -0.00055    -0.00104    -0.00085    -0.00123    -0.00299    -0.04261
    10.39693    -0.00199    -0.00680    -0.00077    -0.00840    -0.00093    -0.00143    -0.00202    -0.00046    -0.00212    -0.00013    -0.00042    -0.00054    -0.00045    -0.00086    -0.00083    -0.00249    -0.03065
    10.42093    -0.00025    -0.00129    -0.00012    -0.00342    -0.00019    -0.00044    -0.00033    -0.00025    -0.00041    -0.00003    -0.00016    -0.00014    -0.00007    -0.00071    -0.00005    -0.00023    -0.00810
    10.44493    -0.00018    -0.00097    -0.00009    -0.00274    -0.00014    -0.00033    -0.00024    -0.00019    -0.00030    -0.00002    -0.00012    -0.00010    -0.00005    -0.00060    -0.00004    -0.00017    -0.00630
    10.46893    -0.00012    -0.00066    -0.00006    -0.00200    -0.00009    -0.00023    -0.00016    -0.00014    -0.00020    -0.00002    -0.00008    -0.00007    -0.00003    -0.00046    -0.00002    -0.00012    -0.00448
    10.49293    -0.00007    -0.00037    -0.00003    -0.00121    -0.00005    -0.00014    -0.00009    -0.00008    -0.00011    -0.00001    -0.00005    -0.00004    -0.00002    -0.00029    -0.00001    -0.00007    -0.00264
    10.51693    -0.00002    -0.00010    -0.00001    -0.00036    -0.00001    -0.00004    -0.00003    -0.00002    -0.00003    -0.00000    -0.00001    -0.00001    -0.00001    -0.00009    -0.00000    -0.00002    -0.00077
    10.54093     0.00000     0.00000     0.00000     0.00000     0.00000     0.00000     0.00000     0.00000     0.00000     0.00000     0.00000     0.00000     0.00000     0.00000     0.00000     0.00000     0.00000
    10.56493     0.00000     0.00000     0.00000     0.00000     0.00000     0.00000     0.00000     0.00000     0.00000     0.00000     0.00000     0.00000     0.00000     0.00000     0.00000     0.00000     0.00000
    10.58893     0.00000     0.00000     0.00000     0.00000     0.00000     0.00000     0.00000     0.00000     0.00000     0.00000     0.00000     0.00000     0.00000     0.00000     0.00000     0.00000     0.00000
    10.61293     0.00000     0.00000     0.00000     0.00000     0.00000     0.00000     0.00000     0.00000     0.00000     0.00000     0.00000     0.00000     0.00000     0.00000     0.00000     0.00000     0.00000
    10.63693     0.00000     0.00000     0.00000     0.00000     0.00000     0.00000     0.00000     0.00000     0.00000     0.00000     0.00000     0.00000     0.00000     0.00000     0.00000     0.00000     0.00000
    10.66093     0.00000     0.00000     0.00000     0.00000     0.00000     0.00000     0.00000     0.00000     0.00000     0.00000     0.00000     0.00000     0.00000     0.00000     0.00000     0.00000     0.00000
    10.68493     0.00000     0.00000     0.00000     0.00000     0.00000     0.00000     0.00000     0.00000     0.00000     0.00000     0.00000     0.00000     0.00000     0.00000     0.00000     0.00000     0.00000
    10.70893     0.00000     0.00000     0.00000     0.00000     0.00000     0.00000     0.00000     0.00000     0.00000     0.00000     0.00000     0.00000     0.00000     0.00000     0.00000     0.00000     0.00000
    10.73293     0.00000     0.00000     0.00000     0.00000     0.00000     0.00000     0.00000     0.00000     0.00000     0.00000     0.00000     0.00000     0.00000     0.00000     0.00000     0.00000     0.00000
    10.75693     0.00000     0.00000     0.00000     0.00000     0.00000     0.00000     0.00000     0.00000     0.00000     0.00000     0.00000     0.00000     0.00000     0.00000     0.00000     0.00000     0.00000
    10.78093     0.00000     0.00000     0.00000     0.00000     0.00000     0.00000     0.00000     0.00000     0.00000     0.00000     0.00000     0.00000     0.00000     0.00000     0.00000     0.00000     0.00000
    10.80493     0.00000     0.00000     0.00000     0.00000     0.00000     0.00000     0.00000     0.00000     0.00000     0.00000     0.00000     0.00000     0.00000     0.00000     0.00000     0.00000     0.00000
    10.82893     0.00000     0.00000     0.00000     0.00000     0.00000     0.00000     0.00000     0.00000     0.00000     0.00000     0.00000     0.00000     0.00000     0.00000     0.00000     0.00000     0.00000
    10.85293     0.00000     0.00000     0.00000     0.00000     0.00000     0.00000     0.00000     0.00000     0.00000     0.00000     0.00000     0.00000     0.00000     0.00000     0.00000     0.00000     0.00000
    10.87693     0.00000     0.00000     0.00000     0.00000     0.00000     0.00000     0.00000     0.00000     0.00000     0.00000     0.00000     0.00000     0.00000     0.00000     0.00000     0.00000     0.00000
    10.89993     0.00000     0.00000     0.00000     0.00000     0.00000     0.00000     0.00000     0.00000     0.00000     0.00000     0.00000     0.00000     0.00000     0.00000     0.00000     0.00000     0.00000
    10.92393     0.00000     0.00000     0.00000     0.00000     0.00000     0.00000     0.00000     0.00000     0.00000     0.00000     0.00000     0.00000     0.00000     0.00000     0.00000     0.00000     0.00000
    10.94793     0.00000     0.00000     0.00000     0.00000     0.00000     0.00000     0.00000     0.00000     0.00000     0.00000     0.00000     0.00000     0.00000     0.00000     0.00000     0.00000     0.00000
    10.97193     0.00000     0.00000     0.00000     0.00000     0.00000     0.00000     0.00000     0.00000     0.00000     0.00000     0.00000     0.00000     0.00000     0.00000     0.00000     0.00000     0.00000
    10.99593     0.00000     0.00000     0.00000     0.00000     0.00000     0.00000     0.00000     0.00000     0.00000     0.00000     0.00000     0.00000     0.00000     0.00000     0.00000     0.00000     0.00000
    11.01993     0.00000     0.00000     0.00000     0.00000     0.00000     0.00000     0.00000     0.00000     0.00000     0.00000     0.00000     0.00000     0.00000     0.00000     0.00000     0.00000     0.00000
    11.04393     0.00000     0.00000     0.00000     0.00000     0.00000     0.00000     0.00000     0.00000     0.00000     0.00000     0.00000     0.00000     0.00000     0.00000     0.00000     0.00000     0.00000
    11.06793     0.00000     0.00000     0.00000     0.00000     0.00000     0.00000     0.00000     0.00000     0.00000     0.00000     0.00000     0.00000     0.00000     0.00000     0.00000     0.00000     0.00000
    11.09193     0.00000     0.00000     0.00000     0.00000     0.00000     0.00000     0.00000     0.00000     0.00000     0.00000     0.00000     0.00000     0.00000     0.00000     0.00000     0.00000     0.00000
    11.11593     0.00000     0.00000     0.00000     0.00000     0.00000     0.00000     0.00000     0.00000     0.00000     0.00000     0.00000     0.00000     0.00000     0.00000     0.00000     0.00000     0.00000
    11.13993     0.00000     0.00000     0.00000     0.00000     0.00000     0.00000     0.00000     0.00000     0.00000     0.00000     0.00000     0.00000     0.00000     0.00000     0.00000     0.00000     0.00000
    11.16393     0.00000     0.00000     0.00000     0.00000     0.00000     0.00000     0.00000     0.00000     0.00000     0.00000     0.00000     0.00000     0.00000     0.00000     0.00000     0.00000     0.00000
    11.18793     0.00000     0.00000     0.00000     0.00000     0.00000     0.00000     0.00000     0.00000     0.00000     0.00000     0.00000     0.00000     0.00000     0.00000     0.00000     0.00000     0.00000
    11.21193     0.00000     0.00000     0.00000     0.00000     0.00000     0.00000     0.00000     0.00000     0.00000     0.00000     0.00000     0.00000     0.00000     0.00000     0.00000     0.00000     0.00000
    11.23593     0.00000     0.00000     0.00000     0.00000     0.00000     0.00000     0.00000     0.00000     0.00000     0.00000     0.00000     0.00000     0.00000     0.00000     0.00000     0.00000     0.00000
    11.25993     0.00000     0.00000     0.00000     0.00000     0.00000     0.00000     0.00000     0.00000     0.00000     0.00000     0.00000     0.00000     0.00000     0.00000     0.00000     0.00000     0.00000
    11.28393     0.00000     0.00000     0.00000     0.00000     0.00000     0.00000     0.00000     0.00000     0.00000     0.00000     0.00000     0.00000     0.00000     0.00000     0.00000     0.00000     0.00000
    11.30793     0.00000     0.00000     0.00000     0.00000     0.00000     0.00000     0.00000     0.00000     0.00000     0.00000     0.00000     0.00000     0.00000     0.00000     0.00000     0.00000     0.00000
    11.33193     0.00000     0.00000     0.00000     0.00000     0.00000     0.00000     0.00000     0.00000     0.00000     0.00000     0.00000     0.00000     0.00000     0.00000     0.00000     0.00000     0.00000
    11.35593     0.00000     0.00000     0.00000     0.00000     0.00000     0.00000     0.00000     0.00000     0.00000     0.00000     0.00000     0.00000     0.00000     0.00000     0.00000     0.00000     0.00000
    11.37993     0.00000     0.00000     0.00000     0.00000     0.00000     0.00000     0.00000     0.00000     0.00000     0.00000     0.00000     0.00000     0.00000     0.00000     0.00000     0.00000     0.00000
    11.40393     0.00000     0.00000     0.00000     0.00000     0.00000     0.00000     0.00000     0.00000     0.00000     0.00000     0.00000     0.00000     0.00000     0.00000     0.00000     0.00000     0.00000
    11.42793     0.00000     0.00000     0.00000     0.00000     0.00000     0.00000     0.00000     0.00000     0.00000     0.00000     0.00000     0.00000     0.00000     0.00000     0.00000     0.00000     0.00000
    11.45193     0.00000     0.00000     0.00000     0.00000     0.00000     0.00000     0.00000     0.00000     0.00000     0.00000     0.00000     0.00000     0.00000     0.00000     0.00000     0.00000     0.00000
    11.47593     0.00000     0.00000     0.00000     0.00000     0.00000     0.00000     0.00000     0.00000     0.00000     0.00000     0.00000     0.00000     0.00000     0.00000     0.00000     0.00000     0.00000
    11.49993     0.00000     0.00000     0.00000     0.00000     0.00000     0.00000     0.00000     0.00000     0.00000     0.00000     0.00000     0.00000     0.00000     0.00000     0.00000     0.00000     0.00000
    11.52393     0.00000     0.00000     0.00000     0.00000     0.00000     0.00000     0.00000     0.00000     0.00000     0.00000     0.00000     0.00000     0.00000     0.00000     0.00000     0.00000     0.00000
    11.54793     0.00000     0.00000     0.00000     0.00000     0.00000     0.00000     0.00000     0.00000     0.00000     0.00000     0.00000     0.00000     0.00000     0.00000     0.00000     0.00000     0.00000
    11.57193     0.00000     0.00000     0.00000     0.00000     0.00000     0.00000     0.00000     0.00000     0.00000     0.00000     0.00000     0.00000     0.00000     0.00000     0.00000     0.00000     0.00000
    11.59593     0.00000     0.00000     0.00000     0.00000     0.00000     0.00000     0.00000     0.00000     0.00000     0.00000     0.00000     0.00000     0.00000     0.00000     0.00000     0.00000     0.00000
    11.61993     0.00000     0.00000     0.00000     0.00000     0.00000     0.00000     0.00000     0.00000     0.00000     0.00000     0.00000     0.00000     0.00000     0.00000     0.00000     0.00000     0.00000
    11.64393     0.00000     0.00000     0.00000     0.00000     0.00000     0.00000     0.00000     0.00000     0.00000     0.00000     0.00000     0.00000     0.00000     0.00000     0.00000     0.00000     0.00000
    11.66793     0.00000     0.00000     0.00000     0.00000     0.00000     0.00000     0.00000     0.00000     0.00000     0.00000     0.00000     0.00000     0.00000     0.00000     0.00000     0.00000     0.00000
    11.69193     0.00000     0.00000     0.00000     0.00000     0.00000     0.00000     0.00000     0.00000     0.00000     0.00000     0.00000     0.00000     0.00000     0.00000     0.00000     0.00000     0.00000
    11.71593     0.00000     0.00000     0.00000     0.00000     0.00000     0.00000     0.00000     0.00000     0.00000     0.00000     0.00000     0.00000     0.00000     0.00000     0.00000     0.00000     0.00000
    11.73993     0.00000     0.00000     0.00000     0.00000     0.00000     0.00000     0.00000     0.00000     0.00000     0.00000     0.00000     0.00000     0.00000     0.00000     0.00000     0.00000     0.00000
    11.76393     0.00000     0.00000     0.00000     0.00000     0.00000     0.00000     0.00000     0.00000     0.00000     0.00000     0.00000     0.00000     0.00000     0.00000     0.00000     0.00000     0.00000
    11.78793     0.00000     0.00000     0.00000     0.00000     0.00000     0.00000     0.00000     0.00000     0.00000     0.00000     0.00000     0.00000     0.00000     0.00000     0.00000     0.00000     0.00000
    11.81093     0.00000     0.00000     0.00000     0.00000     0.00000     0.00000     0.00000     0.00000     0.00000     0.00000     0.00000     0.00000     0.00000     0.00000     0.00000     0.00000     0.00000
    11.83493     0.00000     0.00000     0.00000     0.00000     0.00000     0.00000     0.00000     0.00000     0.00000     0.00000     0.00000     0.00000     0.00000     0.00000     0.00000     0.00000     0.00000
    11.85893     0.00000     0.00000     0.00000     0.00000     0.00000     0.00000     0.00000     0.00000     0.00000     0.00000     0.00000     0.00000     0.00000     0.00000     0.00000     0.00000     0.00000
    11.88293     0.00000     0.00000     0.00000     0.00000     0.00000     0.00000     0.00000     0.00000     0.00000     0.00000     0.00000     0.00000     0.00000     0.00000     0.00000     0.00000     0.00000
    11.90693     0.00000     0.00000     0.00000     0.00000     0.00000     0.00000     0.00000     0.00000     0.00000     0.00000     0.00000     0.00000     0.00000     0.00000     0.00000     0.00000     0.00000
    11.93093     0.00000     0.00000     0.00000     0.00000     0.00000     0.00000     0.00000     0.00000     0.00000     0.00000     0.00000     0.00000     0.00000     0.00000     0.00000     0.00000     0.00000
    11.95493     0.00000     0.00000     0.00000     0.00000     0.00000     0.00000     0.00000     0.00000     0.00000     0.00000     0.00000     0.00000     0.00000     0.00000     0.00000     0.00000     0.00000
    11.97893     0.00000     0.00000     0.00000     0.00000     0.00000     0.00000     0.00000     0.00000     0.00000     0.00000     0.00000     0.00000     0.00000     0.00000     0.00000     0.00000     0.00000
    12.00293     0.00000     0.00000     0.00000     0.00000     0.00000     0.00000     0.00000     0.00000     0.00000     0.00000     0.00000     0.00000     0.00000     0.00000     0.00000     0.00000     0.00000
    12.02693     0.00000     0.00000     0.00000     0.00000     0.00000     0.00000     0.00000     0.00000     0.00000     0.00000     0.00000     0.00000     0.00000     0.00000     0.00000     0.00000     0.00000
    12.05093     0.00000     0.00000     0.00000     0.00000     0.00000     0.00000     0.00000     0.00000     0.00000     0.00000     0.00000     0.00000     0.00000     0.00000     0.00000     0.00000     0.00000
    12.07493     0.00000     0.00000     0.00000     0.00000     0.00000     0.00000     0.00000     0.00000     0.00000     0.00000     0.00000     0.00000     0.00000     0.00000     0.00000     0.00000     0.00000
    12.09893     0.00000     0.00000     0.00000     0.00000     0.00000     0.00000     0.00000     0.00000     0.00000     0.00000     0.00000     0.00000     0.00000     0.00000     0.00000     0.00000     0.00000
    12.12293     0.00000     0.00000     0.00000     0.00000     0.00000     0.00000     0.00000     0.00000     0.00000     0.00000     0.00000     0.00000     0.00000     0.00000     0.00000     0.00000     0.00000
    12.14693     0.00000     0.00000     0.00000     0.00000     0.00000     0.00000     0.00000     0.00000     0.00000     0.00000     0.00000     0.00000     0.00000     0.00000     0.00000     0.00000     0.00000
    12.17093     0.00000     0.00000     0.00000     0.00000     0.00000     0.00000     0.00000     0.00000     0.00000     0.00000     0.00000     0.00000     0.00000     0.00000     0.00000     0.00000     0.00000
    12.19493     0.00000     0.00000     0.00000     0.00000     0.00000     0.00000     0.00000     0.00000     0.00000     0.00000     0.00000     0.00000     0.00000     0.00000     0.00000     0.00000     0.00000
    12.21893     0.00000     0.00000     0.00000     0.00000     0.00000     0.00000     0.00000     0.00000     0.00000     0.00000     0.00000     0.00000     0.00000     0.00000     0.00000     0.00000     0.00000
    12.24293     0.00000     0.00000     0.00000     0.00000     0.00000     0.00000     0.00000     0.00000     0.00000     0.00000     0.00000     0.00000     0.00000     0.00000     0.00000     0.00000     0.00000
    12.26693     0.00000     0.00000     0.00000     0.00000     0.00000     0.00000     0.00000     0.00000     0.00000     0.00000     0.00000     0.00000     0.00000     0.00000     0.00000     0.00000     0.00000
    12.29093     0.00000     0.00000     0.00000     0.00000     0.00000     0.00000     0.00000     0.00000     0.00000     0.00000     0.00000     0.00000     0.00000     0.00000     0.00000     0.00000     0.00000
    12.31493     0.00000     0.00000     0.00000     0.00000     0.00000     0.00000     0.00000     0.00000     0.00000     0.00000     0.00000     0.00000     0.00000     0.00000     0.00000     0.00000     0.00000
    12.33893     0.00000     0.00000     0.00000     0.00000     0.00000     0.00000     0.00000     0.00000     0.00000     0.00000     0.00000     0.00000     0.00000     0.00000     0.00000     0.00000     0.00000
    12.36293     0.00000     0.00000     0.00000     0.00000     0.00000     0.00000     0.00000     0.00000     0.00000     0.00000     0.00000     0.00000     0.00000     0.00000     0.00000     0.00000     0.00000
    12.38693     0.00000     0.00000     0.00000     0.00000     0.00000     0.00000     0.00000     0.00000     0.00000     0.00000     0.00000     0.00000     0.00000     0.00000     0.00000     0.00000     0.00000
    12.41093     0.00000     0.00000     0.00000     0.00000     0.00000     0.00000     0.00000     0.00000     0.00000     0.00000     0.00000     0.00000     0.00000     0.00000     0.00000     0.00000     0.00000
    12.43493     0.00000     0.00000     0.00000     0.00000     0.00000     0.00000     0.00000     0.00000     0.00000     0.00000     0.00000     0.00000     0.00000     0.00000     0.00000     0.00000     0.00000
    12.45893     0.00000     0.00000     0.00000     0.00000     0.00000     0.00000     0.00000     0.00000     0.00000     0.00000     0.00000     0.00000     0.00000     0.00000     0.00000     0.00000     0.00000
    12.48293     0.00000     0.00000     0.00000     0.00000     0.00000     0.00000     0.00000     0.00000     0.00000     0.00000     0.00000     0.00000     0.00000     0.00000     0.00000     0.00000     0.00000
    12.50693     0.00000     0.00000     0.00000     0.00000     0.00000     0.00000     0.00000     0.00000     0.00000     0.00000     0.00000     0.00000     0.00000     0.00000     0.00000     0.00000     0.00000
    12.53093     0.00000     0.00000     0.00000     0.00000     0.00000     0.00000     0.00000     0.00000     0.00000     0.00000     0.00000     0.00000     0.00000     0.00000     0.00000     0.00000     0.00000
    12.55493     0.00000     0.00000     0.00000     0.00000     0.00000     0.00000     0.00000     0.00000     0.00000     0.00000     0.00000     0.00000     0.00000     0.00000     0.00000     0.00000     0.00000
    12.57893     0.00000     0.00000     0.00000     0.00000     0.00000     0.00000     0.00000     0.00000     0.00000     0.00000     0.00000     0.00000     0.00000     0.00000     0.00000     0.00000     0.00000
    12.60293     0.00000     0.00000     0.00000     0.00000     0.00000     0.00000     0.00000     0.00000     0.00000     0.00000     0.00000     0.00000     0.00000     0.00000     0.00000     0.00000     0.00000
    12.62693     0.00000     0.00000     0.00000     0.00000     0.00000     0.00000     0.00000     0.00000     0.00000     0.00000     0.00000     0.00000     0.00000     0.00000     0.00000     0.00000     0.00000
    12.65093     0.00000     0.00000     0.00000     0.00000     0.00000     0.00000     0.00000     0.00000     0.00000     0.00000     0.00000     0.00000     0.00000     0.00000     0.00000     0.00000     0.00000
    12.67493     0.00000     0.00000     0.00000     0.00000     0.00000     0.00000     0.00000     0.00000     0.00000     0.00000     0.00000     0.00000     0.00000     0.00000     0.00000     0.00000     0.00000
    12.69793     0.00000     0.00000     0.00000     0.00000     0.00000     0.00000     0.00000     0.00000     0.00000     0.00000     0.00000     0.00000     0.00000     0.00000     0.00000     0.00000     0.00000
    12.72193     0.00000     0.00000     0.00000     0.00000     0.00000     0.00000     0.00000     0.00000     0.00000     0.00000     0.00000     0.00000     0.00000     0.00000     0.00000     0.00000     0.00000
    12.74593     0.00000     0.00000     0.00000     0.00000     0.00000     0.00000     0.00000     0.00000     0.00000     0.00000     0.00000     0.00000     0.00000     0.00000     0.00000     0.00000     0.00000
    12.76993     0.00000     0.00000     0.00000     0.00000     0.00000     0.00000     0.00000     0.00000     0.00000     0.00000     0.00000     0.00000     0.00000     0.00000     0.00000     0.00000     0.00000
    12.79393     0.00000     0.00000     0.00000     0.00000     0.00000     0.00000     0.00000     0.00000     0.00000     0.00000     0.00000     0.00000     0.00000     0.00000     0.00000     0.00000     0.00000
    12.81793     0.00000     0.00000     0.00000     0.00000     0.00000     0.00000     0.00000     0.00000     0.00000     0.00000     0.00000     0.00000     0.00000     0.00000     0.00000     0.00000     0.00000
    12.84193     0.00000     0.00000     0.00000     0.00000     0.00000     0.00000     0.00000     0.00000     0.00000     0.00000     0.00000     0.00000     0.00000     0.00000     0.00000     0.00000     0.00000
    12.86593     0.00000     0.00000     0.00000     0.00000     0.00000     0.00000     0.00000     0.00000     0.00000     0.00000     0.00000     0.00000     0.00000     0.00000     0.00000     0.00000     0.00000
    12.88993     0.00000     0.00000     0.00000     0.00000     0.00000     0.00000     0.00000     0.00000     0.00000     0.00000     0.00000     0.00000     0.00000     0.00000     0.00000     0.00000     0.00000
    12.91393     0.00000     0.00000     0.00000     0.00000     0.00000     0.00000     0.00000     0.00000     0.00000     0.00000     0.00000     0.00000     0.00000     0.00000     0.00000     0.00000     0.00000
    12.93793     0.00000     0.00000     0.00000     0.00000     0.00000     0.00000     0.00000     0.00000     0.00000     0.00000     0.00000     0.00000     0.00000     0.00000     0.00000     0.00000     0.00000
    12.96193     0.00000     0.00000     0.00000     0.00000     0.00000     0.00000     0.00000     0.00000     0.00000     0.00000     0.00000     0.00000     0.00000     0.00000     0.00000     0.00000     0.00000
    12.98593     0.00000     0.00000     0.00000     0.00000     0.00000     0.00000     0.00000     0.00000     0.00000     0.00000     0.00000     0.00000     0.00000     0.00000     0.00000     0.00000     0.00000
    13.00993     0.00000     0.00000     0.00000     0.00000     0.00000     0.00000     0.00000     0.00000     0.00000     0.00000     0.00000     0.00000     0.00000     0.00000     0.00000     0.00000     0.00000
    13.03393     0.00000     0.00000     0.00000     0.00000     0.00000     0.00000     0.00000     0.00000     0.00000     0.00000     0.00000     0.00000     0.00000     0.00000     0.00000     0.00000     0.00000
    13.05793     0.00000     0.00000     0.00000     0.00000     0.00000     0.00000     0.00000     0.00000     0.00000     0.00000     0.00000     0.00000     0.00000     0.00000     0.00000     0.00000     0.00000
    13.08193     0.00000     0.00000     0.00000     0.00000     0.00000     0.00000     0.00000     0.00000     0.00000     0.00000     0.00000     0.00000     0.00000     0.00000     0.00000     0.00000     0.00000
    13.10593     0.00000     0.00000     0.00000     0.00000     0.00000     0.00000     0.00000     0.00000     0.00000     0.00000     0.00000     0.00000     0.00000     0.00000     0.00000     0.00000     0.00000
    13.12993     0.00000     0.00000     0.00000     0.00000     0.00000     0.00000     0.00000     0.00000     0.00000     0.00000     0.00000     0.00000     0.00000     0.00000     0.00000     0.00000     0.00000
    13.15393     0.00000     0.00000     0.00000     0.00000     0.00000     0.00000     0.00000     0.00000     0.00000     0.00000     0.00000     0.00000     0.00000     0.00000     0.00000     0.00000     0.00000
    13.17793     0.00000     0.00000     0.00000     0.00000     0.00000     0.00000     0.00000     0.00000     0.00000     0.00000     0.00000     0.00000     0.00000     0.00000     0.00000     0.00000     0.00000
    13.20193     0.00000     0.00000     0.00000     0.00000     0.00000     0.00000     0.00000     0.00000     0.00000     0.00000     0.00000     0.00000     0.00000     0.00000     0.00000     0.00000     0.00000
    13.22593     0.00000     0.00000     0.00000     0.00000     0.00000     0.00000     0.00000     0.00000     0.00000     0.00000     0.00000     0.00000     0.00000     0.00000     0.00000     0.00000     0.00000
    13.24993     0.00000     0.00000     0.00000     0.00000     0.00000     0.00000     0.00000     0.00000     0.00000     0.00000     0.00000     0.00000     0.00000     0.00000     0.00000     0.00000     0.00000
