Energy,s,py,pz,px,dxy,dyz,dz2,dxz,dx2,fy3x2,fxyz,fyz2,fz3,fxz2,fzx2,fx3,tot
-46.65907,0,0,0,0,0,0,0,0,0,0,0,0,0,0,0,0,0
-46.63507,0,0,0,0,0,0,0,0,0,0,0,0,0,0,0,0,0
-46.61107,0,0,0,0,0,0,0,0,0,0,0,0,0,0,0,0,0
-46.58707,0,0,0,0,0,0,0,0,0,0,0,0,0,0,0,0,0
-46.56407,0,0,0,0,0,0,0,0,0,0,0,0,0,0,0,0,0
-46.54007,0,0,0,0,0,0,0,0,0,0,0,0,0,0,0,0,0
-46.51607,0,0,0,0,0,0,0,0,0,0,0,0,0,0,0,0,0
-46.49207,0,0,0,0,0,0,0,0,0,0,0,0,0,0,0,0,0
-46.46807,0,0,0,0,0,0,0,0,0,0,0,0,0,0,0,0,0
-46.44407,0,0,0,0,0,0,0,0,0,0,0,0,0,0,0,0,0
-46.42007,0,0,0,0,0,0,0,0,0,0,0,0,0,0,0,0,0
-46.39607,0,0,0,0,0,0,0,0,0,0,0,0,0,0,0,0,0
-46.37207,0,0,0,0,0,0,0,0,0,0,0,0,0,0,0,0,0
-46.34807,0,0,0,0,0,0,0,0,0,0,0,0,0,0,0,0,0
-46.32407,0,0,0,0,0,0,0,0,0,0,0,0,0,0,0,0,0
-46.30007,0,0,0,0,0,0,0,0,0,0,0,0,0,0,0,0,0
-46.27607,0,0,0,0,0,0,0,0,0,0,0,0,0,0,0,0,0
-46.25207,0,0,0,0,0,0,0,0,0,0,0,0,0,0,0,0,0
-46.22807,0,0,0,0,0,0,0,0,0,0,0,0,0,0,0,0,0
-46.20407,0,0,0,0,0,0,0,0,0,0,0,0,0,0,0,0,0
-46.18007,0,0,0,0,0,0,0,0,0,0,0,0,0,0,0,0,0
-46.15607,0,0,0,0,0,0,0,0,0,0,0,0,0,0,0,0,0
-46.13207,0,0,0,0,0,0,0,0,0,0,0,0,0,0,0,0,0
-46.10807,0,0,0,0,0,0,0,0,0,0,0,0,0,0,0,0,0
-46.08407,0,0,0,0,0,0,0,0,0,0,0,0,0,0,0,0,0
-46.06007,0,0,0,0,0,0,0,0,0,0,0,0,0,0,0,0,0
-46.03607,0,0,0,0,0,0,0,0,0,0,0,0,0,0,0,0,0
-46.01207,0,0,0,0,0,0,0,0,0,0,0,0,0,0,0,0,0
-45.98807,0,0,0,0,0,0,0,0,0,0,0,0,0,0,0,0,0
-45.96407,0,0,0,0,0,0,0,0,0,0,0,0,0,0,0,0,0
-45.94007,0,0,0,0,0,0,0,0,0,0,0,0,0,0,0,0,0
-45.91607,0,0,0,0,0,0,0,0,0,0,0,0,0,0,0,0,0
-45.89207,0,0,0,0,0,0,0,0,0,0,0,0,0,0,0,0,0
-45.86807,0,0,0,0,0,0,0,0,0,0,0,0,0,0,0,0,0
-45.84407,0,0,0,0,0,0,0,0,0,0,0,0,0,0,0,0,0
-45.82007,0,0,0,0,0,0,0,0,0,0,0,0,0,0,0,0,0
-45.79607,0,0,0,0,0,0,0,0,0,0,0,0,0,0,0,0,0
-45.77207,0,0,0,0,0,0,0,0,0,0,0,0,0,0,0,0,0
-45.74807,0,0,0,0,0,0,0,0,0,0,0,0,0,0,0,0,0
-45.72407,0,0,0,0,0,0,0,0,0,0,0,0,0,0,0,0,0
-45.70007,0,0,0,0,0,0,0,0,0,0,0,0,0,0,0,0,0
-45.67607,0,0,0,0,0,0,0,0,0,0,0,0,0,0,0,0,0
-45.65307,0,0,0,0,0,0,0,0,0,0,0,0,0,0,0,0,0
-45.62907,0,0,0,0,0,0,0,0,0,0,0,0,0,0,0,0,0
-45.60507,0,0,0,0,0,0,0,0,0,0,0,0,0,0,0,0,0
-45.58107,0,0,0,0,0,0,0,0,0,0,0,0,0,0,0,0,0
-45.55707,0,0,0,0,0,0,0,0,0,0,0,0,0,0,0,0,0
-45.53307,0,0,0,0,0,0,0,0,0,0,0,0,0,0,0,0,0
-45.50907,0,0,0,0,0,0,0,0,0,0,0,0,0,0,0,0,0
-45.48507,0,0,0,0,0,0,0,0,0,0,0,0,0,0,0,0,0
-45.46107,0,0,0,0,0,0,0,0,0,0,0,0,0,0,0,0,0
-45.43707,0,0,0,0,0,0,0,0,0,0,0,0,0,0,0,0,0
-45.41307,0,0,0,0,0,0,0,0,0,0,0,0,0,0,0,0,0
-45.38907,0,0,0,0,0,0,0,0,0,0,0,0,0,0,0,0,0
-45.36507,0,0,0,0,0,0,0,0,0,0,0,0,0,0,0,0,0
-45.34107,0,0,0,0,0,0,0,0,0,0,0,0,0,0,0,0,0
-45.31707,0,0,0,0,0,0,0,0,0,0,0,0,0,0,0,0,0
-45.29307,0,0,0,0,0,0,0,0,0,0,0,0,0,0,0,0,0
-45.26907,0,0,0,0,0,0,0,0,0,0,0,0,0,0,0,0,0
-45.24507,0,0,0,0,0,0,0,0,0,0,0,0,0,0,0,0,0
-45.22107,0,0,0,0,0,0,0,0,0,0,0,0,0,0,0,0,0
-45.19707,0,0,0,0,0,0,0,0,0,0,0,0,0,0,0,0,0
-45.17307,0,0,0,0,0,0,0,0,0,0,0,0,0,0,0,0,0
-45.14907,0,0,0,0,0,0,0,0,0,0,0,0,0,0,0,0,0
-45.12507,0,0,0,0,0,0,0,0,0,0,0,0,0,0,0,0,0
-45.10107,0,0,0,0,0,0,0,0,0,0,0,0,0,0,0,0,0
-45.07707,0,0,0,0,0,0,0,0,0,0,0,0,0,0,0,0,0
-45.05307,0,0,0,0,0,0,0,0,0,0,0,0,0,0,0,0,0
-45.02907,0,0,0,0,0,0,0,0,0,0,0,0,0,0,0,0,0
-45.00507,0,0,0,0,0,0,0,0,0,0,0,0,0,0,0,0,0
-44.98107,0,0,0,0,0,0,0,0,0,0,0,0,0,0,0,0,0
-44.95707,0,0,0,0,0,0,0,0,0,0,0,0,0,0,0,0,0
-44.93307,0,0,0,0,0,0,0,0,0,0,0,0,0,0,0,0,0
-44.90907,0,0,0,0,0,0,0,0,0,0,0,0,0,0,0,0,0
-44.88507,0,0,0,0,0,0,0,0,0,0,0,0,0,0,0,0,0
-44.86107,0,0,0,0,0,0,0,0,0,0,0,0,0,0,0,0,0
-44.83707,0,0,0,0,0,0,0,0,0,0,0,0,0,0,0,0,0
-44.81307,0,0,0,0,0,0,0,0,0,0,0,0,0,0,0,0,0
-44.78907,0,0,0,0,0,0,0,0,0,0,0,0,0,0,0,0,0
-44.76607,0,0,0,0,0,0,0,0,0,0,0,0,0,0,0,0,0
-44.74207,0,0,0,0,0,0,0,0,0,0,0,0,0,0,0,0,0
-44.71807,0,0,0,0,0,0,0,0,0,0,0,0,0,0,0,0,0
-44.69407,0,0,0,0,0,0,0,0,0,0,0,0,0,0,0,0,0
-44.67007,0,0,0,0,0,0,0,0,0,0,0,0,0,0,0,0,0
-44.64607,0,0,0,0,0,0,0,0,0,0,0,0,0,0,0,0,0
-44.62207,0,0,0,0,0,0,0,0,0,0,0,0,0,0,0,0,0
-44.59807,0,0,0,0,0,0,0,0,0,0,0,0,0,0,0,0,0
-44.57407,0,0,0,0,0,0,0,0,0,0,0,0,0,0,0,0,0
-44.55007,0,0,0,0,0,0,0,0,0,0,0,0,0,0,0,0,0
-44.52607,0,0,0,0,0,0,0,0,0,0,0,0,0,0,0,0,0
-44.50207,0,0,0,0,0,0,0,0,0,0,0,0,0,0,0,0,0
-44.47807,0,0,0,0,0,0,0,0,0,0,0,0,0,0,0,0,0
-44.45407,0,0,0,0,0,0,0,0,0,0,0,0,0,0,0,0,0
-44.43007,0,0,0,0,0,0,0,0,0,0,0,0,0,0,0,0,0
-44.40607,0,0,0,0,0,0,0,0,0,0,0,0,0,0,0,0,0
-44.38207,0,0,0,0,0,0,0,0,0,0,0,0,0,0,0,0,0
-44.35807,0,0,0,0,0,0,0,0,0,0,0,0,0,0,0,0,0
-44.33407,0,0,0,0,0,0,0,0,0,0,0,0,0,0,0,0,0
-44.31007,0,0,0,0,0,0,0,0,0,0,0,0,0,0,0,0,0
-44.28607,0,0,0,0,0,0,0,0,0,0,0,0,0,0,0,0,0
-44.26207,0,0,0,0,0,0,0,0,0,0,0,0,0,0,0,0,0
-44.23807,0,0,0,0,0,0,0,0,0,0,0,0,0,0,0,0,0
-44.21407,0,0,0,0,0,0,0,0,0,0,0,0,0,0,0,0,0
-44.19007,0,0,0,0,0,0,0,0,0,0,0,0,0,0,0,0,0
-44.16607,0,0,0,0,0,0,0,0,0,0,0,0,0,0,0,0,0
-44.14207,0,0,0,0,0,0,0,0,0,0,0,0,0,0,0,0,0
-44.11807,0,0,0,0,0,0,0,0,0,0,0,0,0,0,0,0,0
-44.09407,0,0,0,0,0,0,0,0,0,0,0,0,0,0,0,0,0
-44.07007,0,0,0,0,0,0,0,0,0,0,0,0,0,0,0,0,0
-44.04607,0,0,0,0,0,0,0,0,0,0,0,0,0,0,0,0,0
-44.02207,0,0,0,0,0,0,0,0,0,0,0,0,0,0,0,0,0
-43.99807,0,0,0,0,0,0,0,0,0,0,0,0,0,0,0,0,0
-43.97407,0,0,0,0,0,0,0,0,0,0,0,0,0,0,0,0,0
-43.95007,0,0,0,0,0,0,0,0,0,0,0,0,0,0,0,0,0
-43.92607,0,0,0,0,0,0,0,0,0,0,0,0,0,0,0,0,0
-43.90207,0,0,0,0,0,0,0,0,0,0,0,0,0,0,0,0,0
-43.87807,0,0,0,0,0,0,0,0,0,0,0,0,0,0,0,0,0
-43.85507,0,0,0,0,0,0,0,0,0,0,0,0,0,0,0,0,0
-43.83107,0,0,0,0,0,0,0,0,0,0,0,0,0,0,0,0,0
-43.80707,0,0,0,0,0,0,0,0,0,0,0,0,0,0,0,0,0
-43.78307,0,0,0,0,0,0,0,0,0,0,0,0,0,0,0,0,0
-43.75907,0,0,0,0,0,0,0,0,0,0,0,0,0,0,0,0,0
-43.73507,0,0,0,0,0,0,0,0,0,0,0,0,0,0,0,0,0
-43.71107,0,0,0,0,0,0,0,0,0,0,0,0,0,0,0,0,0
-43.68707,0,0,0,0,0,0,0,0,0,0,0,0,0,0,0,0,0
-43.66307,0,0,0,0,0,0,0,0,0,0,0,0,0,0,0,0,0
-43.63907,0,0,0,0,0,0,0,0,0,0,0,0,0,0,0,0,0
-43.61507,0,0,0,0,0,0,0,0,0,0,0,0,0,0,0,0,0
-43.59107,0,0,0,0,0,0,0,0,0,0,0,0,0,0,0,0,0
-43.56707,0,0,0,0,0,0,0,0,0,0,0,0,0,0,0,0,0
-43.54307,0,0,0,0,0,0,0,0,0,0,0,0,0,0,0,0,0
-43.51907,0,0,0,0,0,0,0,0,0,0,0,0,0,0,0,0,0
-43.49507,0,0,0,0,0,0,0,0,0,0,0,0,0,0,0,0,0
-43.47107,0,0,0,0,0,0,0,0,0,0,0,0,0,0,0,0,0
-43.44707,0,0,0,0,0,0,0,0,0,0,0,0,0,0,0,0,0
-43.42307,0,0,0,0,0,0,0,0,0,0,0,0,0,0,0,0,0
-43.39907,0,0,0,0,0,0,0,0,0,0,0,0,0,0,0,0,0
-43.37507,0,0,0,0,0,0,0,0,0,0,0,0,0,0,0,0,0
-43.35107,0,0,0,0,0,0,0,0,0,0,0,0,0,0,0,0,0
-43.32707,0,0,0,0,0,0,0,0,0,0,0,0,0,0,0,0,0
-43.30307,0,0,0,0,0,0,0,0,0,0,0,0,0,0,0,0,0
-43.27907,0,0,0,0,0,0,0,0,0,0,0,0,0,0,0,0,0
-43.25507,0,0,0,0,0,0,0,0,0,0,0,0,0,0,0,0,0
-43.23107,0,0,0,0,0,0,0,0,0,0,0,0,0,0,0,0,0
-43.20707,0,0,0,0,0,0,0,0,0,0,0,0,0,0,0,0,0
-43.18307,0,0,0,0,0,0,0,0,0,0,0,0,0,0,0,0,0
-43.15907,0,0,0,0,0,0,0,0,0,0,0,0,0,0,0,0,0
-43.13507,0,0,0,0,0,0,0,0,0,0,0,0,0,0,0,0,0
-43.11107,0,0,0,0,0,0,0,0,0,0,0,0,0,0,0,0,0
-43.08707,0,0,0,0,0,0,0,0,0,0,0,0,0,0,0,0,0
-43.06307,0,0,0,0,0,0,0,0,0,0,0,0,0,0,0,0,0
-43.03907,0,0,0,0,0,0,0,0,0,0,0,0,0,0,0,0,0
-43.01507,0,0,0,0,0,0,0,0,0,0,0,0,0,0,0,0,0
-42.99107,0,0,0,0,0,0,0,0,0,0,0,0,0,0,0,0,0
-42.96807,0,0,0,0,0,0,0,0,0,0,0,0,0,0,0,0,0
-42.94407,0,0,0,0,0,0,0,0,0,0,0,0,0,0,0,0,0
-42.92007,0,0,0,0,0,0,0,0,0,0,0,0,0,0,0,0,0
-42.89607,0,0,0,0,0,0,0,0,0,0,0,0,0,0,0,0,0
-42.87207,0,0,0,0,0,0,0,0,0,0,0,0,0,0,0,0,0
-42.84807,0,0,0,0,0,0,0,0,0,0,0,0,0,0,0,0,0
-42.82407,0,0,0,0,0,0,0,0,0,0,0,0,0,0,0,0,0
-42.80007,0,0,0,0,0,0,0,0,0,0,0,0,0,0,0,0,0
-42.77607,0,0,0,0,0,0,0,0,0,0,0,0,0,0,0,0,0
-42.75207,0,0,0,0,0,0,0,0,0,0,0,0,0,0,0,0,0
-42.72807,0,0,0,0,0,0,0,0,0,0,0,0,0,0,0,0,0
-42.70407,0,0,0,0,0,0,0,0,0,0,0,0,0,0,0,0,0
-42.68007,0,0,0,0,0,0,0,0,0,0,0,0,0,0,0,0,0
-42.65607,0,0,0,0,0,0,0,0,0,0,0,0,0,0,0,0,0
-42.63207,0,0,0,0,0,0,0,0,0,0,0,0,0,0,0,0,0
-42.60807,0,0,0,0,0,0,0,0,0,0,0,0,0,0,0,0,0
-42.58407,0,0,0,0,0,0,0,0,0,0,0,0,0,0,0,0,0
-42.56007,0,0,0,0,0,0,0,0,0,0,0,0,0,0,0,0,0
-42.53607,0,0,0,0,0,0,0,0,0,0,0,0,0,0,0,0,0
-42.51207,0,0,0,0,0,0,0,0,0,0,0,0,0,0,0,0,0
-42.48807,0,0,0,0,0,0,0,0,0,0,0,0,0,0,0,0,0
-42.46407,0,0,0,0,0,0,0,0,0,0,0,0,0,0,0,0,0
-42.44007,0,0,0,0,0,0,0,0,0,0,0,0,0,0,0,0,0
-42.41607,0,0,0,0,0,0,0,0,0,0,0,0,0,0,0,0,0
-42.39207,0,0,0,0,0,0,0,0,0,0,0,0,0,0,0,0,0
-42.36807,0,0,0,0,0,0,0,0,0,0,0,0,0,0,0,0,0
-42.34407,0,0,0,0,0,0,0,0,0,0,0,0,0,0,0,0,0
-42.32007,0,0,0,0,0,0,0,0,0,0,0,0,0,0,0,0,0
-42.29607,0,0,0,0,0,0,0,0,0,0,0,0,0,0,0,0,0
-42.27207,0,0,0,0,0,0,0,0,0,0,0,0,0,0,0,0,0
-42.24807,0,0,0,0,0,0,0,0,0,0,0,0,0,0,0,0,0
-42.22407,0,0,0,0,0,0,0,0,0,0,0,0,0,0,0,0,0
-42.20007,0,0,0,0,0,0,0,0,0,0,0,0,0,0,0,0,0
-42.17607,0,0,0,0,0,0,0,0,0,0,0,0,0,0,0,0,0
-42.15207,0,0,0,0,0,0,0,0,0,0,0,0,0,0,0,0,0
-42.12807,0,0,0,0,0,0,0,0,0,0,0,0,0,0,0,0,0
-42.10407,0,0,0,0,0,0,0,0,0,0,0,0,0,0,0,0,0
-42.08007,0,0,0,0,0,0,0,0,0,0,0,0,0,0,0,0,0
-42.05707,0,0,0,0,0,0,0,0,0,0,0,0,0,0,0,0,0
-42.03307,0,0,0,0,0,0,0,0,0,0,0,0,0,0,0,0,0
-42.00907,0,0,0,0,0,0,0,0,0,0,0,0,0,0,0,0,0
-41.98507,0,0,0,0,0,0,0,0,0,0,0,0,0,0,0,0,0
-41.96107,0,0,0,0,0,0,0,0,0,0,0,0,0,0,0,0,0
-41.93707,0,0,0,0,0,0,0,0,0,0,0,0,0,0,0,0,0
-41.91307,0,0,0,0,0,0,0,0,0,0,0,0,0,0,0,0,0
-41.88907,0,0,0,0,0,0,0,0,0,0,0,0,0,0,0,0,0
-41.86507,0,0,0,0,0,0,0,0,0,0,0,0,0,0,0,0,0
-41.84107,0,0,0,0,0,0,0,0,0,0,0,0,0,0,0,0,0
-41.81707,0,0,0,0,0,0,0,0,0,0,0,0,0,0,0,0,0
-41.79307,0,0,0,0,0,0,0,0,0,0,0,0,0,0,0,0,0
-41.76907,0,0,0,0,0,0,0,0,0,0,0,0,0,0,0,0,0
-41.74507,0,0,0,0,0,0,0,0,0,0,0,0,0,0,0,0,0
-41.72107,0,0,0,0,0,0,0,0,0,0,0,0,0,0,0,0,0
-41.69707,0,0,0,0,0,0,0,0,0,0,0,0,0,0,0,0,0
-41.67307,0,0,0,0,0,0,0,0,0,0,0,0,0,0,0,0,0
-41.64907,0,0,0,0,0,0,0,0,0,0,0,0,0,0,0,0,0
-41.62507,0,0,0,0,0,0,0,0,0,0,0,0,0,0,0,0,0
-41.60107,0,0,0,0,0,0,0,0,0,0,0,0,0,0,0,0,0
-41.57707,0,0,0,0,0,0,0,0,0,0,0,0,0,0,0,0,0
-41.55307,0,0,0,0,0,0,0,0,0,0,0,0,0,0,0,0,0
-41.52907,0,0,0,0,0,0,0,0,0,0,0,0,0,0,0,0,0
-41.50507,0,0,0,0,0,0,0,0,0,0,0,0,0,0,0,0,0
-41.48107,0,0,0,0,0,0,0,0,0,0,0,0,0,0,0,0,0
-41.45707,0,0,0,0,0,0,0,0,0,0,0,0,0,0,0,0,0
-41.43307,0,0,0,0,0,0,0,0,0,0,0,0,0,0,0,0,0
-41.40907,0,0,0,0,0,0,0,0,0,0,0,0,0,0,0,0,0
-41.38507,0,0,0,0,0,0,0,0,0,0,0,0,0,0,0,0,0
-41.36107,0,0,0,0,0,0,0,0,0,0,0,0,0,0,0,0,0
-41.33707,0,0,0,0,0,0,0,0,0,0,0,0,0,0,0,0,0
-41.31307,0,0,0,0,0,0,0,0,0,0,0,0,0,0,0,0,0
-41.28907,0,0,0,0,0,0,0,0,0,0,0,0,0,0,0,0,0
-41.26507,0,0,0,0,0,0,0,0,0,0,0,0,0,0,0,0,0
-41.24107,0,0,0,0,0,0,0,0,0,0,0,0,0,0,0,0,0
-41.21707,0,0,0,0,0,0,0,0,0,0,0,0,0,0,0,0,0
-41.19307,0,0,0,0,0,0,0,0,0,0,0,0,0,0,0,0,0
-41.17007,0,0,0,0,0,0,0,0,0,0,0,0,0,0,0,0,0
-41.14607,0,0,0,0,0,0,0,0,0,0,0,0,0,0,0,0,0
-41.12207,0,0,0,0,0,0,0,0,0,0,0,0,0,0,0,0,0
-41.09807,0,0,0,0,0,0,0,0,0,0,0,0,0,0,0,0,0
-41.07407,0,0,0,0,0,0,0,0,0,0,0,0,0,0,0,0,0
-41.05007,0,0,0,0,0,0,0,0,0,0,0,0,0,0,0,0,0
-41.02607,0,0,0,0,0,0,0,0,0,0,0,0,0,0,0,0,0
-41.00207,0,0,0,0,0,0,0,0,0,0,0,0,0,0,0,0,0
-40.97807,0,0,0,0,0,0,0,0,0,0,0,0,0,0,0,0,0
-40.95407,0,0,0,0,0,0,0,0,0,0,0,0,0,0,0,0,0
-40.93007,0,0,0,0,0,0,0,0,0,0,0,0,0,0,0,0,0
-40.90607,0,0,0,0,0,0,0,0,0,0,0,0,0,0,0,0,0
-40.88207,0,0,0,0,0,0,0,0,0,0,0,0,0,0,0,0,0
-40.85807,0,0,0,0,0,0,0,0,0,0,0,0,0,0,0,0,0
-40.83407,0,0,0,0,0,0,0,0,0,0,0,0,0,0,0,0,0
-40.81007,0,0,0,0,0,0,0,0,0,0,0,0,0,0,0,0,0
-40.78607,0,0,0,0,0,0,0,0,0,0,0,0,0,0,0,0,0
-40.76207,0,0,0,0,0,0,0,0,0,0,0,0,0,0,0,0,0
-40.73807,0,0,0,0,0,0,0,0,0,0,0,0,0,0,0,0,0
-40.71407,0,0,0,0,0,0,0,0,0,0,0,0,0,0,0,0,0
-40.69007,0,0,0,0,0,0,0,0,0,0,0,0,0,0,0,0,0
-40.66607,0,0,0,0,0,0,0,0,0,0,0,0,0,0,0,0,0
-40.64207,0,0,0,0,0,0,0,0,0,0,0,0,0,0,0,0,0
-40.61807,0,0,0,0,0,0,0,0,0,0,0,0,0,0,0,0,0
-40.59407,0,0,0,0,0,0,0,0,0,0,0,0,0,0,0,0,0
-40.57007,0,0,0,0,0,0,0,0,0,0,0,0,0,0,0,0,0
-40.54607,0,0,0,0,0,0,0,0,0,0,0,0,0,0,0,0,0
-40.52207,0,0,0,0,0,0,0,0,0,0,0,0,0,0,0,0,0
-40.49807,0,0,0,0,0,0,0,0,0,0,0,0,0,0,0,0,0
-40.47407,0,0,0,0,0,0,0,0,0,0,0,0,0,0,0,0,0
-40.45007,0,0,0,0,0,0,0,0,0,0,0,0,0,0,0,0,0
-40.42607,0,0,0,0,0,0,0,0,0,0,0,0,0,0,0,0,0
-40.40207,0,0,0,0,0,0,0,0,0,0,0,0,0,0,0,0,0
-40.37807,0,0,0,0,0,0,0,0,0,0,0,0,0,0,0,0,0
-40.35407,0,0,0,0,0,0,0,0,0,0,0,0,0,0,0,0,0
-40.33007,0,0,0,0,0,0,0,0,0,0,0,0,0,0,0,0,0
-40.30607,0,0,0,0,0,0,0,0,0,0,0,0,0,0,0,0,0
-40.28207,0,0,0,0,0,0,0,0,0,0,0,0,0,0,0,0,0
-40.25907,0,0,0,0,0,0,0,0,0,0,0,0,0,0,0,0,0
-40.23507,0,0,0,0,0,0,0,0,0,0,0,0,0,0,0,0,0
-40.21107,0,0,0,0,0,0,0,0,0,0,0,0,0,0,0,0,0
-40.18707,0,0,0,0,0,0,0,0,0,0,0,0,0,0,0,0,0
-40.16307,0,0,0,0,0,0,0,0,0,0,0,0,0,0,0,0,0
-40.13907,0,0,0,0,0,0,0,0,0,0,0,0,0,0,0,0,0
-40.11507,0,0,0,0,0,0,0,0,0,0,0,0,0,0,0,0,0
-40.09107,0,0,0,0,0,0,0,0,0,0,0,0,0,0,0,0,0
-40.06707,0,0,0,0,0,0,0,0,0,0,0,0,0,0,0,0,0
-40.04307,0,0,0,0,0,0,0,0,0,0,0,0,0,0,0,0,0
-40.01907,0,0,0,0,0,0,0,0,0,0,0,0,0,0,0,0,0
-39.99507,0,0,0,0,0,0,0,0,0,0,0,0,0,0,0,0,0
-39.97107,0,0,0,0,0,0,0,0,0,0,0,0,0,0,0,0,0
-39.94707,0,0,0,0,0,0,0,0,0,0,0,0,0,0,0,0,0
-39.92307,0,0,0,0,0,0,0,0,0,0,0,0,0,0,0,0,0
-39.89907,0,0,0,0,0,0,0,0,0,0,0,0,0,0,0,0,0
-39.87507,0,0,0,0,0,0,0,0,0,0,0,0,0,0,0,0,0
-39.85107,0,0,0,0,0,0,0,0,0,0,0,0,0,0,0,0,0
-39.82707,0,0,0,0,0,0,0,0,0,0,0,0,0,0,0,0,0
-39.80307,0,0,0,0,0,0,0,0,0,0,0,0,0,0,0,0,0
-39.77907,0,0,0,0,0,0,0,0,0,0,0,0,0,0,0,0,0
-39.75507,0,0,0,0,0,0,0,0,0,0,0,0,0,0,0,0,0
-39.73107,0,0,0,0,0,0,0,0,0,0,0,0,0,0,0,0,0
-39.70707,0,0,0,0,0,0,0,0,0,0,0,0,0,0,0,0,0
-39.68307,0,0,0,0,0,0,0,0,0,0,0,0,0,0,0,0,0
-39.65907,0,0,0,0,0,0,0,0,0,0,0,0,0,0,0,0,0
-39.63507,0,0,0,0,0,0,0,0,0,0,0,0,0,0,0,0,0
-39.61107,0,0,0,0,0,0,0,0,0,0,0,0,0,0,0,0,0
-39.58707,0,0,0,0,0,0,0,0,0,0,0,0,0,0,0,0,0
-39.56307,0,0,0,0,0,0,0,0,0,0,0,0,0,0,0,0,0
-39.53907,0,0,0,0,0,0,0,0,0,0,0,0,0,0,0,0,0
-39.51507,0,0,0,0,0,0,0,0,0,0,0,0,0,0,0,0,0
-39.49107,0,0,0,0,0,0,0,0,0,0,0,0,0,0,0,0,0
-39.46707,0,0,0,0,0,0,0,0,0,0,0,0,0,0,0,0,0
-39.44307,0,0,0,0,0,0,0,0,0,0,0,0,0,0,0,0,0
-39.41907,0,0,0,0,0,0,0,0,0,0,0,0,0,0,0,0,0
-39.39507,0,0,0,0,0,0,0,0,0,0,0,0,0,0,0,0,0
-39.37207,0,0,0,0,0,0,0,0,0,0,0,0,0,0,0,0,0
-39.34807,0,0,0,0,0,0,0,0,0,0,0,0,0,0,0,0,0
-39.32407,0,0,0,0,0,0,0,0,0,0,0,0,0,0,0,0,0
-39.30007,0,0,0,0,0,0,0,0,0,0,0,0,0,0,0,0,0
-39.27607,0,0,0,0,0,0,0,0,0,0,0,0,0,0,0,0,0
-39.25207,0,0,0,0,0,0,0,0,0,0,0,0,0,0,0,0,0
-39.22807,0,0,0,0,0,0,0,0,0,0,0,0,0,0,0,0,0
-39.20407,0,0,0,0,0,0,0,0,0,0,0,0,0,0,0,0,0
-39.18007,0,0,0,0,0,0,0,0,0,0,0,0,0,0,0,0,0
-39.15607,0,0,0,0,0,0,0,0,0,0,0,0,0,0,0,0,0
-39.13207,0,0,0,0,0,0,0,0,0,0,0,0,0,0,0,0,0
-39.10807,0,0,0,0,0,0,0,0,0,0,0,0,0,0,0,0,0
-39.08407,0,0,0,0,0,0,0,0,0,0,0,0,0,0,0,0,0
-39.06007,0,0,0,0,0,0,0,0,0,0,0,0,0,0,0,0,0
-39.03607,0,0,0,0,0,0,0,0,0,0,0,0,0,0,0,0,0
-39.01207,0,0,0,0,0,0,0,0,0,0,0,0,0,0,0,0,0
-38.98807,0,0,0,0,0,0,0,0,0,0,0,0,0,0,0,0,0
-38.96407,0,0,0,0,0,0,0,0,0,0,0,0,0,0,0,0,0
-38.94007,0,0,0,0,0,0,0,0,0,0,0,0,0,0,0,0,0
-38.91607,0,0,0,0,0,0,0,0,0,0,0,0,0,0,0,0,0
-38.89207,0,0,0,0,0,0,0,0,0,0,0,0,0,0,0,0,0
-38.86807,0,0,0,0,0,0,0,0,0,0,0,0,0,0,0,0,0
-38.84407,0,0,0,0,0,0,0,0,0,0,0,0,0,0,0,0,0
-38.82007,0,0,0,0,0,0,0,0,0,0,0,0,0,0,0,0,0
-38.79607,0,0,0,0,0,0,0,0,0,0,0,0,0,0,0,0,0
-38.77207,0,0,0,0,0,0,0,0,0,0,0,0,0,0,0,0,0
-38.74807,0,0,0,0,0,0,0,0,0,0,0,0,0,0,0,0,0
-38.72407,0,0,0,0,0,0,0,0,0,0,0,0,0,0,0,0,0
-38.70007,0,0,0,0,0,0,0,0,0,0,0,0,0,0,0,0,0
-38.67607,0,0,0,0,0,0,0,0,0,0,0,0,0,0,0,0,0
-38.65207,0,0,0,0,0,0,0,0,0,0,0,0,0,0,0,0,0
-38.62807,0,0,0,0,0,0,0,0,0,0,0,0,0,0,0,0,0
-38.60407,0,0,0,0,0,0,0,0,0,0,0,0,0,0,0,0,0
-38.58007,0,0,0,0,0,0,0,0,0,0,0,0,0,0,0,0,0
-38.55607,0,0,0,0,0,0,0,0,0,0,0,0,0,0,0,0,0
-38.53207,0,0,0,0,0,0,0,0,0,0,0,0,0,0,0,0,0
-38.50807,0,0,0,0,0,0,0,0,0,0,0,0,0,0,0,0,0
-38.48407,0,0,0,0,0,0,0,0,0,0,0,0,0,0,0,0,0
-38.46107,0,0,0,0,0,0,0,0,0,0,0,0,0,0,0,0,0
-38.43707,0,0,0,0,0,0,0,0,0,0,0,0,0,0,0,0,0
-38.41307,0,0,0,0,0,0,0,0,0,0,0,0,0,0,0,0,0
-38.38907,0,0,0,0,0,0,0,0,0,0,0,0,0,0,0,0,0
-38.36507,0,0,0,0,0,0,0,0,0,0,0,0,0,0,0,0,0
-38.34107,0,0,0,0,0,0,0,0,0,0,0,0,0,0,0,0,0
-38.31707,0,0,0,0,0,0,0,0,0,0,0,0,0,0,0,0,0
-38.29307,0,0,0,0,0,0,0,0,0,0,0,0,0,0,0,0,0
-38.26907,0,0,0,0,0,0,0,0,0,0,0,0,0,0,0,0,0
-38.24507,0,0,0,0,0,0,0,0,0,0,0,0,0,0,0,0,0
-38.22107,0,0,0,0,0,0,0,0,0,0,0,0,0,0,0,0,0
-38.19707,0,0,0,0,0,0,0,0,0,0,0,0,0,0,0,0,0
-38.17307,0,0,0,0,0,0,0,0,0,0,0,0,0,0,0,0,0
-38.14907,0,0,0,0,0,0,0,0,0,0,0,0,0,0,0,0,0
-38.12507,0,0,0,0,0,0,0,0,0,0,0,0,0,0,0,0,0
-38.10107,0,0,0,0,0,0,0,0,0,0,0,0,0,0,0,0,0
-38.07707,0,0,0,0,0,0,0,0,0,0,0,0,0,0,0,0,0
-38.05307,0,0,0,0,0,0,0,0,0,0,0,0,0,0,0,0,0
-38.02907,0,0,0,0,0,0,0,0,0,0,0,0,0,0,0,0,0
-38.00507,0,0,0,0,0,0,0,0,0,0,0,0,0,0,0,0,0
-37.98107,0,0,0,0,0,0,0,0,0,0,0,0,0,0,0,0,0
-37.95707,0,0,0,0,0,0,0,0,0,0,0,0,0,0,0,0,0
-37.93307,0,0,0,0,0,0,0,0,0,0,0,0,0,0,0,0,0
-37.90907,0,0,0,0,0,0,0,0,0,0,0,0,0,0,0,0,0
-37.88507,0,0,0,0,0,0,0,0,0,0,0,0,0,0,0,0,0
-37.86107,0,0,0,0,0,0,0,0,0,0,0,0,0,0,0,0,0
-37.83707,0,0,0,0,0,0,0,0,0,0,0,0,0,0,0,0,0
-37.81307,0,0,0,0,0,0,0,0,0,0,0,0,0,0,0,0,0
-37.78907,0,0,0,0,0,0,0,0,0,0,0,0,0,0,0,0,0
-37.76507,0,0,0,0,0,0,0,0,0,0,0,0,0,0,0,0,0
-37.74107,0,0,0,0,0,0,0,0,0,0,0,0,0,0,0,0,0
-37.71707,0,0,0,0,0,0,0,0,0,0,0,0,0,0,0,0,0
-37.69307,0,0,0,0,0,0,0,0,0,0,0,0,0,0,0,0,0
-37.66907,0,0,0,0,0,0,0,0,0,0,0,0,0,0,0,0,0
-37.64507,0,0,0,0,0,0,0,0,0,0,0,0,0,0,0,0,0
-37.62107,0,0,0,0,0,0,0,0,0,0,0,0,0,0,0,0,0
-37.59707,0,0,0,0,0,0,0,0,0,0,0,0,0,0,0,0,0
-37.57407,0,0,0,0,0,0,0,0,0,0,0,0,0,0,0,0,0
-37.55007,0,0,0,0,0,0,0,0,0,0,0,0,0,0,0,0,0
-37.52607,0,0,0,0,0,0,0,0,0,0,0,0,0,0,0,0,0
-37.50207,0,0,0,0,0,0,0,0,0,0,0,0,0,0,0,0,0
-37.47807,0,0,0,0,0,0,0,0,0,0,0,0,0,0,0,0,0
-37.45407,0,0,0,0,0,0,0,0,0,0,0,0,0,0,0,0,0
-37.43007,0,0,0,0,0,0,0,0,0,0,0,0,0,0,0,0,0
-37.40607,0,0,0,0,0,0,0,0,0,0,0,0,0,0,0,0,0
-37.38207,0,0,0,0,0,0,0,0,0,0,0,0,0,0,0,0,0
-37.35807,0,0,0,0,0,0,0,0,0,0,0,0,0,0,0,0,0
-37.33407,0,0,0,0,0,0,0,0,0,0,0,0,0,0,0,0,0
-37.31007,0,0,0,0,0,0,0,0,0,0,0,0,0,0,0,0,0
-37.28607,0,0,0,0,0,0,0,0,0,0,0,0,0,0,0,0,0
-37.26207,0,0,0,0,0,0,0,0,0,0,0,0,0,0,0,0,0
-37.23807,0,0,0,0,0,0,0,0,0,0,0,0,0,0,0,0,0
-37.21407,0,0,0,0,0,0,0,0,0,0,0,0,0,0,0,0,0
-37.19007,0,0,0,0,0,0,0,0,0,0,0,0,0,0,0,0,0
-37.16607,0,0,0,0,0,0,0,0,0,0,0,0,0,0,0,0,0
-37.14207,0,0,0,0,0,0,0,0,0,0,0,0,0,0,0,0,0
-37.11807,0,0,0,0,0,0,0,0,0,0,0,0,0,0,0,0,0
-37.09407,0,0,0,0,0,0,0,0,0,0,0,0,0,0,0,0,0
-37.07007,0,0,0,0,0,0,0,0,0,0,0,0,0,0,0,0,0
-37.04607,0,0,0,0,0,0,0,0,0,0,0,0,0,0,0,0,0
-37.02207,0,0,0,0,0,0,0,0,0,0,0,0,0,0,0,0,0
-36.99807,0,0,0,0,0,0,0,0,0,0,0,0,0,0,0,0,0
-36.97407,0,0,0,0,0,0,0,0,0,0,0,0,0,0,0,0,0
-36.95007,0,0,0,0,0,0,0,0,0,0,0,0,0,0,0,0,0
-36.92607,0,0,0,0,0,0,0,0,0,0,0,0,0,0,0,0,0
-36.90207,0,0,0,0,0,0,0,0,0,0,0,0,0,0,0,0,0
-36.87807,0,0,0,0,0,0,0,0,0,0,0,0,0,0,0,0,0
-36.85407,0,0,0,0,0,0,0,0,0,0,0,0,0,0,0,0,0
-36.83007,0,0,0,0,0,0,0,0,0,0,0,0,0,0,0,0,0
-36.80607,0,0,0,0,0,0,0,0,0,0,0,0,0,0,0,0,0
-36.78207,0,0,0,0,0,0,0,0,0,0,0,0,0,0,0,0,0
-36.75807,0,0,0,0,0,0,0,0,0,0,0,0,0,0,0,0,0
-36.73407,0,0,0,0,0,0,0,0,0,0,0,0,0,0,0,0,0
-36.71007,0,0,0,0,0,0,0,0,0,0,0,0,0,0,0,0,0
-36.68707,0,0,0,0,0,0,0,0,0,0,0,0,0,0,0,0,0
-36.66307,0,0,0,0,0,0,0,0,0,0,0,0,0,0,0,0,0
-36.63907,0,0,0,0,0,0,0,0,0,0,0,0,0,0,0,0,0
-36.61507,0,0,0,0,0,0,0,0,0,0,0,0,0,0,0,0,0
-36.59107,0,0,0,0,0,0,0,0,0,0,0,0,0,0,0,0,0
-36.56707,0,0,0,0,0,0,0,0,0,0,0,0,0,0,0,0,0
-36.54307,0,0,0,0,0,0,0,0,0,0,0,0,0,0,0,0,0
-36.51907,0,0,0,0,0,0,0,0,0,0,0,0,0,0,0,0,0
-36.49507,0,0,0,0,0,0,0,0,0,0,0,0,0,0,0,0,0
-36.47107,0,0,0,0,0,0,0,0,0,0,0,0,0,0,0,0,0
-36.44707,0,0,0,0,0,0,0,0,0,0,0,0,0,0,0,0,0
-36.42307,0,0,0,0,0,0,0,0,0,0,0,0,0,0,0,0,0
-36.39907,0,0,0,0,0,0,0,0,0,0,0,0,0,0,0,0,0
-36.37507,0,0,0,0,0,0,0,0,0,0,0,0,0,0,0,0,0
-36.35107,0,0,0,0,0,0,0,0,0,0,0,0,0,0,0,0,0
-36.32707,0,0,0,0,0,0,0,0,0,0,0,0,0,0,0,0,0
-36.30307,0,0,0,0,0,0,0,0,0,0,0,0,0,0,0,0,0
-36.27907,0,0,0,0,0,0,0,0,0,0,0,0,0,0,0,0,0
-36.25507,0,0,0,0,0,0,0,0,0,0,0,0,0,0,0,0,0
-36.23107,0,0,0,0,0,0,0,0,0,0,0,0,0,0,0,0,0
-36.20707,0,0,0,0,0,0,0,0,0,0,0,0,0,0,0,0,0
-36.18307,0,0,0,0,0,0,0,0,0,0,0,0,0,0,0,0,0
-36.15907,0,0,0,0,0,0,0,0,0,0,0,0,0,0,0,0,0
-36.13507,0,0,0,0,0,0,0,0,0,0,0,0,0,0,0,0,0
-36.11107,0,0,0,0,0,0,0,0,0,0,0,0,0,0,0,0,0
-36.08707,0,0,0,0,0,0,0,0,0,0,0,0,0,0,0,0,0
-36.06307,0,0,0,0,0,0,0,0,0,0,0,0,0,0,0,0,0
-36.03907,0,0,0,0,0,0,0,0,0,0,0,0,0,0,0,0,0
-36.01507,0,0,0,0,0,0,0,0,0,0,0,0,0,0,0,0,0
-35.99107,0,0,0,0,0,0,0,0,0,0,0,0,0,0,0,0,0
-35.96707,0,0,0,0,0,0,0,0,0,0,0,0,0,0,0,0,0
-35.94307,0,0,0,0,0,0,0,0,0,0,0,0,0,0,0,0,0
-35.91907,0,0,0,0,0,0,0,0,0,0,0,0,0,0,0,0,0
-35.89507,0,0,0,0,0,0,0,0,0,0,0,0,0,0,0,0,0
-35.87107,0,0,0,0,0,0,0,0,0,0,0,0,0,0,0,0,0
-35.84707,0,0,0,0,0,0,0,0,0,0,0,0,0,0,0,0,0
-35.82307,0,0,0,0,0,0,0,0,0,0,0,0,0,0,0,0,0
-35.79907,0,0,0,0,0,0,0,0,0,0,0,0,0,0,0,0,0
-35.77607,0,0,0,0,0,0,0,0,0,0,0,0,0,0,0,0,0
-35.75207,0,0,0,0,0,0,0,0,0,0,0,0,0,0,0,0,0
-35.72807,0,0,0,0,0,0,0,0,0,0,0,0,0,0,0,0,0
-35.70407,0,0,0,0,0,0,0,0,0,0,0,0,0,0,0,0,0
-35.68007,0,0,0,0,0,0,0,0,0,0,0,0,0,0,0,0,0
-35.65607,0,0,0,0,0,0,0,0,0,0,0,0,0,0,0,0,0
-35.63207,0,0,0,0,0,0,0,0,0,0,0,0,0,0,0,0,0
-35.60807,0,0,0,0,0,0,0,0,0,0,0,0,0,0,0,0,0
-35.58407,0,0,0,0,0,0,0,0,0,0,0,0,0,0,0,0,0
-35.56007,0,0,0,0,0,0,0,0,0,0,0,0,0,0,0,0,0
-35.53607,0,0,0,0,0,0,0,0,0,0,0,0,0,0,0,0,0
-35.51207,0,0,0,0,0,0,0,0,0,0,0,0,0,0,0,0,0
-35.48807,0,0,0,0,0,0,0,0,0,0,0,0,0,0,0,0,0
-35.46407,0,0,0,0,0,0,0,0,0,0,0,0,0,0,0,0,0
-35.44007,0,0,0,0,0,0,0,0,0,0,0,0,0,0,0,0,0
-35.41607,0,0,0,0,0,0,0,0,0,0,0,0,0,0,0,0,0
-35.39207,0,0,0,0,0,0,0,0,0,0,0,0,0,0,0,0,0
-35.36807,0,0,0,0,0,0,0,0,0,0,0,0,0,0,0,0,0
-35.34407,0,0,0,0,0,0,0,0,0,0,0,0,0,0,0,0,0
-35.32007,0,0,0,0,0,0,0,0,0,0,0,0,0,0,0,0,0
-35.29607,0,0,0,0,0,0,0,0,0,0,0,0,0,0,0,0,0
-35.27207,0,0,0,0,0,0,0,0,0,0,0,0,0,0,0,0,0
-35.24807,0,0,0,0,0,0,0,0,0,0,0,0,0,0,0,0,0
-35.22407,0,0,0,0,0,0,0,0,0,0,0,0,0,0,0,0,0
-35.20007,0,0,0,0,0,0,0,0,0,0,0,0,0,0,0,0,0
-35.17607,0,0,0,0,0,0,0,0,0,0,0,0,0,0,0,0,0
-35.15207,0,0,0,0,0,0,0,0,0,0,0,0,0,0,0,0,0
-35.12807,0,0,0,0,0,0,0,0,0,0,0,0,0,0,0,0,0
-35.10407,0,0,0,0,0,0,0,0,0,0,0,0,0,0,0,0,0
-35.08007,0,0,0,0,0,0,0,0,0,0,0,0,0,0,0,0,0
-35.05607,0,0,0,0,0,0,0,0,0,0,0,0,0,0,0,0,0
-35.03207,0,0,0,0,0,0,0,0,0,0,0,0,0,0,0,0,0
-35.00807,0,0,0,0,0,0,0,0,0,0,0,0,0,0,0,0,0
-34.98407,0,0,0,0,0,0,0,0,0,0,0,0,0,0,0,0,0
-34.96007,0,0,0,0,0,0,0,0,0,0,0,0,0,0,0,0,0
-34.93607,0,0,0,0,0,0,0,0,0,0,0,0,0,0,0,0,0
-34.91207,0,0,0,0,0,0,0,0,0,0,0,0,0,0,0,0,0
-34.88907,0,0,0,0,0,0,0,0,0,0,0,0,0,0,0,0,0
-34.86507,0,0,0,0,0,0,0,0,0,0,0,0,0,0,0,0,0
-34.84107,0,0,0,0,0,0,0,0,0,0,0,0,0,0,0,0,0
-34.81707,0,0,0,0,0,0,0,0,0,0,0,0,0,0,0,0,0
-34.79307,0,0,0,0,0,0,0,0,0,0,0,0,0,0,0,0,0
-34.76907,0,0,0,0,0,0,0,0,0,0,0,0,0,0,0,0,0
-34.74507,0,0,0,0,0,0,0,0,0,0,0,0,0,0,0,0,0
-34.72107,0,0,0,0,0,0,0,0,0,0,0,0,0,0,0,0,0
-34.69707,0,0,0,0,0,0,0,0,0,0,0,0,0,0,0,0,0
-34.67307,0,0,0,0,0,0,0,0,0,0,0,0,0,0,0,0,0
-34.64907,0,0,0,0,0,0,0,0,0,0,0,0,0,0,0,0,0
-34.62507,0,0,0,0,0,0,0,0,0,0,0,0,0,0,0,0,0
-34.60107,0,0,0,0,0,0,0,0,0,0,0,0,0,0,0,0,0
-34.57707,0,0,0,0,0,0,0,0,0,0,0,0,0,0,0,0,0
-34.55307,0,0,0,0,0,0,0,0,0,0,0,0,0,0,0,0,0
-34.52907,0,0,0,0,0,0,0,0,0,0,0,0,0,0,0,0,0
-34.50507,0,0,0,0,0,0,0,0,0,0,0,0,0,0,0,0,0
-34.48107,0,0,0,0,0,0,0,0,0,0,0,0,0,0,0,0,0
-34.45707,0,0,0,0,0,0,0,0,0,0,0,0,0,0,0,0,0
-34.43307,0,0,0,0,0,0,0,0,0,0,0,0,0,0,0,0,0
-34.40907,0,0,0,0,0,0,0,0,0,0,0,0,0,0,0,0,0
-34.38507,0,0,0,0,0,0,0,0,0,0,0,0,0,0,0,0,0
-34.36107,0,0,0,0,0,0,0,0,0,0,0,0,0,0,0,0,0
-34.33707,0,0,0,0,0,0,0,0,0,0,0,0,0,0,0,0,0
-34.31307,0,0,0,0,0,0,0,0,0,0,0,0,0,0,0,0,0
-34.28907,0,0,0,0,0,0,0,0,0,0,0,0,0,0,0,0,0
-34.26507,0,0,0,0,0,0,0,0,0,0,0,0,0,0,0,0,0
-34.24107,0,0,0,0,0,0,0,0,0,0,0,0,0,0,0,0,0
-34.21707,0,0,0,0,0,0,0,0,0,0,0,0,0,0,0,0,0
-34.19307,0,0,0,0,0,0,0,0,0,0,0,0,0,0,0,0,0
-34.16907,0,0,0,0,0,0,0,0,0,0,0,0,0,0,0,0,0
-34.14507,0,0,0,0,0,0,0,0,0,0,0,0,0,0,0,0,0
-34.12107,0,0,0,0,0,0,0,0,0,0,0,0,0,0,0,0,0
-34.09707,0,0,0,0,0,0,0,0,0,0,0,0,0,0,0,0,0
-34.07307,0,0,0,0,0,0,0,0,0,0,0,0,0,0,0,0,0
-34.04907,0,0,0,0,0,0,0,0,0,0,0,0,0,0,0,0,0
-34.02507,0,0,0,0,0,0,0,0,0,0,0,0,0,0,0,0,0
-34.00107,0,0,0,0,0,0,0,0,0,0,0,0,0,0,0,0,0
-33.97807,0,0,0,0,0,0,0,0,0,0,0,0,0,0,0,0,0
-33.95407,0,0,0,0,0,0,0,0,0,0,0,0,0,0,0,0,0
-33.93007,0,0,0,0,0,0,0,0,0,0,0,0,0,0,0,0,0
-33.90607,0,0,0,0,0,0,0,0,0,0,0,0,0,0,0,0,0
-33.88207,0,0,0,0,0,0,0,0,0,0,0,0,0,0,0,0,0
-33.85807,0,0,0,0,0,0,0,0,0,0,0,0,0,0,0,0,0
-33.83407,0,0,0,0,0,0,0,0,0,0,0,0,0,0,0,0,0
-33.81007,0,0,0,0,0,0,0,0,0,0,0,0,0,0,0,0,0
-33.78607,0,0,0,0,0,0,0,0,0,0,0,0,0,0,0,0,0
-33.76207,0,0,0,0,0,0,0,0,0,0,0,0,0,0,0,0,0
-33.73807,0,0,0,0,0,0,0,0,0,0,0,0,0,0,0,0,0
-33.71407,0,0,0,0,0,0,0,0,0,0,0,0,0,0,0,0,0
-33.69007,0,0,0,0,0,0,0,0,0,0,0,0,0,0,0,0,0
-33.66607,0,0,0,0,0,0,0,0,0,0,0,0,0,0,0,0,0
-33.64207,0,0,0,0,0,0,0,0,0,0,0,0,0,0,0,0,0
-33.61807,0,0,0,0,0,0,0,0,0,0,0,0,0,0,0,0,0
-33.59407,0,0,0,0,0,0,0,0,0,0,0,0,0,0,0,0,0
-33.57007,0,0,0,0,0,0,0,0,0,0,0,0,0,0,0,0,0
-33.54607,0,0,0,0,0,0,0,0,0,0,0,0,0,0,0,0,0
-33.52207,0,0,0,0,0,0,0,0,0,0,0,0,0,0,0,0,0
-33.49807,0,0,0,0,0,0,0,0,0,0,0,0,0,0,0,0,0
-33.47407,0,0,0,0,0,0,0,0,0,0,0,0,0,0,0,0,0
-33.45007,0,0,0,0,0,0,0,0,0,0,0,0,0,0,0,0,0
-33.42607,0,0,0,0,0,0,0,0,0,0,0,0,0,0,0,0,0
-33.40207,0,0,0,0,0,0,0,0,0,0,0,0,0,0,0,0,0
-33.37807,0,0,0,0,0,0,0,0,0,0,0,0,0,0,0,0,0
-33.35407,0,0,0,0,0,0,0,0,0,0,0,0,0,0,0,0,0
-33.33007,0,0,0,0,0,0,0,0,0,0,0,0,0,0,0,0,0
-33.30607,0,0,0,0,0,0,0,0,0,0,0,0,0,0,0,0,0
-33.28207,0,0,0,0,0,0,0,0,0,0,0,0,0,0,0,0,0
-33.25807,0,0,0,0,0,0,0,0,0,0,0,0,0,0,0,0,0
-33.23407,0,0,0,0,0,0,0,0,0,0,0,0,0,0,0,0,0
-33.21007,0,0,0,0,0,0,0,0,0,0,0,0,0,0,0,0,0
-33.18607,0,0,0,0,0,0,0,0,0,0,0,0,0,0,0,0,0
-33.16207,0,0,0,0,0,0,0,0,0,0,0,0,0,0,0,0,0
-33.13807,0,0,0,0,0,0,0,0,0,0,0,0,0,0,0,0,0
-33.11407,0,0,0,0,0,0,0,0,0,0,0,0,0,0,0,0,0
-33.09107,0,0,0,0,0,0,0,0,0,0,0,0,0,0,0,0,0
-33.06707,0,0,0,0,0,0,0,0,0,0,0,0,0,0,0,0,0
-33.04307,0,0,0,0,0,0,0,0,0,0,0,0,0,0,0,0,0
-33.01907,0,0,0,0,0,0,0,0,0,0,0,0,0,0,0,0,0
-32.99507,0,0,0,0,0,0,0,0,0,0,0,0,0,0,0,0,0
-32.97107,0,0,0,0,0,0,0,0,0,0,0,0,0,0,0,0,0
-32.94707,0,0,0,0,0,0,0,0,0,0,0,0,0,0,0,0,0
-32.92307,0,0,0,0,0,0,0,0,0,0,0,0,0,0,0,0,0
-32.89907,0,0,0,0,0,0,0,0,0,0,0,0,0,0,0,0,0
-32.87507,0,0,0,0,0,0,0,0,0,0,0,0,0,0,0,0,0
-32.85107,0,0,0,0,0,0,0,0,0,0,0,0,0,0,0,0,0
-32.82707,0,0,0,0,0,0,0,0,0,0,0,0,0,0,0,0,0
-32.80307,0,0,0,0,0,0,0,0,0,0,0,0,0,0,0,0,0
-32.77907,0,0,0,0,0,0,0,0,0,0,0,0,0,0,0,0,0
-32.75507,0,0,0,0,0,0,0,0,0,0,0,0,0,0,0,0,0
-32.73107,0,0,0,0,0,0,0,0,0,0,0,0,0,0,0,0,0
-32.70707,0,0,0,0,0,0,0,0,0,0,0,0,0,0,0,0,0
-32.68307,0,0,0,0,0,0,0,0,0,0,0,0,0,0,0,0,0
-32.65907,0,0,0,0,0,0,0,0,0,0,0,0,0,0,0,0,0
-32.63507,0,0,0,0,0,0,0,0,0,0,0,0,0,0,0,0,0
-32.61107,0,0,0,0,0,0,0,0,0,0,0,0,0,0,0,0,0
-32.58707,0,0,0,0,0,0,0,0,0,0,0,0,0,0,0,0,0
-32.56307,0,0,0,0,0,0,0,0,0,0,0,0,0,0,0,0,0
-32.53907,0,0,0,0,0,0,0,0,0,0,0,0,0,0,0,0,0
-32.51507,0,0,0,0,0,0,0,0,0,0,0,0,0,0,0,0,0
-32.49107,0,0,0,0,0,0,0,0,0,0,0,0,0,0,0,0,0
-32.46707,0,0,0,0,0,0,0,0,0,0,0,0,0,0,0,0,0
-32.44307,0,0,0,0,0,0,0,0,0,0,0,0,0,0,0,0,0
-32.41907,0,0,0,0,0,0,0,0,0,0,0,0,0,0,0,0,0
-32.39507,0,0,0,0,0,0,0,0,0,0,0,0,0,0,0,0,0
-32.37107,0,0,0,0,0,0,0,0,0,0,0,0,0,0,0,0,0
-32.34707,0,0,0,0,0,0,0,0,0,0,0,0,0,0,0,0,0
-32.32307,0,0,0,0,0,0,0,0,0,0,0,0,0,0,0,0,0
-32.29907,0,0,0,0,0,0,0,0,0,0,0,0,0,0,0,0,0
-32.27507,0,0,0,0,0,0,0,0,0,0,0,0,0,0,0,0,0
-32.25107,0,0,0,0,0,0,0,0,0,0,0,0,0,0,0,0,0
-32.22707,0,0,0,0,0,0,0,0,0,0,0,0,0,0,0,0,0
-32.20307,0,0,0,0,0,0,0,0,0,0,0,0,0,0,0,0,0
-32.18007,0,0,0,0,0,0,0,0,0,0,0,0,0,0,0,0,0
-32.15607,0,0,0,0,0,0,0,0,0,0,0,0,0,0,0,0,0
-32.13207,0,0,0,0,0,0,0,0,0,0,0,0,0,0,0,0,0
-32.10807,0,0,0,0,0,0,0,0,0,0,0,0,0,0,0,0,0
-32.08407,0,0,0,0,0,0,0,0,0,0,0,0,0,0,0,0,0
-32.06007,0,0,0,0,0,0,0,0,0,0,0,0,0,0,0,0,0
-32.03607,0,0,0,0,0,0,0,0,0,0,0,0,0,0,0,0,0
-32.01207,0,0,0,0,0,0,0,0,0,0,0,0,0,0,0,0,0
-31.98807,0,0,0,0,0,0,0,0,0,0,0,0,0,0,0,0,0
-31.96407,0,0,0,0,0,0,0,0,0,0,0,0,0,0,0,0,0
-31.94007,0,0,0,0,0,0,0,0,0,0,0,0,0,0,0,0,0
-31.91607,0,0,0,0,0,0,0,0,0,0,0,0,0,0,0,0,0
-31.89207,0,0,0,0,0,0,0,0,0,0,0,0,0,0,0,0,0
-31.86807,0,0,0,0,0,0,0,0,0,0,0,0,0,0,0,0,0
-31.84407,0,0,0,0,0,0,0,0,0,0,0,0,0,0,0,0,0
-31.82007,0,0,0,0,0,0,0,0,0,0,0,0,0,0,0,0,0
-31.79607,0,0,0,0,0,0,0,0,0,0,0,0,0,0,0,0,0
-31.77207,0,0,0,0,0,0,0,0,0,0,0,0,0,0,0,0,0
-31.74807,0,0,0,0,0,0,0,0,0,0,0,0,0,0,0,0,0
-31.72407,0,0,0,0,0,0,0,0,0,0,0,0,0,0,0,0,0
-31.70007,0,0,0,0,0,0,0,0,0,0,0,0,0,0,0,0,0
-31.67607,0,0,0,0,0,0,0,0,0,0,0,0,0,0,0,0,0
-31.65207,0,0,0,0,0,0,0,0,0,0,0,0,0,0,0,0,0
-31.62807,0,0,0,0,0,0,0,0,0,0,0,0,0,0,0,0,0
-31.60407,0,0,0,0,0,0,0,0,0,0,0,0,0,0,0,0,0
-31.58007,0,0,0,0,0,0,0,0,0,0,0,0,0,0,0,0,0
-31.55607,0,0,0,0,0,0,0,0,0,0,0,0,0,0,0,0,0
-31.53207,0,0,0,0,0,0,0,0,0,0,0,0,0,0,0,0,0
-31.50807,0,0,0,0,0,0,0,0,0,0,0,0,0,0,0,0,0
-31.48407,0,0,0,0,0,0,0,0,0,0,0,0,0,0,0,0,0
-31.46007,0,0,0,0,0,0,0,0,0,0,0,0,0,0,0,0,0
-31.43607,0,0,0,0,0,0,0,0,0,0,0,0,0,0,0,0,0
-31.41207,0,0,0,0,0,0,0,0,0,0,0,0,0,0,0,0,0
-31.38807,0,0,0,0,0,0,0,0,0,0,0,0,0,0,0,0,0
-31.36407,0,0,0,0,0,0,0,0,0,0,0,0,0,0,0,0,0
-31.34007,0,0,0,0,0,0,0,0,0,0,0,0,0,0,0,0,0
-31.31607,0,0,0,0,0,0,0,0,0,0,0,0,0,0,0,0,0
-31.29307,0,0,0,0,0,0,0,0,0,0,0,0,0,0,0,0,0
-31.26907,0,0,0,0,0,0,0,0,0,0,0,0,0,0,0,0,0
-31.24507,0,0,0,0,0,0,0,0,0,0,0,0,0,0,0,0,0
-31.22107,0,0,0,0,0,0,0,0,0,0,0,0,0,0,0,0,0
-31.19707,0,0,0,0,0,0,0,0,0,0,0,0,0,0,0,0,0
-31.17307,0,0,0,0,0,0,0,0,0,0,0,0,0,0,0,0,0
-31.14907,0,0,0,0,0,0,0,0,0,0,0,0,0,0,0,0,0
-31.12507,0,0,0,0,0,0,0,0,0,0,0,0,0,0,0,0,0
-31.10107,0,0,0,0,0,0,0,0,0,0,0,0,0,0,0,0,0
-31.07707,0,0,0,0,0,0,0,0,0,0,0,0,0,0,0,0,0
-31.05307,0,0,0,0,0,0,0,0,0,0,0,0,0,0,0,0,0
-31.02907,0,0,0,0,0,0,0,0,0,0,0,0,0,0,0,0,0
-31.00507,0,0,0,0,0,0,0,0,0,0,0,0,0,0,0,0,0
-30.98107,0,0,0,0,0,0,0,0,0,0,0,0,0,0,0,0,0
-30.95707,0,0,0,0,0,0,0,0,0,0,0,0,0,0,0,0,0
-30.93307,0,0,0,0,0,0,0,0,0,0,0,0,0,0,0,0,0
-30.90907,0,0,0,0,0,0,0,0,0,0,0,0,0,0,0,0,0
-30.88507,0,0,0,0,0,0,0,0,0,0,0,0,0,0,0,0,0
-30.86107,0,0,0,0,0,0,0,0,0,0,0,0,0,0,0,0,0
-30.83707,0,0,0,0,0,0,0,0,0,0,0,0,0,0,0,0,0
-30.81307,0,0,0,0,0,0,0,0,0,0,0,0,0,0,0,0,0
-30.78907,0,0,0,0,0,0,0,0,0,0,0,0,0,0,0,0,0
-30.76507,0,0,0,0,0,0,0,0,0,0,0,0,0,0,0,0,0
-30.74107,0,0,0,0,0,0,0,0,0,0,0,0,0,0,0,0,0
-30.71707,0,0,0,0,0,0,0,0,0,0,0,0,0,0,0,0,0
-30.69307,0,0,0,0,0,0,0,0,0,0,0,0,0,0,0,0,0
-30.66907,0,0,0,0,0,0,0,0,0,0,0,0,0,0,0,0,0
-30.64507,0,0,0,0,0,0,0,0,0,0,0,0,0,0,0,0,0
-30.62107,0,0,0,0,0,0,0,0,0,0,0,0,0,0,0,0,0
-30.59707,0,0,0,0,0,0,0,0,0,0,0,0,0,0,0,0,0
-30.57307,0,0,0,0,0,0,0,0,0,0,0,0,0,0,0,0,0
-30.54907,0,0,0,0,0,0,0,0,0,0,0,0,0,0,0,0,0
-30.52507,0,0,0,0,0,0,0,0,0,0,0,0,0,0,0,0,0
-30.50107,0,0,0,0,0,0,0,0,0,0,0,0,0,0,0,0,0
-30.47707,0,0,0,0,0,0,0,0,0,0,0,0,0,0,0,0,0
-30.45307,0,0,0,0,0,0,0,0,0,0,0,0,0,0,0,0,0
-30.42907,0,0,0,0,0,0,0,0,0,0,0,0,0,0,0,0,0
-30.40507,0,0,0,0,0,0,0,0,0,0,0,0,0,0,0,0,0
-30.38207,0,0,0,0,0,0,0,0,0,0,0,0,0,0,0,0,0
-30.35807,0,0,0,0,0,0,0,0,0,0,0,0,0,0,0,0,0
-30.33407,0,0,0,0,0,0,0,0,0,0,0,0,0,0,0,0,0
-30.31007,0,0,0,0,0,0,0,0,0,0,0,0,0,0,0,0,0
-30.28607,0,0,0,0,0,0,0,0,0,0,0,0,0,0,0,0,0
-30.26207,0,0,0,0,0,0,0,0,0,0,0,0,0,0,0,0,0
-30.23807,0,0,0,0,0,0,0,0,0,0,0,0,0,0,0,0,0
-30.21407,0,0,0,0,0,0,0,0,0,0,0,0,0,0,0,0,0
-30.19007,0,0,0,0,0,0,0,0,0,0,0,0,0,0,0,0,0
-30.16607,0,0,0,0,0,0,0,0,0,0,0,0,0,0,0,0,0
-30.14207,0,0,0,0,0,0,0,0,0,0,0,0,0,0,0,0,0
-30.11807,0,0,0,0,0,0,0,0,0,0,0,0,0,0,0,0,0
-30.09407,0,0,0,0,0,0,0,0,0,0,0,0,0,0,0,0,0
-30.07007,0,0,0,0,0,0,0,0,0,0,0,0,0,0,0,0,0
-30.04607,0,0,0,0,0,0,0,0,0,0,0,0,0,0,0,0,0
-30.02207,0,0,0,0,0,0,0,0,0,0,0,0,0,0,0,0,0
-29.99807,0,0,0,0,0,0,0,0,0,0,0,0,0,0,0,0,0
-29.97407,0,0,0,0,0,0,0,0,0,0,0,0,0,0,0,0,0
-29.95007,0,0,0,0,0,0,0,0,0,0,0,0,0,0,0,0,0
-29.92607,0,0,0,0,0,0,0,0,0,0,0,0,0,0,0,0,0
-29.90207,0,0,0,0,0,0,0,0,0,0,0,0,0,0,0,0,0
-29.87807,0,0,0,0,0,0,0,0,0,0,0,0,0,0,0,0,0
-29.85407,0,0,0,0,0,0,0,0,0,0,0,0,0,0,0,0,0
-29.83007,0,0,0,0,0,0,0,0,0,0,0,0,0,0,0,0,0
-29.80607,0,0,0,0,0,0,0,0,0,0,0,0,0,0,0,0,0
-29.78207,0,0,0,0,0,0,0,0,0,0,0,0,0,0,0,0,0
-29.75807,0,0,0,0,0,0,0,0,0,0,0,0,0,0,0,0,0
-29.73407,0,0,0,0,0,0,0,0,0,0,0,0,0,0,0,0,0
-29.71007,0,0,0,0,0,0,0,0,0,0,0,0,0,0,0,0,0
-29.68607,0,0,0,0,0,0,0,0,0,0,0,0,0,0,0,0,0
-29.66207,0,0,0,0,0,0,0,0,0,0,0,0,0,0,0,0,0
-29.63807,0,0,0,0,0,0,0,0,0,0,0,0,0,0,0,0,0
-29.61407,0,0,0,0,0,0,0,0,0,0,0,0,0,0,0,0,0
-29.59007,0,0,0,0,0,0,0,0,0,0,0,0,0,0,0,0,0
-29.56607,0,0,0,0,0,0,0,0,0,0,0,0,0,0,0,0,0
-29.54207,0,0,0,0,0,0,0,0,0,0,0,0,0,0,0,0,0
-29.51807,0,0,0,0,0,0,0,0,0,0,0,0,0,0,0,0,0
-29.49507,0,0,0,0,0,0,0,0,0,0,0,0,0,0,0,0,0
-29.47107,0,0,0,0,0,0,0,0,0,0,0,0,0,0,0,0,0
-29.44707,0,0,0,0,0,0,0,0,0,0,0,0,0,0,0,0,0
-29.42307,0,0,0,0,0,0,0,0,0,0,0,0,0,0,0,0,0
-29.39907,0,0,0,0,0,0,0,0,0,0,0,0,0,0,0,0,0
-29.37507,0,0,0,0,0,0,0,0,0,0,0,0,0,0,0,0,0
-29.35107,0,0,0,0,0,0,0,0,0,0,0,0,0,0,0,0,0
-29.32707,0,0,0,0,0,0,0,0,0,0,0,0,0,0,0,0,0
-29.30307,0,0,0,0,0,0,0,0,0,0,0,0,0,0,0,0,0
-29.27907,0,0,0,0,0,0,0,0,0,0,0,0,0,0,0,0,0
-29.25507,0,0,0,0,0,0,0,0,0,0,0,0,0,0,0,0,0
-29.23107,0,0,0,0,0,0,0,0,0,0,0,0,0,0,0,0,0
-29.20707,0,0,0,0,0,0,0,0,0,0,0,0,0,0,0,0,0
-29.18307,0,0,0,0,0,0,0,0,0,0,0,0,0,0,0,0,0
-29.15907,0,0,0,0,0,0,0,0,0,0,0,0,0,0,0,0,0
-29.13507,0,0,0,0,0,0,0,0,0,0,0,0,0,0,0,0,0
-29.11107,0,0,0,0,0,0,0,0,0,0,0,0,0,0,0,0,0
-29.08707,0,0,0,0,0,0,0,0,0,0,0,0,0,0,0,0,0
-29.06307,0,0,0,0,0,0,0,0,0,0,0,0,0,0,0,0,0
-29.03907,0,0,0,0,0,0,0,0,0,0,0,0,0,0,0,0,0
-29.01507,0,0,0,0,0,0,0,0,0,0,0,0,0,0,0,0,0
-28.99107,0,0,0,0,0,0,0,0,0,0,0,0,0,0,0,0,0
-28.96707,0,0,0,0,0,0,0,0,0,0,0,0,0,0,0,0,0
-28.94307,0,0,0,0,0,0,0,0,0,0,0,0,0,0,0,0,0
-28.91907,0,0,0,0,0,0,0,0,0,0,0,0,0,0,0,0,0
-28.89507,0,0,0,0,0,0,0,0,0,0,0,0,0,0,0,0,0
-28.87107,0,0,0,0,0,0,0,0,0,0,0,0,0,0,0,0,0
-28.84707,0,0,0,0,0,0,0,0,0,0,0,0,0,0,0,0,0
-28.82307,0,0,0,0,0,0,0,0,0,0,0,0,0,0,0,0,0
-28.79907,0,0,0,0,0,0,0,0,0,0,0,0,0,0,0,0,0
-28.77507,0,0,0,0,0,0,0,0,0,0,0,0,0,0,0,0,0
-28.75107,0,0,0,0,0,0,0,0,0,0,0,0,0,0,0,0,0
-28.72707,0,0,0,0,0,0,0,0,0,0,0,0,0,0,0,0,0
-28.70307,0,0,0,0,0,0,0,0,0,0,0,0,0,0,0,0,0
-28.67907,0,0,0,0,0,0,0,0,0,0,0,0,0,0,0,0,0
-28.65507,0,0,0,0,0,0,0,0,0,0,0,0,0,0,0,0,0
-28.63107,0,0,0,0,0,0,0,0,0,0,0,0,0,0,0,0,0
-28.60807,0,0,0,0,0,0,0,0,0,0,0,0,0,0,0,0,0
-28.58407,0,0,0,0,0,0,0,0,0,0,0,0,0,0,0,0,0
-28.56007,0,0,0,0,0,0,0,0,0,0,0,0,0,0,0,0,0
-28.53607,0,0,0,0,0,0,0,0,0,0,0,0,0,0,0,0,0
-28.51207,0,0,0,0,0,0,0,0,0,0,0,0,0,0,0,0,0
-28.48807,0,0,0,0,0,0,0,0,0,0,0,0,0,0,0,0,0
-28.46407,0,0,0,0,0,0,0,0,0,0,0,0,0,0,0,0,0
-28.44007,0,0,0,0,0,0,0,0,0,0,0,0,0,0,0,0,0
-28.41607,0,0,0,0,0,0,0,0,0,0,0,0,0,0,0,0,0
-28.39207,0,0,0,0,0,0,0,0,0,0,0,0,0,0,0,0,0
-28.36807,0,0,0,0,0,0,0,0,0,0,0,0,0,0,0,0,0
-28.34407,0,0,0,0,0,0,0,0,0,0,0,0,0,0,0,0,0
-28.32007,0,0,0,0,0,0,0,0,0,0,0,0,0,0,0,0,0
-28.29607,0,0,0,0,0,0,0,0,0,0,0,0,0,0,0,0,0
-28.27207,0,0,0,0,0,0,0,0,0,0,0,0,0,0,0,0,0
-28.24807,0,0,0,0,0,0,0,0,0,0,0,0,0,0,0,0,0
-28.22407,0,0,0,0,0,0,0,0,0,0,0,0,0,0,0,0,0
-28.20007,0,0,0,0,0,0,0,0,0,0,0,0,0,0,0,0,0
-28.17607,0,0,0,0,0,0,0,0,0,0,0,0,0,0,0,0,0
-28.15207,0,0,0,0,0,0,0,0,0,0,0,0,0,0,0,0,0
-28.12807,0,0,0,0,0,0,0,0,0,0,0,0,0,0,0,0,0
-28.10407,0,0,0,0,0,0,0,0,0,0,0,0,0,0,0,0,0
-28.08007,0,0,0,0,0,0,0,0,0,0,0,0,0,0,0,0,0
-28.05607,0,0,0,0,0,0,0,0,0,0,0,0,0,0,0,0,0
-28.03207,0,0,0,0,0,0,0,0,0,0,0,0,0,0,0,0,0
-28.00807,0,0,0,0,0,0,0,0,0,0,0,0,0,0,0,0,0
-27.98407,0,0,0,0,0,0,0,0,0,0,0,0,0,0,0,0,0
-27.96007,0,0,0,0,0,0,0,0,0,0,0,0,0,0,0,0,0
-27.93607,0,0,0,0,0,0,0,0,0,0,0,0,0,0,0,0,0
-27.91207,0,0,0,0,0,0,0,0,0,0,0,0,0,0,0,0,0
-27.88807,0,0,0,0,0,0,0,0,0,0,0,0,0,0,0,0,0
-27.86407,0,0,0,0,0,0,0,0,0,0,0,0,0,0,0,0,0
-27.84007,0,0,0,0,0,0,0,0,0,0,0,0,0,0,0,0,0
-27.81607,0,0,0,0,0,0,0,0,0,0,0,0,0,0,0,0,0
-27.79207,0,0,0,0,0,0,0,0,0,0,0,0,0,0,0,0,0
-27.76807,0,0,0,0,0,0,0,0,0,0,0,0,0,0,0,0,0
-27.74407,0,0,0,0,0,0,0,0,0,0,0,0,0,0,0,0,0
-27.72007,0,0,0,0,0,0,0,0,0,0,0,0,0,0,0,0,0
-27.69707,0,0,0,0,0,0,0,0,0,0,0,0,0,0,0,0,0
-27.67307,0,0,0,0,0,0,0,0,0,0,0,0,0,0,0,0,0
-27.64907,0,0,0,0,0,0,0,0,0,0,0,0,0,0,0,0,0
-27.62507,0,0,0,0,0,0,0,0,0,0,0,0,0,0,0,0,0
-27.60107,0,0,0,0,0,0,0,0,0,0,0,0,0,0,0,0,0
-27.57707,0,0,0,0,0,0,0,0,0,0,0,0,0,0,0,0,0
-27.55307,0,0,0,0,0,0,0,0,0,0,0,0,0,0,0,0,0
-27.52907,0,0,0,0,0,0,0,0,0,0,0,0,0,0,0,0,0
-27.50507,0,0,0,0,0,0,0,0,0,0,0,0,0,0,0,0,0
-27.48107,0,0,0,0,0,0,0,0,0,0,0,0,0,0,0,0,0
-27.45707,0,0,0,0,0,0,0,0,0,0,0,0,0,0,0,0,0
-27.43307,0,0,0,0,0,0,0,0,0,0,0,0,0,0,0,0,0
-27.40907,0,0,0,0,0,0,0,0,0,0,0,0,0,0,0,0,0
-27.38507,0,0,0,0,0,0,0,0,0,0,0,0,0,0,0,0,0
-27.36107,0,0,0,0,0,0,0,0,0,0,0,0,0,0,0,0,0
-27.33707,0,0,0,0,0,0,0,0,0,0,0,0,0,0,0,0,0
-27.31307,0,0,0,0,0,0,0,0,0,0,0,0,0,0,0,0,0
-27.28907,0,0,0,0,0,0,0,0,0,0,0,0,0,0,0,0,0
-27.26507,0,0,0,0,0,0,0,0,0,0,0,0,0,0,0,0,0
-27.24107,0,0,0,0,0,0,0,0,0,0,0,0,0,0,0,0,0
-27.21707,0,0,0,0,0,0,0,0,0,0,0,0,0,0,0,0,0
-27.19307,0,0,0,0,0,0,0,0,0,0,0,0,0,0,0,0,0
-27.16907,0,0,0,0,0,0,0,0,0,0,0,0,0,0,0,0,0
-27.14507,0,0,0,0,0,0,0,0,0,0,0,0,0,0,0,0,0
-27.12107,0,0,0,0,0,0,0,0,0,0,0,0,0,0,0,0,0
-27.09707,0,0,0,0,0,0,0,0,0,0,0,0,0,0,0,0,0
-27.07307,0,0,0,0,0,0,0,0,0,0,0,0,0,0,0,0,0
-27.04907,0,0,0,0,0,0,0,0,0,0,0,0,0,0,0,0,0
-27.02507,0,0,0,0,0,0,0,0,0,0,0,0,0,0,0,0,0
-27.00107,0,0,0,0,0,0,0,0,0,0,0,0,0,0,0,0,0
-26.97707,0,0,0,0,0,0,0,0,0,0,0,0,0,0,0,0,0
-26.95307,0,0,0,0,0,0,0,0,0,0,0,0,0,0,0,0,0
-26.92907,0,0,0,0,0,0,0,0,0,0,0,0,0,0,0,0,0
-26.90507,0,0,0,0,0,0,0,0,0,0,0,0,0,0,0,0,0
-26.88107,0,0,0,0,0,0,0,0,0,0,0,0,0,0,0,0,0
-26.85707,0,0,0,0,0,0,0,0,0,0,0,0,0,0,0,0,0
-26.83307,0,0,0,0,0,0,0,0,0,0,0,0,0,0,0,0,0
-26.81007,0,0,0,0,0,0,0,0,0,0,0,0,0,0,0,0,0
-26.78607,0,0,0,0,0,0,0,0,0,0,0,0,0,0,0,0,0
-26.76207,0,0,0,0,0,0,0,0,0,0,0,0,0,0,0,0,0
-26.73807,0,0,0,0,0,0,0,0,0,0,0,0,0,0,0,0,0
-26.71407,0,0,0,0,0,0,0,0,0,0,0,0,0,0,0,0,0
-26.69007,0,0,0,0,0,0,0,0,0,0,0,0,0,0,0,0,0
-26.66607,0,0,0,0,0,0,0,0,0,0,0,0,0,0,0,0,0
-26.64207,0,0,0,0,0,0,0,0,0,0,0,0,0,0,0,0,0
-26.61807,0,0,0,0,0,0,0,0,0,0,0,0,0,0,0,0,0
-26.59407,0,0,0,0,0,0,0,0,0,0,0,0,0,0,0,0,0
-26.57007,0,0,0,0,0,0,0,0,0,0,0,0,0,0,0,0,0
-26.54607,0,0,0,0,0,0,0,0,0,0,0,0,0,0,0,0,0
-26.52207,0,0,0,0,0,0,0,0,0,0,0,0,0,0,0,0,0
-26.49807,0,0,0,0,0,0,0,0,0,0,0,0,0,0,0,0,0
-26.47407,0,0,0,0,0,0,0,0,0,0,0,0,0,0,0,0,0
-26.45007,0,0,0,0,0,0,0,0,0,0,0,0,0,0,0,0,0
-26.42607,0,0,0,0,0,0,0,0,0,0,0,0,0,0,0,0,0
-26.40207,0,0,0,0,0,0,0,0,0,0,0,0,0,0,0,0,0
-26.37807,0,0,0,0,0,0,0,0,0,0,0,0,0,0,0,0,0
-26.35407,0,0,0,0,0,0,0,0,0,0,0,0,0,0,0,0,0
-26.33007,0,0,0,0,0,0,0,0,0,0,0,0,0,0,0,0,0
-26.30607,0,0,0,0,0,0,0,0,0,0,0,0,0,0,0,0,0
-26.28207,0,0,0,0,0,0,0,0,0,0,0,0,0,0,0,0,0
-26.25807,0,0,0,0,0,0,0,0,0,0,0,0,0,0,0,0,0
-26.23407,0,0,0,0,0,0,0,0,0,0,0,0,0,0,0,0,0
-26.21007,0,0,0,0,0,0,0,0,0,0,0,0,0,0,0,0,0
-26.18607,0,0,0,0,0,0,0,0,0,0,0,0,0,0,0,0,0
-26.16207,0,0,0,0,0,0,0,0,0,0,0,0,0,0,0,0,0
-26.13807,0,0,0,0,0,0,0,0,0,0,0,0,0,0,0,0,0
-26.11407,0,0,0,0,0,0,0,0,0,0,0,0,0,0,0,0,0
-26.09007,0,0,0,0,0,0,0,0,0,0,0,0,0,0,0,0,0
-26.06607,0,0,0,0,0,0,0,0,0,0,0,0,0,0,0,0,0
-26.04207,0,0,0,0,0,0,0,0,0,0,0,0,0,0,0,0,0
-26.01807,0,0,0,0,0,0,0,0,0,0,0,0,0,0,0,0,0
-25.99407,0,0,0,0,0,0,0,0,0,0,0,0,0,0,0,0,0
-25.97007,0,0,0,0,0,0,0,0,0,0,0,0,0,0,0,0,0
-25.94607,0,0,0,0,0,0,0,0,0,0,0,0,0,0,0,0,0
-25.92207,0,0,0,0,0,0,0,0,0,0,0,0,0,0,0,0,0
-25.89907,0,0,0,0,0,0,0,0,0,0,0,0,0,0,0,0,0
-25.87507,0,0,0,0,0,0,0,0,0,0,0,0,0,0,0,0,0
-25.85107,0,0,0,0,0,0,0,0,0,0,0,0,0,0,0,0,0
-25.82707,0,0,0,0,0,0,0,0,0,0,0,0,0,0,0,0,0
-25.80307,0,0,0,0,0,0,0,0,0,0,0,0,0,0,0,0,0
-25.77907,0,0,0,0,0,0,0,0,0,0,0,0,0,0,0,0,0
-25.75507,0,0,0,0,0,0,0,0,0,0,0,0,0,0,0,0,0
-25.73107,0,0,0,0,0,0,0,0,0,0,0,0,0,0,0,0,0
-25.70707,0,0,0,0,0,0,0,0,0,0,0,0,0,0,0,0,0
-25.68307,0,0,0,0,0,0,0,0,0,0,0,0,0,0,0,0,0
-25.65907,0,0,0,0,0,0,0,0,0,0,0,0,0,0,0,0,0
-25.63507,0,0,0,0,0,0,0,0,0,0,0,0,0,0,0,0,0
-25.61107,0,0,0,0,0,0,0,0,0,0,0,0,0,0,0,0,0
-25.58707,0,0,0,0,0,0,0,0,0,0,0,0,0,0,0,0,0
-25.56307,0,0,0,0,0,0,0,0,0,0,0,0,0,0,0,0,0
-25.53907,0,0,0,0,0,0,0,0,0,0,0,0,0,0,0,0,0
-25.51507,0,0,0,0,0,0,0,0,0,0,0,0,0,0,0,0,0
-25.49107,0,0,0,0,0,0,0,0,0,0,0,0,0,0,0,0,0
-25.46707,0,0,0,0,0,0,0,0,0,0,0,0,0,0,0,0,0
-25.44307,0,0,0,0,0,0,0,0,0,0,0,0,0,0,0,0,0
-25.41907,0,0,0,0,0,0,0,0,0,0,0,0,0,0,0,0,0
-25.39507,0,0,0,0,0,0,0,0,0,0,0,0,0,0,0,0,0
-25.37107,0,0,0,0,0,0,0,0,0,0,0,0,0,0,0,0,0
-25.34707,0,0,0,0,0,0,0,0,0,0,0,0,0,0,0,0,0
-25.32307,0,0,0,0,0,0,0,0,0,0,0,0,0,0,0,0,0
-25.29907,0,0,0,0,0,0,0,0,0,0,0,0,0,0,0,0,0
-25.27507,0,0,0,0,0,0,0,0,0,0,0,0,0,0,0,0,0
-25.25107,0,0,0,0,0,0,0,0,0,0,0,0,0,0,0,0,0
-25.22707,0,0,0,0,0,0,0,0,0,0,0,0,0,0,0,0,0
-25.20307,0,0,0,0,0,0,0,0,0,0,0,0,0,0,0,0,0
-25.17907,0,0,0,0,0,0,0,0,0,0,0,0,0,0,0,0,0
-25.15507,0,0,0,0,0,0,0,0,0,0,0,0,0,0,0,0,0
-25.13107,0,0,0,0,0,0,0,0,0,0,0,0,0,0,0,0,0
-25.10707,0,0,0,0,0,0,0,0,0,0,0,0,0,0,0,0,0
-25.08307,0,0,0,0,0,0,0,0,0,0,0,0,0,0,0,0,0
-25.05907,0,0,0,0,0,0,0,0,0,0,0,0,0,0,0,0,0
-25.03507,0,0,0,0,0,0,0,0,0,0,0,0,0,0,0,0,0
-25.01207,0,0,0,0,0,0,0,0,0,0,0,0,0,0,0,0,0
-24.98807,0,0,0,0,0,0,0,0,0,0,0,0,0,0,0,0,0
-24.96407,0,0,0,0,0,0,0,0,0,0,0,0,0,0,0,0,0
-24.94007,0,0,0,0,0,0,0,0,0,0,0,0,0,0,0,0,0
-24.91607,0,0,0,0,0,0,0,0,0,0,0,0,0,0,0,0,0
-24.89207,0,0,0,0,0,0,0,0,0,0,0,0,0,0,0,0,0
-24.86807,0,0,0,0,0,0,0,0,0,0,0,0,0,0,0,0,0
-24.84407,0,0,0,0,0,0,0,0,0,0,0,0,0,0,0,0,0
-24.82007,0,0,0,0,0,0,0,0,0,0,0,0,0,0,0,0,0
-24.79607,0,0,0,0,0,0,0,0,0,0,0,0,0,0,0,0,0
-24.77207,0,0,0,0,0,0,0,0,0,0,0,0,0,0,0,0,0
-24.74807,0,0,0,0,0,0,0,0,0,0,0,0,0,0,0,0,0
-24.72407,0,0,0,0,0,0,0,0,0,0,0,0,0,0,0,0,0
-24.70007,0,0,0,0,0,0,0,0,0,0,0,0,0,0,0,0,0
-24.67607,0,0,0,0,0,0,0,0,0,0,0,0,0,0,0,0,0
-24.65207,0,0,0,0,0,0,0,0,0,0,0,0,0,0,0,0,0
-24.62807,0,0,0,0,0,0,0,0,0,0,0,0,0,0,0,0,0
-24.60407,0,0,0,0,0,0,0,0,0,0,0,0,0,0,0,0,0
-24.58007,0,0,0,0,0,0,0,0,0,0,0,0,0,0,0,0,0
-24.55607,0,0,0,0,0,0,0,0,0,0,0,0,0,0,0,0,0
-24.53207,0,0,0,0,0,0,0,0,0,0,0,0,0,0,0,0,0
-24.50807,0,0,0,0,0,0,0,0,0,0,0,0,0,0,0,0,0
-24.48407,0,0,0,0,0,0,0,0,0,0,0,0,0,0,0,0,0
-24.46007,0,0,0,0,0,0,0,0,0,0,0,0,0,0,0,0,0
-24.43607,0,0,0,0,0,0,0,0,0,0,0,0,0,0,0,0,0
-24.41207,0,0,0,0,0,0,0,0,0,0,0,0,0,0,0,0,0
-24.38807,0,0,0,0,0,0,0,0,0,0,0,0,0,0,0,0,0
-24.36407,0,0,0,0,0,0,0,0,0,0,0,0,0,0,0,0,0
-24.34007,0,0,0,0,0,0,0,0,0,0,0,0,0,0,0,0,0
-24.31607,0,0,0,0,0,0,0,0,0,0,0,0,0,0,0,0,0
-24.29207,0,0,0,0,0,0,0,0,0,0,0,0,0,0,0,0,0
-24.26807,0,0,0,0,0,0,0,0,0,0,0,0,0,0,0,0,0
-24.24407,0,0,0,0,0,0,0,0,0,0,0,0,0,0,0,0,0
-24.22007,0,0,0,0,0,0,0,0,0,0,0,0,0,0,0,0,0
-24.19607,0,0,0,0,0,0,0,0,0,0,0,0,0,0,0,0,0
-24.17207,0,0,0,0,0,0,0,0,0,0,0,0,0,0,0,0,0
-24.14807,0,0,0,0,0,0,0,0,0,0,0,0,0,0,0,0,0
-24.12407,0,0,0,0,0,0,0,0,0,0,0,0,0,0,0,0,0
-24.10107,0,0,0,0,0,0,0,0,0,0,0,0,0,0,0,0,0
-24.07707,0,0,0,0,0,0,0,0,0,0,0,0,0,0,0,0,0
-24.05307,0,0,0,0,0,0,0,0,0,0,0,0,0,0,0,0,0
-24.02907,0,0,0,0,0,0,0,0,0,0,0,0,0,0,0,0,0
-24.00507,0,0,0,0,0,0,0,0,0,0,0,0,0,0,0,0,0
-23.98107,0,0,0,0,0,0,0,0,0,0,0,0,0,0,0,0,0
-23.95707,0,0,0,0,0,0,0,0,0,0,0,0,0,0,0,0,0
-23.93307,0,0,0,0,0,0,0,0,0,0,0,0,0,0,0,0,0
-23.90907,0,0,0,0,0,0,0,0,0,0,0,0,0,0,0,0,0
-23.88507,0,0,0,0,0,0,0,0,0,0,0,0,0,0,0,0,0
-23.86107,0,0,0,0,0,0,0,0,0,0,0,0,0,0,0,0,0
-23.83707,0,0,0,0,0,0,0,0,0,0,0,0,0,0,0,0,0
-23.81307,0,0,0,0,0,0,0,0,0,0,0,0,0,0,0,0,0
-23.78907,0,0,0,0,0,0,0,0,0,0,0,0,0,0,0,0,0
-23.76507,0,0,0,0,0,0,0,0,0,0,0,0,0,0,0,0,0
-23.74107,0,0,0,0,0,0,0,0,0,0,0,0,0,0,0,0,0
-23.71707,0,0,0,0,0,0,0,0,0,0,0,0,0,0,0,0,0
-23.69307,0,0,0,0,0,0,0,0,0,0,0,0,0,0,0,0,0
-23.66907,0,0,0,0,0,0,0,0,0,0,0,0,0,0,0,0,0
-23.64507,0,0,0,0,0,0,0,0,0,0,0,0,0,0,0,0,0
-23.62107,0,0,0,0,0,0,0,0,0,0,0,0,0,0,0,0,0
-23.59707,0,0,0,0,0,0,0,0,0,0,0,0,0,0,0,0,0
-23.57307,0,0,0,0,0,0,0,0,0,0,0,0,0,0,0,0,0
-23.54907,0,0,0,0,0,0,0,0,0,0,0,0,0,0,0,0,0
-23.52507,0,0,0,0,0,0,0,0,0,0,0,0,0,0,0,0,0
-23.50107,0,0,0,0,0,0,0,0,0,0,0,0,0,0,0,0,0
-23.47707,0,0,0,0,0,0,0,0,0,0,0,0,0,0,0,0,0
-23.45307,0,0,0,0,0,0,0,0,0,0,0,0,0,0,0,0,0
-23.42907,0,0,0,0,0,0,0,0,0,0,0,0,0,0,0,0,0
-23.40507,0,0,0,0,0,0,0,0,0,0,0,0,0,0,0,0,0
-23.38107,0,0,0,0,0,0,0,0,0,0,0,0,0,0,0,0,0
-23.35707,0,0,0,0,0,0,0,0,0,0,0,0,0,0,0,0,0
-23.33307,0,0,0,0,0,0,0,0,0,0,0,0,0,0,0,0,0
-23.30907,0,0,0,0,0,0,0,0,0,0,0,0,0,0,0,0,0
-23.28507,0,0,0,0,0,0,0,0,0,0,0,0,0,0,0,0,0
-23.26107,0,0,0,0,0,0,0,0,0,0,0,0,0,0,0,0,0
-23.23707,0,0,0,0,0,0,0,0,0,0,0,0,0,0,0,0,0
-23.21407,0,0,0,0,0,0,0,0,0,0,0,0,0,0,0,0,0
-23.19007,0,0,0,0,0,0,0,0,0,0,0,0,0,0,0,0,0
-23.16607,0,0,0,0,0,0,0,0,0,0,0,0,0,0,0,0,0
-23.14207,0,0,0,0,0,0,0,0,0,0,0,0,0,0,0,0,0
-23.11807,0,0,0,0,0,0,0,0,0,0,0,0,0,0,0,0,0
-23.09407,0,0,0,0,0,0,0,0,0,0,0,0,0,0,0,0,0
-23.07007,0,0,0,0,0,0,0,0,0,0,0,0,0,0,0,0,0
-23.04607,0,0,0,0,0,0,0,0,0,0,0,0,0,0,0,0,0
-23.02207,0,0,0,0,0,0,0,0,0,0,0,0,0,0,0,0,0
-22.99807,0,0,0,0,0,0,0,0,0,0,0,0,0,0,0,0,0
-22.97407,0,0,0,0,0,0,0,0,0,0,0,0,0,0,0,0,0
-22.95007,0,0,0,0,0,0,0,0,0,0,0,0,0,0,0,0,0
-22.92607,0,0,0,0,0,0,0,0,0,0,0,0,0,0,0,0,0
-22.90207,0,0,0,0,0,0,0,0,0,0,0,0,0,0,0,0,0
-22.87807,0,0,0,0,0,0,0,0,0,0,0,0,0,0,0,0,0
-22.85407,0,0,0,0,0,0,0,0,0,0,0,0,0,0,0,0,0
-22.83007,0,0,0,0,0,0,0,0,0,0,0,0,0,0,0,0,0
-22.80607,0,0,0,0,0,0,0,0,0,0,0,0,0,0,0,0,0
-22.78207,0,0,0,0,0,0,0,0,0,0,0,0,0,0,0,0,0
-22.75807,0,0,0,0,0,0,0,0,0,0,0,0,0,0,0,0,0
-22.73407,0,0,0,0,0,0,0,0,0,0,0,0,0,0,0,0,0
-22.71007,0,0,0,0,0,0,0,0,0,0,0,0,0,0,0,0,0
-22.68607,0,0,0,0,0,0,0,0,0,0,0,0,0,0,0,0,0
-22.66207,0,0,0,0,0,0,0,0,0,0,0,0,0,0,0,0,0
-22.63807,0,0,0,0,0,0,0,0,0,0,0,0,0,0,0,0,0
-22.61407,0,0,0,0,0,0,0,0,0,0,0,0,0,0,0,0,0
-22.59007,0,0,0,0,0,0,0,0,0,0,0,0,0,0,0,0,0
-22.56607,0,0,0,0,0,0,0,0,0,0,0,0,0,0,0,0,0
-22.54207,0,0,0,0,0,0,0,0,0,0,0,0,0,0,0,0,0
-22.51807,0,0,0,0,0,0,0,0,0,0,0,0,0,0,0,0,0
-22.49407,0,0,0,0,0,0,0,0,0,0,0,0,0,0,0,0,0
-22.47007,0,0,0,0,0,0,0,0,0,0,0,0,0,0,0,0,0
-22.44607,0,0,0,0,0,0,0,0,0,0,0,0,0,0,0,0,0
-22.42207,0,0,0,0,0,0,0,0,0,0,0,0,0,0,0,0,0
-22.39807,0,0,0,0,0,0,0,0,0,0,0,0,0,0,0,0,0
-22.37407,0,0,0,0,0,0,0,0,0,0,0,0,0,0,0,0,0
-22.35007,0,0,0,0,0,0,0,0,0,0,0,0,0,0,0,0,0
-22.32607,0,0,0,0,0,0,0,0,0,0,0,0,0,0,0,0,0
-22.30307,0,0,0,0,0,0,0,0,0,0,0,0,0,0,0,0,0
-22.27907,0,0,0,0,0,0,0,0,0,0,0,0,0,0,0,0,0
-22.25507,0,0,0,0,0,0,0,0,0,0,0,0,0,0,0,0,0
-22.23107,0,0,0,0,0,0,0,0,0,0,0,0,0,0,0,0,0
-22.20707,0,0,0,0,0,0,0,0,0,0,0,0,0,0,0,0,0
-22.18307,0,0,0,0,0,0,0,0,0,0,0,0,0,0,0,0,0
-22.15907,0,0,0,0,0,0,0,0,0,0,0,0,0,0,0,0,0
-22.13507,0,0,0,0,0,0,0,0,0,0,0,0,0,0,0,0,0
-22.11107,0,0,0,0,0,0,0,0,0,0,0,0,0,0,0,0,0
-22.08707,0,0,0,0,0,0,0,0,0,0,0,0,0,0,0,0,0
-22.06307,0,0,0,0,0,0,0,0,0,0,0,0,0,0,0,0,0
-22.03907,0,0,0,0,0,0,0,0,0,0,0,0,0,0,0,0,0
-22.01507,0,0,0,0,0,0,0,0,0,0,0,0,0,0,0,0,0
-21.99107,0,0,0,0,0,0,0,0,0,0,0,0,0,0,0,0,0
-21.96707,0,0,0,0,0,0,0,0,0,0,0,0,0,0,0,0,0
-21.94307,0,0,0,0,0,0,0,0,0,0,0,0,0,0,0,0,0
-21.91907,0,0,0,0,0,0,0,0,0,0,0,0,0,0,0,0,0
-21.89507,0,0,0,0,0,0,0,0,0,0,0,0,0,0,0,0,0
-21.87107,0,0,0,0,0,0,0,0,0,0,0,0,0,0,0,0,0
-21.84707,0,0,0,0,0,0,0,0,0,0,0,0,0,0,0,0,0
-21.82307,0,0,0,0,0,0,0,0,0,0,0,0,0,0,0,0,0
-21.79907,0,0,0,0,0,0,0,0,0,0,0,0,0,0,0,0,0
-21.77507,0,0,0,0,0,0,0,0,0,0,0,0,0,0,0,0,0
-21.75107,0,0,0,0,0,0,0,0,0,0,0,0,0,0,0,0,0
-21.72707,0,0,0,0,0,0,0,0,0,0,0,0,0,0,0,0,0
-21.70307,0,0,0,0,0,0,0,0,0,0,0,0,0,0,0,0,0
-21.67907,0,0,0,0,0,0,0,0,0,0,0,0,0,0,0,0,0
-21.65507,0,0,0,0,0,0,0,0,0,0,0,0,0,0,0,0,0
-21.63107,0,0,0,0,0,0,0,0,0,0,0,0,0,0,0,0,0
-21.60707,0,0,0,0,0,0,0,0,0,0,0,0,0,0,0,0,0
-21.58307,0,0,0,0,0,0,0,0,0,0,0,0,0,0,0,0,0
-21.55907,0,0,0,0,0,0,0,0,0,0,0,0,0,0,0,0,0
-21.53507,0,0,0,0,0,0,0,0,0,0,0,0,0,0,0,0,0
-21.51107,0,0,0,0,0,0,0,0,0,0,0,0,0,0,0,0,0
-21.48707,0,0,0,0,0,0,0,0,0,0,0,0,0,0,0,0,0
-21.46307,0,0,0,0,0,0,0,0,0,0,0,0,0,0,0,0,0
-21.43907,0,0,0,0,0,0,0,0,0,0,0,0,0,0,0,0,0
-21.41607,0,0,0,0,0,0,0,0,0,0,0,0,0,0,0,0,0
-21.39207,0,0,0,0,0,0,0,0,0,0,0,0,0,0,0,0,0
-21.36807,0,0,0,0,0,0,0,0,0,0,0,0,0,0,0,0,0
-21.34407,0,0,0,0,0,0,0,0,0,0,0,0,0,0,0,0,0
-21.32007,0,0,0,0,0,0,0,0,0,0,0,0,0,0,0,0,0
-21.29607,0,0,0,0,0,0,0,0,0,0,0,0,0,0,0,0,0
-21.27207,0,0,0,0,0,0,0,0,0,0,0,0,0,0,0,0,0
-21.24807,0,0,0,0,0,0,0,0,0,0,0,0,0,0,0,0,0
-21.22407,0,0,0,0,0,0,0,0,0,0,0,0,0,0,0,0,0
-21.20007,0,0,0,0,0,0,0,0,0,0,0,0,0,0,0,0,0
-21.17607,0,0,0,0,0,0,0,0,0,0,0,0,0,0,0,0,0
-21.15207,0,0,0,0,0,0,0,0,0,0,0,0,0,0,0,0,0
-21.12807,0,0,0,0,0,0,0,0,0,0,0,0,0,0,0,0,0
-21.10407,0,0,0,0,0,0,0,0,0,0,0,0,0,0,0,0,0
-21.08007,0,0,0,0,0,0,0,0,0,0,0,0,0,0,0,0,0
-21.05607,0,0,0,0,0,0,0,0,0,0,0,0,0,0,0,0,0
-21.03207,0,0,0,0,0,0,0,0,0,0,0,0,0,0,0,0,0
-21.00807,0,0,0,0,0,0,0,0,0,0,0,0,0,0,0,0,0
-20.98407,0,0,0,0,0,0,0,0,0,0,0,0,0,0,0,0,0
-20.96007,0,0,0,0,0,0,0,0,0,0,0,0,0,0,0,0,0
-20.93607,0,0,0,0,0,0,0,0,0,0,0,0,0,0,0,0,0
-20.91207,0,0,0,0,0,0,0,0,0,0,0,0,0,0,0,0,0
-20.88807,0,0,0,0,0,0,0,0,0,0,0,0,0,0,0,0,0
-20.86407,0,0,0,0,0,0,0,0,0,0,0,0,0,0,0,0,0
-20.84007,0,0,0,0,0,0,0,0,0,0,0,0,0,0,0,0,0
-20.81607,0,0,0,0,0,0,0,0,0,0,0,0,0,0,0,0,0
-20.79207,0,0,0,0,0,0,0,0,0,0,0,0,0,0,0,0,0
-20.76807,0,0,0,0,0,0,0,0,0,0,0,0,0,0,0,0,0
-20.74407,0,0,0,0,0,0,0,0,0,0,0,0,0,0,0,0,0
-20.72007,0,0,0,0,0,0,0,0,0,0,0,0,0,0,0,0,0
-20.69607,0,0,0,0,0,0,0,0,0,0,0,0,0,0,0,0,0
-20.67207,0,0,0,0,0,0,0,0,0,0,0,0,0,0,0,0,0
-20.64807,0,0,0,0,0,0,0,0,0,0,0,0,0,0,0,0,0
-20.62407,0,0,0,0,0,0,0,0,0,0,0,0,0,0,0,0,0
-20.60007,0,0,0,0,0,0,0,0,0,0,0,0,0,0,0,0,0
-20.57607,0,0,0,0,0,0,0,0,0,0,0,0,0,0,0,0,0
-20.55207,0,0,0,0,0,0,0,0,0,0,0,0,0,0,0,0,0
-20.52907,0,0,0,0,0,0,0,0,0,0,0,0,0,0,0,0,0
-20.50507,0,0,0,0,0,0,0,0,0,0,0,0,0,0,0,0,0
-20.48107,0,0,0,0,0,0,0,0,0,0,0,0,0,0,0,0,0
-20.45707,0,0,0,0,0,0,0,0,0,0,0,0,0,0,0,0,0
-20.43307,0,0,0,0,0,0,0,0,0,0,0,0,0,0,0,0,0
-20.40907,0,0,0,0,0,0,0,0,0,0,0,0,0,0,0,0,0
-20.38507,0,0,0,0,0,0,0,0,0,0,0,0,0,0,0,0,0
-20.36107,0,0,0,0,0,0,0,0,0,0,0,0,0,0,0,0,0
-20.33707,0,0,0,0,0,0,0,0,0,0,0,0,0,0,0,0,0
-20.31307,0,0,0,0,0,0,0,0,0,0,0,0,0,0,0,0,0
-20.28907,0,0,0,0,0,0,0,0,0,0,0,0,0,0,0,0,0
-20.26507,0,0,0,0,0,0,0,0,0,0,0,0,0,0,0,0,0
-20.24107,0,0,0,0,0,0,0,0,0,0,0,0,0,0,0,0,0
-20.21707,0,0,0,0,0,0,0,0,0,0,0,0,0,0,0,0,0
-20.19307,0,0,0,0,0,0,0,0,0,0,0,0,0,0,0,0,0
-20.16907,0,0,0,0,0,0,0,0,0,0,0,0,0,0,0,0,0
-20.14507,0,0,0,0,0,0,0,0,0,0,0,0,0,0,0,0,0
-20.12107,0,0,0,0,0,0,0,0,0,0,0,0,0,0,0,0,0
-20.09707,0,0,0,0,0,0,0,0,0,0,0,0,0,0,0,0,0
-20.07307,0,0,0,0,0,0,0,0,0,0,0,0,0,0,0,0,0
-20.04907,0,0,0,0,0,0,0,0,0,0,0,0,0,0,0,0,0
-20.02507,0,0,0,0,0,0,0,0,0,0,0,0,0,0,0,0,0
-20.00107,0,0,0,0,0,0,0,0,0,0,0,0,0,0,0,0,0
-19.97707,0,0,0,0,0,0,0,0,0,0,0,0,0,0,0,0,0
-19.95307,0,0,0,0,0,0,0,0,0,0,0,0,0,0,0,0,0
-19.92907,0,0,0,0,0,0,0,0,0,0,0,0,0,0,0,0,0
-19.90507,0,0,0,0,0,0,0,0,0,0,0,0,0,0,0,0,0
-19.88107,0,0,0,0,0,0,0,0,0,0,0,0,0,0,0,0,0
-19.85707,0,0,0,0,0,0,0,0,0,0,0,0,0,0,0,0,0
-19.83307,0,0,0,0,0,0,0,0,0,0,0,0,0,0,0,0,0
-19.80907,0,0,0,0,0,0,0,0,0,0,0,0,0,0,0,0,0
-19.78507,0,0,0,0,0,0,0,0,0,0,0,0,0,0,0,0,0
-19.76107,0,0,0,0,0,0,0,0,0,0,0,0,0,0,0,0,0
-19.73707,0,0,0,0,0,0,0,0,0,0,0,0,0,0,0,0,0
-19.71307,0,0,0,0,0,0,0,0,0,0,0,0,0,0,0,0,0
-19.68907,0,0,0,0,0,0,0,0,0,0,0,0,0,0,0,0,0
-19.66507,0,0,0,0,0,0,0,0,0,0,0,0,0,0,0,0,0
-19.64107,0,0,0,0,0,0,0,0,0,0,0,0,0,0,0,0,0
-19.61807,0.00317,0.00002,0.04137,0.00004,0,0,0.00318,0.00001,0.00002,0,0,0,0.00019,0,0,0,0.048
-19.59407,0.00277,0.00005,0.03584,0.00011,0,0.00001,0.00281,0.00002,0.00001,0,0,0,0.00017,0,0,0,0.0418
-19.57007,0.00287,0.00009,0.03697,0.00018,0,0.00002,0.00295,0.00004,0.00001,0,0,0,0.00018,0,0,0,0.04332
-19.54607,0.00253,0.00014,0.03235,0.00024,0,0.00003,0.00263,0.00005,0.00001,0,0,0,0.00016,0,0,0,0.03816
-19.52207,0.00245,0.00022,0.03118,0.0003,0,0.00005,0.00257,0.00007,0.00001,0,0,0,0.00016,0.00001,0,0,0.03702
-19.49807,0.00219,0.00041,0.02762,0.00035,0,0.00009,0.00232,0.00008,0.00001,0,0,0.00001,0.00015,0.00001,0,0,0.03324
-19.47407,0.00168,0.00021,0.02103,0.00039,0,0.00005,0.00181,0.00009,0.00001,0,0,0,0.00011,0.00001,0,0,0.02539
-19.45007,0.0015,0.00017,0.01866,0.00043,0,0.00004,0.00163,0.0001,0.00001,0,0,0,0.0001,0.00001,0,0,0.02266
-19.42607,0.00139,0.00014,0.01725,0.00047,0,0.00003,0.00153,0.00011,0,0,0,0,0.0001,0.00001,0,0,0.02103
-19.40207,0.00123,0.00012,0.0151,0.00051,0,0.00003,0.00136,0.00012,0,0,0,0,0.00009,0.00001,0,0,0.01859
-19.37807,0.00108,0.0001,0.01313,0.00056,0,0.00002,0.00121,0.00014,0,0,0,0,0.00008,0.00001,0,0,0.01633
-19.35407,0.00099,0.00009,0.01195,0.0006,0,0.00002,0.00112,0.00015,0,0,0,0,0.00007,0.00001,0,0,0.01502
-19.33007,0.00092,0.00009,0.01108,0.00064,0,0.00002,0.00105,0.00016,0,0,0,0,0.00007,0.00001,0,0,0.01405
-19.30607,0.00529,0.0001,0.06316,0.00081,0,0.00002,0.00615,0.00021,0.00004,0,0,0,0.00041,0.00002,0.00001,0,0.07622
-19.28207,0.00667,0.00011,0.07917,0.00141,0,0.00003,0.00781,0.00036,0.00005,0,0,0,0.00052,0.00003,0.00001,0,0.09617
-19.25807,0.00577,0.00012,0.06797,0.00105,0,0.00003,0.00685,0.00027,0.00004,0,0,0,0.00046,0.00002,0.00001,0,0.0826
-19.23407,0.00588,0.00012,0.06893,0.00091,0,0.00003,0.00704,0.00024,0.00005,0,0,0,0.00048,0.00002,0.00001,0,0.08371
-19.21007,0.00598,0.00013,0.06954,0.00095,0,0.00003,0.00726,0.00025,0.00005,0,0,0,0.0005,0.00002,0.00001,0,0.08472
-19.18607,0.00612,0.00013,0.07081,0.00092,0,0.00003,0.0075,0.00025,0.00005,0,0,0,0.00051,0.00002,0.00001,0,0.08636
-19.16207,0.00687,0.00007,0.07894,0.0009,0,0.00002,0.00853,0.00024,0.00006,0,0,0,0.00059,0.00002,0.00001,0,0.09626
-19.13807,0.00894,0.00007,0.1022,0.00108,0,0.00002,0.0112,0.0003,0.00009,0,0,0,0.00078,0.00002,0.00002,0,0.12471
-19.11407,0.00815,0.00008,0.09263,0.00226,0,0.00002,0.01034,0.00063,0.00006,0,0,0,0.00073,0.00005,0.00001,0,0.11497
-19.09007,0.00677,0.00011,0.07661,0.00269,0,0.00003,0.00867,0.00076,0.00005,0,0,0,0.00061,0.00006,0.00001,0,0.09638
-19.06607,0.0058,0.00017,0.06529,0.00358,0,0.00005,0.00749,0.00101,0.00004,0,0,0,0.00053,0.00008,0.00001,0,0.08406
-19.04207,0.00411,0.00013,0.04605,0.00391,0,0.00003,0.00535,0.00112,0.00003,0,0,0,0.00038,0.00009,0.00001,0,0.06122
-19.01807,0.00224,0.00003,0.02501,0.00187,0,0.00001,0.00294,0.00054,0.00002,0,0,0,0.00021,0.00004,0,0,0.03293
-18.99407,0.00161,0.00004,0.01789,0.00194,0,0.00001,0.00214,0.00056,0.00001,0,0,0,0.00015,0.00005,0,0,0.02442
-18.97007,0.00072,0.00002,0.00789,0.00047,0,0,0.00099,0.00014,0,0,0,0,0.00007,0.00001,0,0,0.01032
-18.94607,0.00101,0.00002,0.011,0.00062,0,0.00001,0.00139,0.00018,0,0,0,0,0.0001,0.00002,0,0,0.01435
-18.92207,0.00193,0.00003,0.02097,0.00098,0.00001,0.00001,0.00269,0.00029,0,0,0,0,0.0002,0.00002,0,0,0.02713
-18.89807,0.00608,0.00004,0.06578,0.00156,0.00001,0.00001,0.00856,0.00047,0.00001,0,0,0,0.00064,0.00004,0,0,0.08322
-18.87407,0.00415,0.00003,0.04468,0.0012,0,0.00001,0.00589,0.00037,0.00001,0,0,0,0.00044,0.00003,0,0,0.05682
-18.85007,0.0032,0.00003,0.03433,0.00102,0,0.00001,0.00457,0.00032,0.00001,0,0,0,0.00035,0.00003,0,0,0.04385
-18.82607,0.00526,0.00003,0.05607,0.00055,0,0.00001,0.00769,0.00018,0.00001,0,0,0,0.00059,0.00002,0,0,0.07039
-18.80207,0.00596,0.00003,0.06323,0.00067,0,0.00001,0.00877,0.00022,0.00001,0,0,0,0.00067,0.00002,0,0,0.07959
-18.77807,0.00556,0.00004,0.05875,0.00071,0,0.00001,0.00828,0.00023,0.00001,0,0,0,0.00064,0.00002,0,0,0.07426
-18.75407,0.00574,0.00004,0.06033,0.00081,0,0.00001,0.00864,0.00027,0.00001,0,0,0,0.00067,0.00002,0,0,0.07655
-18.73107,0.00612,0.00004,0.06394,0.00091,0,0.00001,0.00933,0.0003,0.00001,0,0,0,0.00073,0.00003,0,0,0.08143
-18.70707,0.00724,0.00004,0.07534,0.00105,0,0.00001,0.01117,0.00035,0.00001,0,0,0,0.00088,0.00003,0,0,0.09614
-18.68307,0.00768,0.00004,0.07953,0.00116,0,0.00001,0.01199,0.00039,0.00001,0,0,0,0.00095,0.00003,0,0,0.10182
-18.65907,0.00616,0.00003,0.06346,0.00115,0,0.00001,0.00976,0.00039,0.00001,0,0,0,0.00078,0.00003,0,0,0.0818
-18.63507,0.00592,0.00003,0.06079,0.00119,0,0.00001,0.00946,0.00041,0,0,0,0,0.00076,0.00004,0,0,0.07862
-18.61107,0.0057,0.00003,0.05824,0.00122,0,0.00001,0.00918,0.00042,0,0,0,0,0.00074,0.00004,0,0,0.07559
-18.58707,0.00549,0.00003,0.05591,0.00125,0,0.00001,0.00892,0.00043,0,0,0,0,0.00073,0.00004,0,0,0.07281
-18.56307,0.00527,0.00003,0.05345,0.00127,0,0.00001,0.00866,0.00045,0,0,0,0,0.00071,0.00004,0,0,0.06988
-18.53907,0.00498,0.00002,0.05023,0.00127,0,0.00001,0.00831,0.00045,0,0,0,0,0.00069,0.00004,0,0,0.06601
-18.51507,0.00478,0.00002,0.04795,0.00126,0,0.00001,0.00811,0.00045,0,0,0,0,0.00068,0.00004,0,0,0.06331
-18.49107,0.0047,0.00002,0.04694,0.00124,0,0.00001,0.00807,0.00045,0,0,0,0,0.00068,0.00004,0,0,0.06216
-18.46707,0.00465,0.00002,0.04626,0.00123,0,0.00001,0.00806,0.00045,0,0,0,0,0.00068,0.00004,0,0,0.0614
-18.44307,0.0046,0.00002,0.04566,0.00121,0,0.00001,0.00806,0.00045,0,0,0,0,0.00068,0.00004,0,0,0.06074
-18.41907,0.00456,0.00002,0.04515,0.00119,0,0.00001,0.00808,0.00044,0,0,0,0,0.00069,0.00004,0,0,0.0602
-18.39507,0.00454,0.00002,0.04476,0.00118,0,0.00001,0.00814,0.00044,0,0,0,0,0.0007,0.00004,0,0,0.05983
-18.37107,0.00467,0.00002,0.04583,0.00117,0,0.00001,0.00849,0.00044,0,0,0,0,0.00073,0.00004,0,0,0.06141
-18.34707,0.00487,0.00002,0.04767,0.00115,0,0.00001,0.00894,0.00044,0.00001,0,0,0,0.00078,0.00004,0,0,0.06392
-18.32307,0.00506,0.00003,0.04927,0.00108,0,0.00001,0.00943,0.00042,0.00001,0,0,0,0.00083,0.00004,0,0,0.06617
-18.29907,0.00513,0.00002,0.04976,0.00101,0,0.00001,0.00966,0.00039,0.00001,0,0,0,0.00085,0.00004,0,0,0.06689
-18.27507,0.00477,0.00002,0.04612,0.00089,0,0.00001,0.0091,0.00035,0.00001,0,0,0,0.00081,0.00003,0,0,0.06211
-18.25107,0.00457,0,0.04397,0.00081,0,0,0.00884,0.00032,0,0,0,0,0.00079,0.00003,0,0,0.05934
-18.22707,0.00486,0,0.04661,0.00078,0,0,0.00953,0.00031,0.00001,0,0,0,0.00086,0.00003,0,0,0.06299
-18.20307,0.00491,0,0.04701,0.00074,0,0,0.00968,0.0003,0.00001,0,0,0,0.00087,0.00003,0,0,0.06355
-18.17907,0.00496,0,0.04741,0.0007,0,0,0.00984,0.00028,0.00001,0,0,0,0.00089,0.00003,0,0,0.06412
-18.15507,0.0076,0,0.07217,0.0007,0,0,0.01536,0.00029,0.00002,0,0,0,0.0014,0.00003,0,0,0.09756
-18.13107,0.00996,0,0.09434,0.00063,0,0,0.0204,0.00026,0.00002,0,0,0,0.00187,0.00002,0,0,0.12752
-18.10707,0.01189,0,0.1124,0.00047,0,0,0.02459,0.00019,0.00003,0,0,0,0.00227,0.00002,0,0,0.15187
-18.08307,0.00534,0,0.05031,0.00014,0,0,0.01114,0.00006,0.00001,0,0,0,0.00103,0.00001,0,0,0.06804
-18.05907,0,0,0,0,0,0,0,0,0,0,0,0,0,0,0,0,0
-18.03507,0,0,0,0,0,0,0,0,0,0,0,0,0,0,0,0,0
-18.01107,0,0,0,0,0,0,0,0,0,0,0,0,0,0,0,0,0
-17.98707,0,0,0,0,0,0,0,0,0,0,0,0,0,0,0,0,0
-17.96307,0,0,0,0,0,0,0,0,0,0,0,0,0,0,0,0,0
-17.93907,0,0,0,0,0,0,0,0,0,0,0,0,0,0,0,0,0
-17.91507,0,0,0,0,0,0,0,0,0,0,0,0,0,0,0,0,0
-17.89107,0,0,0,0,0,0,0,0,0,0,0,0,0,0,0,0,0
-17.86707,0,0,0,0,0,0,0,0,0,0,0,0,0,0,0,0,0
-17.84307,0,0,0,0,0,0,0,0,0,0,0,0,0,0,0,0,0
-17.82007,0,0,0,0,0,0,0,0,0,0,0,0,0,0,0,0,0
-17.79607,0,0,0,0,0,0,0,0,0,0,0,0,0,0,0,0,0
-17.77207,0,0,0,0,0,0,0,0,0,0,0,0,0,0,0,0,0
-17.74807,0,0,0,0,0,0,0,0,0,0,0,0,0,0,0,0,0
-17.72407,0,0,0,0,0,0,0,0,0,0,0,0,0,0,0,0,0
-17.70007,0,0,0,0,0,0,0,0,0,0,0,0,0,0,0,0,0
-17.67607,0,0,0,0,0,0,0,0,0,0,0,0,0,0,0,0,0
-17.65207,0,0,0,0,0,0,0,0,0,0,0,0,0,0,0,0,0
-17.62807,0.00003,0,0.0003,0.00119,0,0,0.00009,0.00062,0,0,0,0,0.00001,0.00006,0,0,0.00231
-17.60407,0.00006,0,0.00054,0.00178,0,0,0.00017,0.00093,0,0,0,0,0.00002,0.00009,0,0,0.00359
-17.58007,0.00009,0,0.00078,0.00216,0,0,0.00024,0.00113,0,0,0,0,0.00003,0.00011,0,0,0.00454
-17.55607,0.00012,0,0.00103,0.00253,0.00001,0,0.00033,0.00133,0,0,0,0,0.00003,0.00013,0,0,0.00551
-17.53207,0.00015,0,0.00131,0.0028,0.00001,0,0.00042,0.00148,0,0,0,0,0.00004,0.00015,0,0,0.00637
-17.50807,0.00015,0,0.00137,0.00246,0.00001,0,0.00045,0.00132,0,0,0,0,0.00005,0.00013,0,0,0.00595
-17.48407,0.00016,0,0.00145,0.00238,0.00001,0,0.00048,0.00129,0,0,0,0,0.00005,0.00013,0,0,0.00597
-17.46007,0.00018,0,0.00158,0.00237,0.00001,0,0.00053,0.0013,0,0,0,0,0.00006,0.00013,0,0,0.00618
-17.43607,0.00019,0,0.00169,0.00239,0.00002,0,0.00058,0.00132,0,0,0,0,0.00006,0.00014,0,0,0.0064
-17.41207,0.0002,0,0.00178,0.00243,0.00002,0,0.00061,0.00135,0,0,0,0,0.00007,0.00014,0,0,0.00662
-17.38807,0.00022,0,0.00197,0.00307,0.00003,0,0.00068,0.00172,0.00001,0,0.00001,0,0.00008,0.00018,0,0,0.00797
-17.36407,0.00024,0,0.00211,0.00286,0.00003,0,0.00074,0.00161,0.00001,0,0.00001,0,0.00008,0.00017,0,0,0.00786
-17.34007,0.00025,0,0.00219,0.00263,0.00002,0,0.00077,0.00149,0.00001,0,0.00001,0,0.00009,0.00015,0,0,0.00762
-17.31607,0.00026,0,0.00226,0.0024,0.00002,0,0.0008,0.00137,0.00001,0,0.00001,0,0.00009,0.00014,0,0,0.00737
-17.29207,0.00026,0,0.00226,0.00191,0.00002,0,0.00081,0.0011,0.00001,0,0,0,0.00009,0.00011,0,0,0.00658
-17.26807,0.00026,0.00005,0.00233,0.00229,0.00004,0.00003,0.00085,0.00133,0.00001,0,0.00001,0,0.0001,0.00014,0,0,0.00744
-17.24407,0.00026,0.00012,0.00233,0.0023,0.00005,0.00007,0.00086,0.00135,0.00001,0,0.00001,0.00001,0.0001,0.00014,0,0,0.00761
-17.22007,0.00027,0.00013,0.00238,0.00237,0.00006,0.00008,0.00089,0.0014,0.00001,0,0.00002,0.00001,0.0001,0.00015,0,0,0.00787
-17.19607,0.00027,0.00015,0.0024,0.0022,0.00006,0.00009,0.00091,0.00131,0.00001,0,0.00001,0.00001,0.00011,0.00014,0,0,0.00768
-17.17207,0.00028,0.00017,0.00245,0.0022,0.00006,0.0001,0.00094,0.00133,0.00001,0,0.00002,0.00001,0.00011,0.00014,0,0,0.00782
-17.14807,0.00028,0.00019,0.00249,0.00221,0.00007,0.00012,0.00097,0.00134,0.00001,0,0.00002,0.00001,0.00011,0.00014,0,0,0.00796
-17.12407,0.00029,0.00145,0.00253,0.00219,0.00008,0.00086,0.001,0.00134,0.00001,0.00001,0.00002,0.00009,0.00012,0.00014,0,0,0.0101
-17.10007,0.0003,0.00405,0.00264,0.00216,0.00009,0.0024,0.00105,0.00133,0.00001,0.00002,0.00002,0.00024,0.00012,0.00014,0,0,0.01457
-17.07607,0.00032,0.00295,0.00285,0.00217,0.0001,0.00177,0.00116,0.00135,0.00001,0.00001,0.00003,0.00018,0.00014,0.00014,0,0,0.01318
-17.05207,0.00037,0.00239,0.00327,0.00235,0.0001,0.00144,0.00135,0.00147,0.00001,0.00001,0.00003,0.00015,0.00016,0.00016,0,0,0.01326
-17.02807,0.00041,0.00274,0.00362,0.00249,0.00012,0.00166,0.00151,0.00157,0.00001,0.00001,0.00003,0.00017,0.00018,0.00017,0,0,0.01469
-17.00407,0.00047,0.00382,0.00413,0.00309,0.00019,0.00233,0.00174,0.00197,0.00001,0.00002,0.00005,0.00024,0.00021,0.00021,0,0,0.01848
-16.98007,0.00053,0.00324,0.00465,0.00349,0.00022,0.00199,0.00198,0.00224,0.00002,0.00002,0.00006,0.0002,0.00024,0.00024,0,0,0.01913
-16.95607,0.00049,0.00301,0.00428,0.00286,0.00022,0.00187,0.00184,0.00184,0.00002,0.00002,0.00006,0.00019,0.00022,0.0002,0,0,0.0171
-16.93307,0.00047,0.00261,0.00413,0.00223,0.0002,0.00164,0.0018,0.00144,0.00001,0.00001,0.00005,0.00017,0.00022,0.00016,0,0,0.01514
-16.90907,0.00044,0.00276,0.00388,0.00195,0.00021,0.00175,0.00171,0.00127,0.00001,0.00001,0.00005,0.00018,0.00021,0.00014,0,0,0.0146
-16.88507,0.00041,0.00285,0.00357,0.00165,0.00023,0.00181,0.00158,0.00108,0.00001,0.00001,0.00006,0.00019,0.00019,0.00012,0,0,0.01377
-16.86107,0.00043,0.0045,0.00378,0.0017,0.00032,0.00289,0.0017,0.00113,0.00001,0.00002,0.00008,0.0003,0.00021,0.00012,0,0,0.01719
-16.83707,0.00042,0.00355,0.00368,0.00178,0.00029,0.00229,0.00167,0.00119,0.00001,0.00002,0.00008,0.00024,0.00021,0.00013,0,0,0.01557
-16.81307,0.00041,0.00323,0.00363,0.00199,0.00033,0.0021,0.00166,0.00134,0.00001,0.00002,0.00008,0.00022,0.00021,0.00015,0,0,0.01537
-16.78907,0.00043,0.00265,0.0038,0.00199,0.00034,0.00174,0.00178,0.00135,0.00001,0.00001,0.00009,0.00018,0.00022,0.00015,0,0,0.01476
-16.76507,0.00046,0.00309,0.00401,0.00194,0.00055,0.00204,0.00192,0.00133,0.00001,0.00002,0.00014,0.00021,0.00024,0.00015,0,0,0.01612
-16.74107,0.00048,0.00322,0.00423,0.00197,0.00063,0.00214,0.00204,0.00136,0.00001,0.00002,0.00016,0.00022,0.00026,0.00015,0,0,0.0169
-16.71707,0.00051,0.00324,0.00447,0.00202,0.0007,0.00216,0.00218,0.0014,0.00001,0.00002,0.00018,0.00023,0.00028,0.00016,0,0,0.01755
-16.69307,0.00062,0.00348,0.00545,0.00235,0.00088,0.00235,0.00271,0.00164,0.00002,0.00002,0.00023,0.00025,0.00035,0.00018,0,0,0.02052
-16.66907,0.00077,0.00323,0.00685,0.0027,0.00078,0.0022,0.00346,0.00192,0.00002,0.00002,0.0002,0.00023,0.00045,0.00021,0,0,0.02306
-16.64507,0.00157,0.00321,0.01389,0.00488,0.00092,0.0022,0.00713,0.00351,0.00005,0.00002,0.00024,0.00023,0.00093,0.0004,0.00001,0.00001,0.03919
-16.62107,0.00099,0.00297,0.00879,0.00288,0.00075,0.00205,0.00458,0.00209,0.00003,0.00002,0.00019,0.00022,0.0006,0.00024,0.00001,0.00001,0.0264
-16.59707,0.00071,0.00254,0.00634,0.00198,0.0007,0.00177,0.00336,0.00145,0.00002,0.00001,0.00018,0.00019,0.00044,0.00016,0,0,0.01987
-16.57307,0.00061,0.00227,0.0054,0.00154,0.0006,0.00159,0.0029,0.00113,0.00002,0.00001,0.00015,0.00017,0.00038,0.00013,0,0,0.01691
-16.54907,0.00058,0.00208,0.00515,0.00134,0.0005,0.00146,0.0028,0.00099,0.00002,0.00001,0.00013,0.00016,0.00037,0.00011,0,0,0.01571
-16.52507,0.00054,0.00193,0.00485,0.00119,0.00042,0.00137,0.00265,0.00089,0.00002,0.00001,0.00011,0.00015,0.00035,0.0001,0,0,0.01459
-16.50107,0.00043,0.00151,0.00385,0.00101,0.00031,0.00107,0.00213,0.00075,0.00001,0.00001,0.00008,0.00011,0.00028,0.00009,0,0,0.01165
-16.47707,0.00048,0.00238,0.00426,0.00092,0.00028,0.00171,0.00238,0.00069,0.00001,0.00002,0.00007,0.00018,0.00032,0.00008,0,0,0.01378
-16.45307,0.00037,0.00221,0.00332,0.00082,0.00022,0.0016,0.00188,0.00063,0.00001,0.00001,0.00006,0.00017,0.00025,0.00007,0,0,0.01163
-16.42907,0.00039,0.00075,0.00351,0.0011,0.00004,0.00055,0.00201,0.00085,0.00001,0,0.00001,0.00006,0.00027,0.0001,0,0,0.00967
-16.40507,0.00036,0.00029,0.00322,0.00087,0.00002,0.00021,0.00186,0.00067,0.00001,0,0.00001,0.00002,0.00025,0.00008,0,0,0.00788
-16.38107,0.00041,0.00013,0.00366,0.0009,0.00002,0.0001,0.00214,0.0007,0.00002,0,0.00001,0.00001,0.00029,0.00008,0,0,0.00847
-16.35707,0.00095,0.00008,0.00857,0.0023,0.00002,0.00006,0.00513,0.00183,0.00004,0,0,0.00001,0.00071,0.00021,0.00001,0.00001,0.01993
-16.33307,0,0,0.00001,0.0003,0.00001,0,0.00001,0.00024,0,0,0,0,0,0.00003,0,0,0.00059
-16.30907,0.00012,0.00026,0.00109,0.00075,0.00005,0.0002,0.00068,0.0006,0,0,0.00001,0.00002,0.00009,0.00007,0,0,0.00394
-16.28507,0.00015,0.00034,0.00137,0.00088,0.00006,0.00026,0.00086,0.0007,0,0,0.00001,0.00003,0.00012,0.00008,0,0,0.00487
-16.26107,0.00154,0.00814,0.01383,0.00107,0.00011,0.00627,0.00864,0.00087,0.00003,0.00006,0.00003,0.00069,0.00122,0.0001,0,0,0.04261
-16.23707,0.00023,0.00081,0.00207,0.00098,0.00006,0.00063,0.00133,0.00079,0,0.00001,0.00002,0.00007,0.00019,0.00009,0,0,0.00727
-16.21307,0.00024,0.00081,0.0022,0.00108,0.00007,0.00064,0.00144,0.00088,0,0.00001,0.00002,0.00007,0.00021,0.0001,0,0,0.00776
-16.18907,0.00025,0.00081,0.00229,0.00117,0.00007,0.00064,0.00151,0.00096,0,0.00001,0.00002,0.00007,0.00022,0.00011,0,0,0.00813
-16.16507,0.00026,0.00081,0.00238,0.00125,0.00008,0.00064,0.00158,0.00102,0.00001,0.00001,0.00002,0.00007,0.00023,0.00012,0,0,0.00848
-16.14107,0.00027,0.00081,0.00247,0.00118,0.00009,0.00064,0.00165,0.00098,0.00001,0.00001,0.00002,0.00007,0.00024,0.00012,0,0,0.00855
-16.11707,0.0003,0.00079,0.00279,0.00147,0.0001,0.00063,0.00189,0.00123,0.00001,0.00001,0.00003,0.00007,0.00028,0.00015,0,0,0.00973
-16.09307,0.00031,0.00078,0.0029,0.00148,0.00009,0.00063,0.00199,0.00125,0.00001,0.00001,0.00003,0.00007,0.00029,0.00015,0,0,0.00998
-16.06907,0.0004,0.00077,0.00375,0.00174,0.0001,0.00062,0.00262,0.00149,0.00001,0.00001,0.00003,0.00007,0.00038,0.00018,0,0,0.01217
-16.04507,0.00078,0.00074,0.00728,0.00294,0.00009,0.00061,0.00517,0.00256,0.00003,0.00001,0.00002,0.00007,0.00076,0.00031,0.00001,0.00001,0.0214
-16.02207,0.00029,0.0007,0.0027,0.00135,0.00009,0.00058,0.00197,0.00117,0.00001,0.00001,0.00002,0.00007,0.00029,0.00014,0,0,0.00938
-15.99807,0.00028,0.00067,0.00262,0.00137,0.00009,0.00056,0.00193,0.00118,0.00001,0.00001,0.00002,0.00006,0.00029,0.00014,0,0,0.00923
-15.97407,0.00027,0.00065,0.00253,0.00138,0.00009,0.00054,0.00188,0.0012,0.00001,0.00001,0.00002,0.00006,0.00028,0.00014,0,0,0.00908
-15.95007,0.00026,0.00064,0.0025,0.00141,0.0001,0.00054,0.00188,0.00122,0.00001,0.00001,0.00003,0.00006,0.00028,0.00015,0,0,0.00908
-15.92607,0.00026,0.00063,0.00249,0.00144,0.0001,0.00053,0.00188,0.00126,0.00001,0,0.00003,0.00006,0.00028,0.00015,0,0,0.00913
-15.90207,0.00027,0.0007,0.0026,0.00152,0.00011,0.00059,0.00199,0.00134,0.00001,0.00001,0.00003,0.00007,0.0003,0.00016,0,0,0.00971
-15.87807,0.00028,0.00076,0.00271,0.00156,0.00012,0.00065,0.0021,0.00138,0.00001,0.00001,0.00003,0.00007,0.00032,0.00017,0,0,0.01019
-15.85407,0.00032,0.00092,0.00311,0.00179,0.00014,0.0008,0.00244,0.00159,0.00002,0.00001,0.00004,0.00009,0.00037,0.00019,0,0,0.01182
-15.83007,0.00042,0.00105,0.00411,0.00244,0.00014,0.00092,0.00328,0.00218,0.00003,0.00001,0.00004,0.00011,0.00051,0.00027,0.00001,0,0.01551
-15.80607,0.0005,0.00108,0.00482,0.00267,0.00011,0.00094,0.00389,0.00241,0.00004,0.00001,0.00003,0.00011,0.0006,0.0003,0.00001,0,0.01751
-15.78207,0.00034,0.00071,0.0033,0.00153,0.00007,0.00062,0.00268,0.00138,0.00002,0.00001,0.00002,0.00007,0.00042,0.00017,0.00001,0,0.01133
-15.75807,0.0001,0.00019,0.00101,0.00057,0.00002,0.00017,0.00083,0.00052,0.00001,0,0.00001,0.00002,0.00013,0.00006,0,0,0.00366
-15.73407,0.00005,0.0001,0.00053,0.0003,0.00001,0.00009,0.00044,0.00027,0.00001,0,0,0.00001,0.00007,0.00003,0,0,0.00191
-15.71007,0,0.00001,0.00004,0.00002,0,0.00001,0.00003,0.00002,0,0,0,0,0.00001,0,0,0,0.00014
-15.68607,0,0,0.00001,0.00002,0,0,0.00001,0.00002,0,0,0,0,0,0,0,0,0.00007
-15.66207,0.00003,0.00006,0.00029,0.00035,0.00002,0.00005,0.00026,0.00034,0,0,0.00001,0.00001,0.00004,0.00004,0,0,0.0015
-15.63807,0.00009,0.00024,0.00086,0.00137,0.00022,0.00022,0.00078,0.0013,0.00001,0,0.00006,0.00003,0.00013,0.00016,0,0,0.00548
-15.61407,0.00014,0.00043,0.00146,0.00192,0.0003,0.0004,0.00133,0.00183,0.00001,0,0.00008,0.00005,0.00022,0.00023,0,0,0.0084
-15.59007,0.00018,0.00054,0.00187,0.00192,0.00027,0.00051,0.00171,0.00185,0.00002,0,0.00007,0.00006,0.00028,0.00023,0,0,0.00953
-15.56607,0.00021,0.00048,0.00212,0.00185,0.00023,0.00045,0.00195,0.00179,0.00002,0,0.00006,0.00005,0.00032,0.00023,0,0,0.00977
-15.54207,0.00028,0.00043,0.00287,0.00215,0.00018,0.00041,0.00268,0.00211,0.00003,0,0.00005,0.00005,0.00044,0.00027,0.00001,0,0.01196
-15.51807,0.00028,0.00037,0.00286,0.00274,0.00015,0.00035,0.0027,0.0027,0.00004,0,0.00004,0.00004,0.00044,0.00034,0.00001,0,0.01309
-15.49407,0.00017,0.00035,0.00179,0.00162,0.00016,0.00033,0.00172,0.00161,0.00003,0,0.00004,0.00004,0.00028,0.0002,0.00001,0,0.00835
-15.47007,0.00016,0.00033,0.00164,0.00155,0.00016,0.00032,0.0016,0.00155,0.00003,0,0.00004,0.00004,0.00027,0.0002,0.00001,0,0.00789
-15.44607,0.00014,0.00032,0.00152,0.0015,0.00016,0.00031,0.0015,0.0015,0.00003,0,0.00004,0.00004,0.00025,0.00019,0.00001,0,0.00751
-15.42207,0.00014,0.00031,0.00146,0.00149,0.00016,0.0003,0.00145,0.00149,0.00003,0,0.00004,0.00004,0.00024,0.00019,0.00001,0,0.00735
-15.39807,0.00014,0.00031,0.00148,0.00148,0.00016,0.0003,0.00149,0.0015,0.00003,0,0.00004,0.00004,0.00025,0.00019,0.00001,0,0.00742
-15.37407,0.00014,0.0003,0.00151,0.00148,0.00017,0.0003,0.00153,0.0015,0.00003,0,0.00005,0.00004,0.00026,0.00019,0.00001,0,0.00749
-15.35007,0.00014,0.00031,0.00148,0.00144,0.00018,0.00031,0.00153,0.00148,0.00003,0,0.00005,0.00004,0.00026,0.00019,0.00001,0,0.00745
-15.32607,0.00013,0.00031,0.00146,0.00145,0.00018,0.0003,0.00153,0.0015,0.00003,0,0.00005,0.00004,0.00026,0.00019,0.00001,0,0.00746
-15.30207,0.00014,0.0003,0.00155,0.00144,0.00019,0.0003,0.00165,0.0015,0.00003,0,0.00005,0.00004,0.00028,0.00019,0.00001,0,0.00768
-15.27807,0.00012,0.00029,0.00137,0.00143,0.00019,0.00029,0.00147,0.00149,0.00004,0,0.00005,0.00004,0.00025,0.00019,0.00001,0,0.00723
-15.25407,0.00011,0.00027,0.00119,0.00142,0.00019,0.00028,0.00129,0.00149,0.00004,0,0.00005,0.00003,0.00022,0.00019,0.00001,0,0.00678
-15.23007,0.00007,0.00026,0.00081,0.00142,0.00019,0.00026,0.00089,0.00149,0.00004,0,0.00005,0.00003,0.00015,0.00019,0.00001,0,0.00588
-15.20607,0.00003,0.00026,0.00038,0.00144,0.0002,0.00027,0.00044,0.00152,0.00004,0,0.00006,0.00003,0.00008,0.0002,0.00001,0,0.00496
-15.18207,0.00003,0.00028,0.0004,0.00147,0.00021,0.00029,0.00046,0.00156,0.00004,0,0.00006,0.00004,0.00008,0.0002,0.00001,0,0.00512
-15.15807,0.00003,0.0003,0.00041,0.0015,0.00021,0.00031,0.00047,0.0016,0.00004,0,0.00006,0.00004,0.00008,0.00021,0.00001,0,0.00528
-15.13507,0.00009,0.0004,0.00108,0.00276,0.00022,0.00041,0.00128,0.00299,0.0001,0,0.00006,0.00005,0.00023,0.00039,0.00002,0,0.0101
-15.11107,0.00005,0.00149,0.00069,0.00424,0.00106,0.00155,0.00084,0.00458,0.00011,0.00001,0.00029,0.00019,0.00015,0.0006,0.00003,0,0.0159
-15.08707,0.00003,0.00062,0.00038,0.00206,0.00053,0.00065,0.00047,0.00225,0.00006,0,0.00015,0.00008,0.00008,0.0003,0.00001,0,0.00767
-15.06307,0.00002,0.00033,0.00031,0.0009,0.00006,0.00035,0.00039,0.00099,0.00004,0,0.00002,0.00004,0.00007,0.00013,0.00001,0,0.00368
-15.03907,0.00002,0.00034,0.00029,0.00083,0.00006,0.00037,0.00036,0.00092,0.00004,0,0.00002,0.00005,0.00007,0.00012,0.00001,0,0.00349
-15.01507,0.00001,0.00031,0.00019,0.0006,0.00005,0.00033,0.00025,0.00067,0.00003,0,0.00001,0.00004,0.00004,0.00009,0.00001,0,0.00264
-14.99107,0.00001,0.00028,0.00017,0.00052,0.00004,0.0003,0.00022,0.00058,0.00003,0,0.00001,0.00004,0.00004,0.00008,0.00001,0,0.00232
-14.96707,0.00001,0.00025,0.00014,0.00044,0.00004,0.00027,0.00019,0.0005,0.00003,0,0.00001,0.00003,0.00003,0.00007,0.00001,0,0.00201
-14.94307,0.00001,0.00022,0.00012,0.00036,0.00003,0.00024,0.00016,0.00041,0.00002,0,0.00001,0.00003,0.00003,0.00006,0.00001,0,0.0017
-14.91907,0,0,0,0,0,0,0,0,0,0,0,0,0,0,0,0,0
-14.89507,0,0,0,0,0,0,0,0,0,0,0,0,0,0,0,0,0
-14.87107,0,0,0,0,0,0,0,0,0,0,0,0,0,0,0,0,0
-14.84707,0.00001,0.0006,0.00008,0.00093,0.00025,0.00068,0.00012,0.00108,0.00004,0,0.00007,0.00009,0.00002,0.00015,0.00001,0,0.00413
-14.82307,0.00001,0.0007,0.00011,0.00109,0.00029,0.00079,0.00017,0.00127,0.00005,0,0.00008,0.0001,0.00003,0.00017,0.00001,0,0.00489
-14.79907,0.00001,0.00062,0.00015,0.00122,0.00032,0.0007,0.00023,0.00143,0.00005,0,0.00009,0.00009,0.00004,0.0002,0.00001,0,0.00517
-14.77507,0.00001,0.00057,0.00017,0.00181,0.00062,0.00065,0.00025,0.00213,0.00004,0,0.00017,0.00008,0.00005,0.00029,0.00001,0,0.00686
-14.75107,0.00007,0.00098,0.00112,0.004,0.00027,0.00113,0.00168,0.00485,0.00017,0.00001,0.00008,0.00015,0.00032,0.00067,0.00004,0,0.01555
-14.72707,0.00002,0.00053,0.00029,0.00125,0.00023,0.00062,0.00045,0.00151,0.00005,0,0.00006,0.00008,0.00009,0.00021,0.00001,0,0.00541
-14.70307,0.00003,0.00074,0.00041,0.00163,0.00025,0.00088,0.00064,0.00198,0.00008,0.00001,0.00007,0.00011,0.00012,0.00028,0.00002,0,0.00724
-14.67907,0.00002,0.00081,0.00039,0.00151,0.00025,0.00096,0.00062,0.00185,0.00008,0.00001,0.00007,0.00013,0.00012,0.00026,0.00002,0,0.0071
-14.65507,0.00003,0.00107,0.00042,0.00167,0.00028,0.00127,0.00068,0.00206,0.00009,0.00001,0.00008,0.00017,0.00013,0.00029,0.00002,0,0.00828
-14.63107,0.00002,0.00102,0.00038,0.00151,0.00027,0.00122,0.00062,0.00187,0.00008,0.00001,0.00008,0.00016,0.00012,0.00026,0.00002,0,0.00765
-14.60707,0.00002,0.00112,0.00039,0.00153,0.00028,0.00134,0.00064,0.0019,0.00009,0.00001,0.00008,0.00018,0.00013,0.00027,0.00002,0,0.00799
-14.58307,0.00002,0.0012,0.0004,0.00155,0.00029,0.00145,0.00067,0.00194,0.00009,0.00001,0.00008,0.00019,0.00013,0.00027,0.00002,0,0.00832
-14.55907,0.00002,0.00122,0.0004,0.00151,0.0003,0.00147,0.00067,0.00189,0.00009,0.00001,0.00008,0.00019,0.00013,0.00027,0.00002,0,0.00828
-14.53507,0.00002,0.00148,0.00042,0.00153,0.00031,0.0018,0.00071,0.00193,0.00009,0.00001,0.00009,0.00024,0.00014,0.00027,0.00002,0,0.00906
-14.51107,0.00003,0.00263,0.00046,0.00155,0.00033,0.00321,0.00079,0.00197,0.0001,0.00003,0.00009,0.00042,0.00016,0.00028,0.00002,0,0.01207
-14.48707,0.00003,0.00351,0.00052,0.0016,0.00035,0.0043,0.00089,0.00205,0.0001,0.00003,0.0001,0.00057,0.00018,0.00029,0.00003,0,0.01456
-14.46307,0.00003,0.00439,0.00061,0.00176,0.00039,0.00541,0.00106,0.00227,0.00012,0.00004,0.00011,0.00071,0.00022,0.00032,0.00003,0,0.01747
-14.43907,0.00004,0.00416,0.00071,0.0019,0.00043,0.00516,0.00126,0.00248,0.00013,0.00004,0.00012,0.00068,0.00026,0.00035,0.00003,0,0.01775
-14.41507,0.00005,0.0048,0.00092,0.00216,0.0005,0.00599,0.00167,0.00285,0.00016,0.00005,0.00014,0.00079,0.00034,0.00041,0.00004,0,0.02086
-14.39107,0.00007,0.00611,0.00134,0.00294,0.00055,0.00767,0.00246,0.00393,0.00023,0.00006,0.00016,0.00102,0.00051,0.00057,0.00006,0,0.02766
-14.36707,0.00008,0.00676,0.00159,0.00329,0.0006,0.00852,0.00296,0.00442,0.00026,0.00007,0.00017,0.00113,0.00061,0.00064,0.00006,0,0.03118
-14.34307,0.00004,0.00475,0.00079,0.00166,0.00058,0.00604,0.0015,0.00223,0.00012,0.00005,0.00017,0.00081,0.00031,0.00032,0.00003,0,0.01938
-14.31907,0.00003,0.00379,0.00067,0.00147,0.00056,0.00483,0.00129,0.00198,0.0001,0.00004,0.00016,0.00065,0.00027,0.00029,0.00003,0,0.01615
-14.29507,0.00003,0.00336,0.00063,0.00134,0.00056,0.00431,0.00123,0.00181,0.00009,0.00003,0.00016,0.00058,0.00026,0.00026,0.00002,0,0.01468
-14.27107,0.00003,0.00357,0.00061,0.00123,0.00062,0.0046,0.0012,0.00168,0.00009,0.00003,0.00018,0.00062,0.00025,0.00024,0.00002,0,0.01498
-14.24707,0.00003,0.0028,0.00058,0.00117,0.00065,0.00363,0.00115,0.00161,0.00008,0.00003,0.00019,0.00049,0.00024,0.00023,0.00002,0,0.01289
-14.22407,0.00002,0.00149,0.00054,0.00109,0.00057,0.00194,0.0011,0.00151,0.00007,0.00001,0.00016,0.00026,0.00023,0.00022,0.00002,0,0.00924
-14.20007,0.00002,0.00137,0.00051,0.00102,0.00054,0.00178,0.00106,0.00142,0.00007,0.00001,0.00016,0.00024,0.00023,0.00021,0.00002,0,0.00867
-14.17607,0.00002,0.00127,0.00049,0.00093,0.00051,0.00166,0.00104,0.00131,0.00007,0.00001,0.00015,0.00022,0.00022,0.00019,0.00002,0,0.00813
-14.15207,0.00002,0.0014,0.00049,0.00082,0.00049,0.00185,0.00105,0.00116,0.00007,0.00001,0.00014,0.00025,0.00023,0.00017,0.00002,0,0.00817
-14.12807,0.00002,0.00148,0.0005,0.00075,0.00047,0.00197,0.00109,0.00108,0.00007,0.00001,0.00014,0.00027,0.00024,0.00016,0.00002,0,0.00829
-14.10407,0.00002,0.00129,0.00054,0.00074,0.00037,0.00172,0.00118,0.00107,0.00008,0.00001,0.00011,0.00024,0.00026,0.00016,0.00002,0,0.00782
-14.08007,0.00002,0.00135,0.00059,0.00074,0.00037,0.0018,0.0013,0.00107,0.00008,0.00001,0.00011,0.00025,0.00028,0.00016,0.00002,0,0.00816
-14.05607,0.00002,0.00148,0.00067,0.00073,0.00039,0.00199,0.0015,0.00107,0.00009,0.00001,0.00011,0.00027,0.00033,0.00016,0.00002,0,0.00886
-14.03207,0.00002,0.00145,0.00068,0.00074,0.00041,0.00196,0.00155,0.00108,0.00009,0.00001,0.00012,0.00027,0.00034,0.00016,0.00002,0,0.00892
-14.00807,0.00002,0.00138,0.00067,0.00073,0.00043,0.00187,0.00155,0.00108,0.00009,0.00001,0.00012,0.00026,0.00034,0.00016,0.00002,0,0.00875
-13.98407,0.00002,0.00129,0.00066,0.00072,0.00044,0.00177,0.00154,0.00107,0.00009,0.00001,0.00013,0.00024,0.00034,0.00016,0.00003,0,0.00853
-13.96007,0.00002,0.00118,0.00063,0.00066,0.00043,0.00162,0.00148,0.00099,0.00009,0.00001,0.00013,0.00022,0.00033,0.00015,0.00002,0,0.00796
-13.93607,0.00002,0.00107,0.00063,0.00067,0.00046,0.00148,0.00149,0.00101,0.00009,0.00001,0.00013,0.0002,0.00034,0.00015,0.00002,0,0.00777
-13.91207,0.00002,0.00097,0.00059,0.00061,0.00045,0.00135,0.00142,0.00092,0.00009,0.00001,0.00013,0.00019,0.00032,0.00014,0.00002,0,0.00723
-13.88807,0.00002,0.00086,0.00055,0.00058,0.00044,0.00121,0.00137,0.00087,0.00009,0.00001,0.00013,0.00017,0.00031,0.00013,0.00002,0,0.00676
-13.86407,0.00001,0.00074,0.00052,0.00055,0.00043,0.00105,0.00132,0.00083,0.00008,0.00001,0.00013,0.00015,0.0003,0.00013,0.00002,0,0.00627
-13.84007,0.00001,0.00066,0.0005,0.00052,0.0004,0.00093,0.00129,0.00079,0.00008,0.00001,0.00012,0.00013,0.00029,0.00012,0.00002,0,0.00587
-13.81607,0.00001,0.00062,0.0005,0.00049,0.00038,0.00088,0.00129,0.00075,0.00008,0.00001,0.00011,0.00012,0.0003,0.00011,0.00002,0,0.00568
-13.79207,0.00001,0.00059,0.00048,0.00045,0.00037,0.00084,0.00127,0.0007,0.00008,0.00001,0.00011,0.00012,0.00029,0.00011,0.00002,0,0.00545
-13.76807,0.00001,0.00056,0.00047,0.00042,0.00038,0.00081,0.00124,0.00066,0.00008,0,0.00011,0.00011,0.00029,0.0001,0.00002,0,0.00526
-13.74407,0.00001,0.00066,0.00052,0.0004,0.0004,0.00095,0.00142,0.00062,0.00009,0.00001,0.00012,0.00013,0.00033,0.0001,0.00002,0,0.00577
-13.72007,0.00001,0.00061,0.00049,0.00037,0.00042,0.00089,0.00134,0.00057,0.00008,0.00001,0.00013,0.00013,0.00031,0.00009,0.00002,0,0.00546
-13.69607,0.00001,0.00056,0.00045,0.00034,0.00045,0.00082,0.00127,0.00053,0.00008,0,0.00013,0.00012,0.0003,0.00008,0.00002,0,0.00515
-13.67207,0.00001,0.0003,0.00031,0.00031,0.00044,0.00044,0.00089,0.00049,0.00007,0,0.00013,0.00006,0.00021,0.00008,0.00002,0,0.00374
-13.64807,0.00001,0.00029,0.00032,0.0003,0.00049,0.00042,0.00092,0.00048,0.00007,0,0.00015,0.00006,0.00022,0.00007,0.00002,0,0.00381
-13.62407,0.00001,0.00026,0.00032,0.00028,0.00046,0.00038,0.00096,0.00046,0.00007,0,0.00014,0.00005,0.00023,0.00007,0.00002,0,0.00374
-13.60007,0.00001,0.0003,0.00041,0.00028,0.00038,0.00045,0.00124,0.00045,0.00009,0,0.00011,0.00006,0.0003,0.00007,0.00002,0,0.00418
-13.57607,0.00001,0.00028,0.00045,0.00026,0.0002,0.00042,0.0014,0.00044,0.0001,0,0.00006,0.00006,0.00034,0.00007,0.00003,0,0.00412
-13.55207,0.00001,0.00029,0.00048,0.00025,0,0.00044,0.00151,0.00041,0.0001,0,0,0.00006,0.00037,0.00006,0.00003,0,0.00401
-13.52807,0.00001,0.00032,0.00051,0.00023,0,0.00048,0.0016,0.00039,0.00011,0,0,0.00007,0.00039,0.00006,0.00003,0,0.00419
-13.50407,0,0.0002,0.0004,0.00021,0,0.0003,0.00127,0.00035,0.00009,0,0,0.00004,0.00031,0.00006,0.00003,0,0.00326
-13.48007,0,0.00018,0.00038,0.00019,0,0.00028,0.00124,0.00032,0.00009,0,0,0.00004,0.0003,0.00005,0.00003,0,0.00312
-13.45607,0,0.00017,0.00037,0.00018,0,0.00027,0.00123,0.0003,0.00009,0,0,0.00004,0.0003,0.00005,0.00003,0,0.00303
-13.43207,0,0.00016,0.00036,0.00017,0,0.00025,0.00122,0.00029,0.00009,0,0,0.00004,0.0003,0.00005,0.00003,0,0.00295
-13.40807,0,0.00015,0.00036,0.00016,0,0.00024,0.0012,0.00027,0.00009,0,0,0.00003,0.0003,0.00004,0.00003,0,0.00287
-13.38407,0,0.00014,0.00034,0.00014,0,0.00021,0.00119,0.00024,0.00009,0,0,0.00003,0.0003,0.00004,0.00003,0,0.00274
-13.36007,0,0.00013,0.00034,0.00013,0,0.00021,0.00118,0.00022,0.00009,0,0,0.00003,0.00029,0.00004,0.00003,0,0.00268
-13.33707,0,0.00013,0.00033,0.00012,0,0.0002,0.00117,0.00021,0.00009,0,0,0.00003,0.00029,0.00003,0.00003,0,0.00262
-13.31307,0,0.00021,0.00034,0.00011,0,0.00034,0.00122,0.00019,0.00009,0,0,0.00005,0.00031,0.00003,0.00003,0,0.00293
-13.28907,0,0.00051,0.00039,0.00012,0,0.00082,0.00145,0.00021,0.00011,0,0,0.00013,0.00037,0.00003,0.00003,0,0.00417
-13.26507,0,0.00116,0.00038,0.00012,0,0.00189,0.00141,0.00021,0.00011,0,0,0.00029,0.00036,0.00003,0.00003,0,0.006
-13.24107,0,0.00152,0.00025,0.00007,0,0.00248,0.00093,0.00012,0.00007,0,0,0.00038,0.00024,0.00002,0.00002,0,0.0061
-13.21707,0,0,0,0,0,0,0,0,0,0,0,0,0,0,0,0,0
-13.19307,0,0.00063,0.00005,0,0.00001,0.00104,0.00019,0,0.00001,0,0,0.00016,0.00005,0,0,0,0.00214
-13.16907,0,0.00384,0.00045,0,0.00003,0.00634,0.00182,0,0.00014,0,0.00001,0.00098,0.00047,0,0.00004,0,0.01413
-13.14507,0,0.00246,0.00005,0,0.00002,0.00409,0.00021,0,0.00001,0,0.00001,0.00064,0.00005,0,0,0,0.00755
-13.12107,0,0.00232,0.00001,0,0.00002,0.00387,0.00004,0,0,0,0.00001,0.0006,0.00001,0,0,0,0.00688
-13.09707,0,0.00249,0.00001,0,0.00003,0.00417,0.00004,0,0,0,0.00001,0.00065,0.00001,0,0,0,0.00741
-13.07307,0,0.00262,0.00001,0,0.00003,0.00442,0.00003,0,0,0,0.00001,0.00069,0.00001,0,0,0,0.00783
-13.04907,0,0.00249,0.00001,0,0.00004,0.00424,0.00003,0,0,0,0.00001,0.00067,0.00001,0,0,0,0.00749
-13.02507,0,0.00241,0.00001,0,0.00004,0.00413,0.00003,0,0,0,0.00001,0.00065,0.00001,0,0,0,0.0073
-13.00107,0,0.00243,0.00001,0,0.00004,0.00419,0.00003,0,0,0,0.00001,0.00066,0.00001,0,0,0,0.00739
-12.97707,0,0.00247,0.00001,0,0.00005,0.00428,0.00003,0,0,0,0.00002,0.00068,0.00001,0,0,0,0.00754
-12.95307,0,0.00253,0.00001,0,0.00005,0.00439,0.00003,0,0,0,0.00002,0.0007,0.00001,0,0,0,0.00774
-12.92907,0,0.00257,0.00001,0,0.00006,0.00449,0.00003,0,0,0,0.00002,0.00071,0.00001,0,0,0,0.0079
-12.90507,0,0.00262,0.00001,0,0.00006,0.0046,0.00003,0,0,0,0.00002,0.00073,0.00001,0,0,0,0.00809
-12.88107,0,0.00268,0.00001,0,0.00007,0.00475,0.00003,0,0,0,0.00002,0.00076,0.00001,0,0,0,0.00834
-12.85707,0,0.00277,0.00001,0,0.00007,0.00492,0.00003,0,0,0,0.00002,0.00079,0.00001,0,0,0,0.00862
-12.83307,0,0.00276,0.00001,0,0.00007,0.00493,0.00004,0,0,0,0.00002,0.00079,0.00001,0,0,0,0.00864
-12.80907,0,0.00376,0.00001,0,0.00008,0.00677,0.00005,0,0,0,0.00003,0.00109,0.00001,0,0,0,0.0118
-12.78507,0,0.00341,0.00001,0,0.00008,0.00617,0.00004,0,0,0,0.00003,0.00099,0.00001,0,0,0,0.01076
-12.76107,0,0.00241,0.00001,0,0.00009,0.0044,0.00003,0,0,0,0.00003,0.00071,0.00001,0,0,0,0.0077
-12.73707,0,0.00233,0.00001,0,0.00009,0.00428,0.00003,0.00001,0,0,0.00003,0.00069,0.00001,0,0,0,0.00748
-12.71307,0,0.00226,0.00001,0,0.00009,0.00415,0.00003,0.00001,0,0,0.00003,0.00067,0.00001,0,0,0,0.00725
-12.68907,0,0.00218,0.00001,0,0.0001,0.00402,0.00003,0.00001,0,0,0.00003,0.00065,0.00001,0,0,0,0.00703
-12.66507,0,0.0021,0.00001,0,0.0001,0.0039,0.00003,0.00001,0,0,0.00003,0.00064,0.00001,0,0,0,0.00682
-12.64107,0,0.00203,0,0,0.0001,0.00378,0.00002,0.00001,0,0,0.00003,0.00062,0.00001,0,0,0,0.00661
-12.61707,0,0.00218,0.00001,0,0.0001,0.0041,0.00008,0.00001,0.00001,0,0.00003,0.00067,0.00002,0,0,0,0.00723
-12.59307,0,0.00227,0.00002,0,0.00011,0.00429,0.00009,0.00001,0.00001,0,0.00003,0.0007,0.00002,0,0,0,0.00756
-12.56907,0,0.00234,0.00002,0.00001,0.00011,0.00445,0.0001,0.00001,0.00001,0,0.00004,0.00073,0.00003,0,0,0,0.00784
-12.54507,0,0.00212,0.00001,0.00001,0.00011,0.00407,0.00007,0.00001,0.00001,0,0.00004,0.00067,0.00002,0,0,0,0.00715
-12.52107,0,0.00214,0.00001,0.00001,0.00011,0.00412,0.00007,0.00001,0.00001,0,0.00004,0.00068,0.00002,0,0,0,0.00723
-12.49707,0,0.00215,0.00001,0.00001,0.00012,0.00417,0.00008,0.00001,0.00001,0,0.00004,0.00069,0.00002,0,0,0,0.00731
-12.47307,0,0.00217,0.00001,0.00001,0.00012,0.00423,0.00008,0.00001,0.00001,0,0.00004,0.0007,0.00002,0,0,0,0.00742
-12.44907,0,0.00219,0.00001,0.00001,0.00012,0.0043,0.00009,0.00001,0.00001,0,0.00004,0.00072,0.00002,0,0,0,0.00752
-12.42607,0,0.00222,0.00001,0.00001,0.00012,0.00438,0.00009,0.00002,0.00001,0,0.00004,0.00073,0.00002,0,0,0,0.00765
-12.40207,0,0.00221,0.00001,0.00001,0.00012,0.00438,0.00008,0.00002,0.00001,0,0.00004,0.00073,0.00002,0,0,0,0.00764
-12.37807,0,0.00219,0.00001,0.00001,0.00013,0.00438,0.00008,0.00002,0.00001,0,0.00004,0.00074,0.00002,0,0,0,0.00763
-12.35407,0,0.00222,0.00001,0.00001,0.00013,0.00446,0.00008,0.00002,0.00001,0,0.00004,0.00075,0.00002,0,0,0,0.00775
-12.33007,0,0.00225,0.00001,0.00001,0.00013,0.00454,0.00008,0.00002,0.00001,0,0.00004,0.00077,0.00002,0,0,0,0.00788
-12.30607,0,0.00228,0.00001,0.00001,0.00013,0.00461,0.00009,0.00002,0.00001,0,0.00004,0.00078,0.00002,0,0,0,0.00801
-12.28207,0,0.00231,0.00001,0.00001,0.00013,0.00469,0.00009,0.00002,0.00001,0,0.00004,0.00079,0.00002,0,0,0,0.00814
-12.25807,0,0.00414,0.00001,0.00001,0.00026,0.0084,0.00009,0.00002,0.00001,0,0.00008,0.00142,0.00002,0,0,0,0.01449
-12.23407,0,0.00274,0.00001,0.00001,0.00016,0.00563,0.00009,0.00002,0.00001,0,0.00005,0.00096,0.00003,0,0,0,0.00972
-12.21007,0,0.00269,0.00001,0.00001,0.00016,0.00557,0.00009,0.00002,0.00001,0,0.00005,0.00095,0.00003,0,0,0,0.00961
-12.18607,0,0.00263,0.00001,0.00001,0.00015,0.00547,0.00009,0.00002,0.00001,0,0.00005,0.00094,0.00003,0,0,0,0.00941
-12.16207,0,0.00235,0.00001,0.00001,0.00013,0.00493,0.00009,0.00003,0.00001,0,0.00004,0.00085,0.00003,0,0,0,0.00848
-12.13807,0,0.00231,0.00001,0.00001,0.00013,0.00489,0.00009,0.00003,0.00001,0,0.00004,0.00084,0.00003,0,0,0,0.0084
-12.11407,0,0.00227,0.00001,0.00001,0.00013,0.00483,0.00009,0.00003,0.00001,0,0.00004,0.00083,0.00003,0,0,0,0.00828
-12.09007,0,0.00226,0.00004,0.00098,0.00012,0.00483,0.00021,0.00225,0.0003,0,0.00004,0.00083,0.00006,0.00041,0.00007,0,0.01238
-12.06607,0,0.0022,0.00005,0.00172,0.00012,0.00474,0.00026,0.00397,0.00042,0,0.00004,0.00082,0.00007,0.00072,0.0001,0,0.01522
-12.04207,0,0.00226,0.00004,0.00175,0.00012,0.0049,0.00022,0.00408,0.00034,0,0.00004,0.00085,0.00006,0.00074,0.00008,0,0.01549
-12.01807,0,0.00233,0.00004,0.00195,0.00013,0.00509,0.00023,0.00455,0.00035,0,0.00004,0.00088,0.00007,0.00082,0.00008,0.00001,0.01655
-11.99407,0,0.00241,0.00004,0.00186,0.00013,0.0053,0.00022,0.00438,0.00033,0,0.00004,0.00092,0.00006,0.0008,0.00007,0.00001,0.01658
-11.97007,0,0.00251,0.00004,0.00205,0.00014,0.00555,0.00023,0.00486,0.00035,0,0.00004,0.00097,0.00007,0.00089,0.00008,0.00001,0.01779
-11.94607,0,0.00267,0.00004,0.00224,0.00014,0.00596,0.00024,0.00536,0.00037,0,0.00005,0.00104,0.00007,0.00098,0.00008,0.00001,0.01925
-11.92207,0,0.0034,0.00004,0.00248,0.00015,0.00764,0.00025,0.00598,0.00038,0,0.00005,0.00134,0.00007,0.0011,0.00009,0.00001,0.02299
-11.89807,0,0.00431,0.00004,0.00241,0.00018,0.00976,0.00025,0.00583,0.00036,0,0.00006,0.00171,0.00007,0.00107,0.00008,0.00001,0.02617
-11.87407,0,0.00357,0.00003,0.00176,0.00019,0.00811,0.00021,0.00421,0.00026,0,0.00006,0.00143,0.00006,0.00077,0.00006,0.00001,0.02074
-11.85007,0,0.00291,0.00002,0.00132,0.00054,0.00656,0.00018,0.00312,0.00021,0,0.00018,0.00115,0.00006,0.00057,0.00005,0.00001,0.01688
-11.82607,0,0.00201,0.00003,0.00393,0.00031,0.00457,0.00022,0.00979,0.0003,0,0.0001,0.00081,0.00007,0.00183,0.00007,0.00003,0.02407
-11.80207,0,0.00212,0.00003,0.0057,0.00032,0.00487,0.00022,0.01449,0.00032,0,0.00011,0.00086,0.00007,0.00272,0.00007,0.00005,0.03197
-11.77807,0,0.0015,0.00003,0.0054,0.00021,0.00349,0.0002,0.01385,0.00029,0,0.00007,0.00062,0.00006,0.00261,0.00007,0.00005,0.02846
-11.75407,0,0.00135,0.00002,0.00373,0.00022,0.00315,0.00019,0.00959,0.00024,0,0.00007,0.00056,0.00006,0.00181,0.00005,0.00003,0.02109
-11.73007,0,0.00125,0.00002,0.00353,0.00023,0.00292,0.00019,0.00914,0.00022,0,0.00008,0.00052,0.00006,0.00173,0.00005,0.00003,0.01997
-11.70607,0,0.00162,0.00003,0.00396,0.00027,0.00382,0.00024,0.01017,0.00026,0,0.00009,0.00068,0.00008,0.00191,0.00006,0.00004,0.02324
-11.68207,0,0.0019,0.00003,0.00371,0.00035,0.00452,0.00022,0.00953,0.00021,0,0.00012,0.00081,0.00007,0.00179,0.00005,0.00004,0.02336
-11.65807,0,0.00203,0.00002,0.00352,0.00038,0.00486,0.0002,0.00911,0.00018,0,0.00013,0.00087,0.00007,0.00172,0.00004,0.00004,0.02318
-11.63407,0,0.00155,0.00002,0.00345,0.00033,0.0037,0.00019,0.00911,0.00015,0,0.00011,0.00067,0.00006,0.00173,0.00003,0.00004,0.02115
-11.61007,0,0.00153,0.00002,0.00392,0.00032,0.00366,0.0002,0.01054,0.00014,0,0.00011,0.00066,0.00007,0.00202,0.00003,0.00004,0.02326
-11.58607,0,0.00149,0.00002,0.0033,0.00031,0.00358,0.00021,0.00891,0.00013,0,0.0001,0.00065,0.00007,0.00171,0.00003,0.00003,0.02056
-11.56207,0.00001,0.00235,0.00002,0.002,0.00045,0.00567,0.00028,0.00532,0.00013,0.00001,0.00015,0.00103,0.00009,0.00102,0.00003,0.00002,0.01858
-11.53907,0,0.00109,0.00002,0.00188,0.00024,0.00266,0.00019,0.00503,0.00013,0,0.00008,0.00048,0.00006,0.00096,0.00003,0.00002,0.01288
-11.51507,0,0.00131,0.00002,0.00194,0.00028,0.00321,0.00023,0.00518,0.00015,0,0.00009,0.00059,0.00008,0.00099,0.00003,0.00002,0.01413
-11.49107,0,0.00147,0.00002,0.00186,0.00033,0.00363,0.00025,0.00494,0.00016,0.00001,0.00011,0.00066,0.00008,0.00094,0.00004,0.00002,0.01453
-11.46707,0,0.0028,0.00002,0.00172,0.00058,0.0069,0.00026,0.00459,0.00016,0.00001,0.0002,0.00126,0.00009,0.00087,0.00004,0.00002,0.01952
-11.44307,0,0.00214,0.00002,0.0014,0.00042,0.00531,0.00023,0.00375,0.00015,0.00001,0.00014,0.00097,0.00008,0.00072,0.00003,0.00001,0.01539
-11.41907,0,0.00106,0.00002,0.00136,0.00027,0.00263,0.00023,0.00364,0.00015,0.00001,0.00009,0.00048,0.00008,0.0007,0.00003,0.00001,0.01075
-11.39507,0,0.00047,0.00002,0.00133,0.00023,0.00117,0.00023,0.00357,0.00014,0,0.00008,0.00021,0.00008,0.00068,0.00003,0.00001,0.00826
-11.37107,0.00001,0.00044,0.00002,0.00141,0.00032,0.00111,0.00024,0.00384,0.00014,0,0.00011,0.0002,0.00008,0.00074,0.00003,0.00001,0.0087
-11.34707,0,0.00027,0.00001,0.00143,0.00027,0.00067,0.00022,0.00396,0.00012,0,0.00009,0.00012,0.00008,0.00077,0.00003,0.00001,0.00804
-11.32307,0,0.00024,0.00001,0.0014,0.00025,0.00059,0.00021,0.00391,0.00011,0,0.00008,0.00011,0.00008,0.00076,0.00002,0.00001,0.0078
-11.29907,0.00001,0.00022,0.00001,0.00142,0.00025,0.00056,0.00021,0.00398,0.0001,0,0.00009,0.0001,0.00008,0.00077,0.00002,0.00001,0.00784
-11.27507,0.00001,0.00036,0.00001,0.00141,0.00039,0.00092,0.00024,0.004,0.0001,0.00001,0.00013,0.00017,0.00009,0.00078,0.00002,0.00001,0.00865
-11.25107,0.00001,0.00045,0.00001,0.00146,0.00046,0.00117,0.00025,0.00417,0.0001,0.00001,0.00016,0.00022,0.00009,0.00082,0.00002,0.00001,0.0094
-11.22707,0.00001,0.00051,0.00001,0.0015,0.0005,0.00135,0.00027,0.00431,0.0001,0.00001,0.00017,0.00025,0.0001,0.00084,0.00002,0.00001,0.00997
-11.20307,0.00001,0.00058,0.00001,0.0014,0.00054,0.00153,0.00028,0.00404,0.0001,0.00001,0.00018,0.00029,0.0001,0.00079,0.00002,0.00001,0.00989
-11.17907,0.00001,0.00081,0.00002,0.00159,0.00068,0.00218,0.00042,0.00453,0.00016,0.00001,0.00023,0.00041,0.00015,0.00089,0.00004,0.00001,0.01214
-11.15507,0.00002,0.00104,0.00002,0.00134,0.00074,0.00281,0.0004,0.00384,0.00013,0.00001,0.00025,0.00053,0.00015,0.00075,0.00003,0.00001,0.01207
-11.13107,0.00001,0.00084,0.00001,0.00091,0.00065,0.00227,0.00025,0.00265,0.00008,0.00001,0.00022,0.00043,0.00009,0.00052,0.00002,0.00001,0.00895
-11.10707,0.00001,0.00103,0.00001,0.00091,0.00075,0.0028,0.00024,0.00268,0.00007,0.00001,0.00026,0.00053,0.00009,0.00053,0.00002,0.00001,0.00994
-11.08307,0.00001,0.00122,0.00001,0.00095,0.00085,0.00333,0.00024,0.00285,0.00007,0.00001,0.00029,0.00063,0.00009,0.00057,0.00002,0.00001,0.01114
-11.05907,0.00001,0.00126,0.00001,0.00104,0.00093,0.00343,0.00023,0.00318,0.00007,0.00001,0.00032,0.00065,0.00009,0.00064,0.00002,0.00001,0.01188
-11.03507,0.00002,0.00113,0.00001,0.00151,0.00098,0.00308,0.0003,0.00467,0.00007,0.00001,0.00034,0.00059,0.00012,0.00094,0.00002,0.00002,0.01378
-11.01107,0.00001,0.00076,0.00001,0.00153,0.00066,0.0021,0.00025,0.00474,0.00007,0.00001,0.00023,0.0004,0.0001,0.00096,0.00002,0.00002,0.01185
-10.98707,0.00001,0.00073,0.00001,0.00123,0.00054,0.00203,0.00023,0.00386,0.00006,0.00001,0.00018,0.00039,0.00009,0.00078,0.00001,0.00002,0.01018
-10.96307,0.00002,0.00081,0.00001,0.00116,0.00062,0.00226,0.00027,0.00366,0.00006,0.00001,0.00022,0.00043,0.00011,0.00074,0.00001,0.00002,0.01038
-10.93907,0.00002,0.00086,0.00001,0.00105,0.00066,0.00242,0.00029,0.00336,0.00005,0.00001,0.00023,0.00046,0.00012,0.00068,0.00001,0.00002,0.01025
-10.91507,0.00002,0.00088,0.00001,0.00092,0.00073,0.00248,0.00035,0.00299,0.00005,0.00001,0.00025,0.00048,0.00014,0.00061,0.00001,0.00002,0.00995
-10.89107,0.00002,0.00085,0.00001,0.00091,0.00074,0.00241,0.00037,0.00293,0.00005,0.00001,0.00025,0.00046,0.00015,0.0006,0.00001,0.00002,0.00979
-10.86707,0.00002,0.00077,0.00001,0.00084,0.00062,0.0022,0.00031,0.00271,0.00005,0.00001,0.00021,0.00042,0.00013,0.00055,0.00001,0.00002,0.00889
-10.84307,0.00002,0.00074,0,0.00078,0.00057,0.00213,0.00028,0.00253,0.00005,0.00001,0.0002,0.00041,0.00011,0.00052,0.00001,0.00002,0.00838
-10.81907,0.00002,0.00071,0,0.00079,0.00054,0.00206,0.00026,0.00252,0.00006,0.00001,0.00019,0.0004,0.00011,0.00051,0.00002,0.00001,0.00821
-10.79507,0.00002,0.00088,0,0.00069,0.00055,0.00258,0.00022,0.00221,0.00005,0.00001,0.00019,0.00051,0.00009,0.00045,0.00001,0.00001,0.00847
-10.77107,0.00001,0.0008,0,0.0005,0.00048,0.00236,0.00017,0.00162,0.00003,0,0.00016,0.00046,0.00007,0.00033,0.00001,0.00001,0.00703
-10.74707,0.00001,0.00075,0,0.00045,0.00044,0.00222,0.00015,0.00145,0.00003,0,0.00015,0.00044,0.00006,0.0003,0.00001,0.00001,0.00649
-10.72307,0.00001,0.00037,0,0.00041,0.00035,0.00109,0.00014,0.00131,0.00003,0,0.00012,0.00021,0.00006,0.00027,0.00001,0.00001,0.00438
-10.69907,0.00001,0.00037,0,0.00036,0.00033,0.00109,0.00012,0.00116,0.00003,0,0.00012,0.00021,0.00005,0.00024,0.00001,0.00001,0.00411
-10.67507,0.00001,0.00037,0,0.00031,0.00032,0.00109,0.00011,0.00098,0.00003,0,0.00011,0.00021,0.00005,0.0002,0.00001,0.00001,0.00381
-10.65207,0.00002,0.00043,0.00001,0.0005,0.00042,0.00129,0.00034,0.00156,0.00016,0,0.00015,0.00025,0.00014,0.00031,0.00004,0.00001,0.00563
-10.62807,0.00001,0.00047,0,0.00033,0.00037,0.00141,0.00018,0.00105,0.00008,0,0.00013,0.00027,0.00008,0.00021,0.00002,0.00001,0.00463
-10.60407,0.00002,0.00063,0,0.00039,0.00042,0.00189,0.00021,0.00124,0.00009,0,0.00015,0.00037,0.00009,0.00025,0.00002,0.00001,0.00578
-10.58007,0.00002,0.00064,0,0.00041,0.00044,0.00193,0.00021,0.00133,0.0001,0,0.00015,0.00037,0.00009,0.00027,0.00002,0.00001,0.006
-10.55607,0.00002,0.00064,0,0.00043,0.00046,0.00194,0.00022,0.00142,0.00011,0,0.00016,0.00038,0.00009,0.00029,0.00003,0.00001,0.0062
-10.53207,0.00002,0.00067,0,0.00046,0.00049,0.00204,0.00022,0.00154,0.00012,0,0.00017,0.0004,0.0001,0.00032,0.00003,0.00001,0.00661
-10.50807,0.00002,0.00075,0,0.00054,0.00053,0.00227,0.00024,0.00188,0.00013,0,0.00018,0.00044,0.00011,0.00039,0.00003,0.00001,0.00754
-10.48407,0.00003,0.00085,0,0.00063,0.00057,0.00259,0.00026,0.0022,0.00014,0,0.0002,0.00051,0.00012,0.00046,0.00004,0.00001,0.0086
-10.46007,0.00003,0.00091,0,0.00069,0.0006,0.00279,0.00028,0.00244,0.00016,0,0.00021,0.00054,0.00013,0.00051,0.00004,0.00001,0.00935
-10.43607,0.00003,0.00094,0,0.00076,0.00063,0.00288,0.00032,0.0027,0.00019,0,0.00022,0.00056,0.00015,0.00057,0.00005,0.00001,0.01001
-10.41207,0.00004,0.00095,0,0.00078,0.00064,0.00292,0.00033,0.00279,0.0002,0.00001,0.00023,0.00057,0.00015,0.00059,0.00005,0.00001,0.01026
-10.38807,0.00004,0.00095,0,0.00076,0.00064,0.00293,0.00033,0.00276,0.00022,0.00001,0.00023,0.00058,0.00015,0.00059,0.00006,0.00001,0.01026
-10.36407,0.00004,0.00083,0,0.00061,0.00068,0.00261,0.00028,0.00219,0.00025,0.00001,0.00024,0.00052,0.00013,0.00046,0.00007,0.00001,0.00893
-10.34007,0.00005,0.0008,0.00001,0.00063,0.00069,0.00254,0.0003,0.00223,0.00052,0.00001,0.00024,0.0005,0.00015,0.00047,0.00015,0.00001,0.0093
-10.31607,0.00006,0.0008,0.00001,0.0006,0.0007,0.00255,0.00031,0.00215,0.00078,0.00001,0.00025,0.00051,0.00016,0.00045,0.00022,0.00001,0.00957
-10.29207,0.00006,0.00069,0.00001,0.00058,0.00052,0.00223,0.00032,0.00207,0.00095,0.00001,0.00018,0.00044,0.00017,0.00044,0.00027,0.00001,0.00895
-10.26807,0.00007,0.00069,0.00002,0.00054,0.00051,0.00224,0.00032,0.00196,0.00111,0.00001,0.00018,0.00044,0.00017,0.00042,0.00031,0.00001,0.00901
-10.24407,0.00006,0.00071,0.00001,0.00051,0.0005,0.00231,0.0003,0.00185,0.00084,0.00001,0.00018,0.00046,0.00016,0.00039,0.00024,0.00001,0.00854
-10.22007,0.00006,0.00069,0.00001,0.00048,0.00049,0.00229,0.00029,0.00174,0.00071,0.00001,0.00017,0.00046,0.00015,0.00037,0.0002,0.00001,0.00813
-10.19607,0.00005,0.00069,0.00001,0.00053,0.00053,0.00228,0.00027,0.00187,0.0006,0.00001,0.00019,0.00046,0.00014,0.00039,0.00017,0.00002,0.00821
-10.17207,0.0001,0.00092,0.00001,0.0005,0.00085,0.00302,0.00058,0.00181,0.00067,0.00001,0.0003,0.0006,0.00028,0.00038,0.00019,0.00002,0.01024
-10.14807,0.0001,0.00088,0.00001,0.00035,0.00067,0.0029,0.00054,0.00134,0.00067,0.00001,0.00024,0.00058,0.00026,0.00029,0.00019,0.00001,0.00904
-10.12407,0.00008,0.00085,0.00001,0.00035,0.00063,0.00284,0.00045,0.00133,0.00065,0.00001,0.00023,0.00057,0.00022,0.00029,0.00018,0.00001,0.00869
-10.10007,0.0001,0.00084,0.00001,0.00035,0.00062,0.00281,0.00052,0.00134,0.00067,0.00001,0.00023,0.00056,0.00025,0.00029,0.00019,0.00001,0.00879
-10.07607,0.00013,0.00086,0.00001,0.00035,0.00065,0.00289,0.00066,0.00134,0.00077,0.00001,0.00023,0.00058,0.00032,0.00029,0.00022,0.00001,0.00932
-10.05207,0.00016,0.00095,0.00002,0.00035,0.00071,0.00321,0.00077,0.00137,0.00102,0.00001,0.00026,0.00064,0.00038,0.0003,0.00029,0.00002,0.01046
-10.02807,0.00019,0.00103,0.00003,0.00036,0.00074,0.00351,0.00086,0.00143,0.00132,0.00001,0.00027,0.00071,0.00044,0.00031,0.00038,0.00002,0.01158
-10.00407,0.0002,0.00103,0.00002,0.00037,0.00069,0.00356,0.00089,0.00145,0.00122,0.00001,0.00025,0.00072,0.00045,0.00032,0.00035,0.00002,0.01154
-9.98007,0.00018,0.0009,0.00002,0.00037,0.00063,0.00311,0.00086,0.00148,0.00097,0.00001,0.00023,0.00063,0.00043,0.00032,0.00028,0.00002,0.01043
-9.95607,0.00016,0.00074,0.00002,0.00037,0.00054,0.00257,0.00082,0.00148,0.00076,0,0.0002,0.00052,0.00041,0.00032,0.00021,0.00002,0.00914
-9.93207,0.00016,0.00063,0.00001,0.00037,0.00049,0.00221,0.00078,0.00148,0.00067,0,0.00018,0.00044,0.00039,0.00032,0.00019,0.00002,0.00834
-9.90807,0.00016,0.00072,0.00002,0.00037,0.00046,0.00252,0.00078,0.00149,0.00068,0,0.00017,0.0005,0.00039,0.00033,0.00019,0.00002,0.0088
-9.88407,0.00016,0.00057,0.00001,0.00044,0.00039,0.00199,0.00083,0.00182,0.00061,0,0.00014,0.0004,0.00042,0.0004,0.00017,0.00002,0.00838
-9.86007,0.00017,0.00029,0.00001,0.00055,0.00037,0.00104,0.00091,0.00231,0.00045,0,0.00013,0.00021,0.00046,0.00051,0.00012,0.00002,0.00758
-9.83607,0.00019,0.00031,0.00001,0.00058,0.00039,0.00111,0.001,0.00242,0.00053,0,0.00014,0.00023,0.0005,0.00054,0.00015,0.00003,0.00813
-9.81207,0.00014,0.00025,0.00001,0.00036,0.00035,0.0009,0.00069,0.00145,0.00026,0,0.00012,0.00018,0.00035,0.00032,0.00007,0.00001,0.00545
-9.78807,0.00014,0.00024,0.00001,0.00036,0.00034,0.00088,0.00068,0.00145,0.00025,0,0.00012,0.00018,0.00035,0.00032,0.00007,0.00001,0.00539
-9.76407,0.00015,0.0003,0.00001,0.00038,0.00035,0.0011,0.00069,0.00149,0.00033,0,0.00012,0.00022,0.00036,0.00032,0.00009,0.00001,0.00594
-9.74107,0.00016,0.00034,0.00001,0.00036,0.00033,0.00123,0.00073,0.00143,0.00038,0,0.00011,0.00025,0.00038,0.00031,0.00011,0.00002,0.00615
-9.71707,0.00015,0.00023,0.00001,0.0003,0.00024,0.00087,0.00073,0.00126,0.00021,0,0.00009,0.00017,0.00038,0.00028,0.00005,0.00001,0.00498
-9.69307,0.00015,0.00021,0.00001,0.00029,0.00023,0.00078,0.00072,0.00121,0.00019,0,0.00008,0.00016,0.00038,0.00027,0.00005,0.00001,0.00474
-9.66907,0.00015,0.00018,0.00001,0.00028,0.00023,0.00068,0.00072,0.00117,0.00017,0,0.00008,0.00014,0.00038,0.00026,0.00004,0.00001,0.0045
-9.64507,0.00016,0.00015,0.00001,0.00027,0.00022,0.00057,0.00074,0.00114,0.00015,0,0.00008,0.00012,0.00038,0.00025,0.00003,0.00001,0.00428
-9.62107,0.00017,0.00012,0.00001,0.00026,0.00021,0.00046,0.00076,0.00111,0.00013,0,0.00007,0.00009,0.0004,0.00025,0.00003,0.00001,0.00409
-9.59707,0.00018,0.00011,0.00001,0.00026,0.0002,0.00043,0.0008,0.0011,0.00012,0,0.00007,0.00009,0.00042,0.00024,0.00003,0.00002,0.00406
-9.57307,0.00019,0.00011,0.00001,0.00026,0.0002,0.00046,0.00084,0.0011,0.00012,0,0.00007,0.0001,0.00045,0.00024,0.00003,0.00002,0.00419
-9.54907,0.00021,0.00012,0.00002,0.00026,0.0002,0.00049,0.00091,0.00111,0.00013,0,0.00007,0.0001,0.00048,0.00025,0.00003,0.00002,0.0044
-9.52507,0.00029,0.00017,0.00002,0.00052,0.00026,0.00069,0.00123,0.00247,0.00017,0,0.00009,0.00015,0.00067,0.00057,0.00004,0.00005,0.00739
-9.50107,0.00026,0.00026,0.00003,0.00021,0.00028,0.00108,0.00104,0.00088,0.00022,0,0.0001,0.00023,0.00057,0.00019,0.00006,0.00002,0.00544
-9.47707,0.00038,0.00043,0.00004,0.00026,0.00033,0.00171,0.00144,0.00116,0.00026,0,0.00012,0.00036,0.00081,0.00026,0.00007,0.00003,0.00769
-9.45307,0.00034,0.00072,0.00004,0.00024,0.00044,0.00281,0.00126,0.00103,0.00029,0.00001,0.00016,0.0006,0.00071,0.00023,0.00008,0.00003,0.00899
-9.42907,0.00032,0.0007,0.00004,0.00033,0.00043,0.00274,0.00125,0.0015,0.0003,0.00001,0.00016,0.00057,0.00071,0.00034,0.00008,0.00004,0.00951
-9.40507,0.00014,0.0006,0.00002,0.00016,0.00028,0.00232,0.00043,0.0007,0.00023,0.00001,0.0001,0.00049,0.00025,0.00016,0.00007,0.00002,0.00597
-9.38107,0.00008,0.00057,0.00002,0.00005,0.00027,0.00223,0.00023,0.00024,0.00018,0.00001,0.0001,0.00047,0.00014,0.00006,0.00006,0.00001,0.00471
-9.35707,0.00007,0.00056,0.00002,0.00007,0.00033,0.0022,0.00016,0.00032,0.00018,0.00001,0.00012,0.00047,0.0001,0.00007,0.00006,0.00001,0.00476
-9.33307,0.00007,0.00056,0.00002,0.00008,0.00037,0.00222,0.00016,0.00037,0.0002,0.00001,0.00014,0.00047,0.0001,0.00008,0.00006,0.00001,0.00492
-9.30907,0.00008,0.00061,0.00002,0.00012,0.00048,0.00244,0.00021,0.00058,0.00028,0.00001,0.00018,0.00052,0.00013,0.00013,0.00008,0.00002,0.00589
-9.28507,0.00009,0.0006,0.00002,0.00014,0.00049,0.00241,0.00026,0.00066,0.00025,0.00001,0.00018,0.00051,0.00016,0.00015,0.00007,0.00002,0.00602
-9.26107,0.0001,0.00061,0.00002,0.00017,0.00058,0.00247,0.0003,0.00078,0.00027,0.00001,0.00022,0.00053,0.00018,0.00018,0.00008,0.00002,0.00651
-9.23707,0.00011,0.00061,0.00002,0.00018,0.00065,0.00249,0.00033,0.00082,0.00029,0.00001,0.00024,0.00053,0.0002,0.00019,0.00008,0.00002,0.00676
-9.21307,0.00016,0.00062,0.00003,0.00022,0.00076,0.00259,0.00049,0.00104,0.00035,0.00001,0.00028,0.00056,0.00031,0.00024,0.0001,0.00002,0.00778
-9.18907,0.0002,0.00074,0.00004,0.00028,0.00099,0.00314,0.00061,0.00139,0.00048,0.00002,0.00037,0.00068,0.00038,0.00033,0.00014,0.00003,0.00982
-9.16507,0.00021,0.00075,0.00005,0.00032,0.00111,0.0032,0.00067,0.00163,0.00057,0.00002,0.00041,0.0007,0.00043,0.00038,0.00017,0.00003,0.01066
-9.14107,0.00028,0.00079,0.00006,0.00034,0.00144,0.00343,0.0009,0.00177,0.0008,0.00003,0.00054,0.00076,0.00057,0.00042,0.00023,0.00003,0.01239
-9.11707,0.00033,0.0008,0.00007,0.00038,0.00214,0.00353,0.00102,0.00207,0.00092,0.00004,0.00081,0.00079,0.00065,0.0005,0.00027,0.00004,0.01435
-9.09307,0.00027,0.00063,0.00007,0.00031,0.00137,0.00281,0.00081,0.00178,0.00102,0.00005,0.00051,0.00064,0.00053,0.00043,0.0003,0.00004,0.01157
-9.06907,0.0002,0.00048,0.00005,0.00019,0.00089,0.00213,0.00056,0.00109,0.00065,0.00003,0.00033,0.00048,0.00037,0.00027,0.0002,0.00003,0.00794
-9.04507,0.00018,0.00036,0.00005,0.00016,0.00073,0.00161,0.00048,0.00095,0.00057,0.00003,0.00027,0.00037,0.00032,0.00023,0.00017,0.00003,0.00651
-9.02107,0.00016,0.00023,0.00004,0.00015,0.00057,0.00106,0.00042,0.00085,0.0005,0.00002,0.00021,0.00024,0.00029,0.00021,0.00015,0.00003,0.00514
-8.99707,0.00018,0.00014,0.00005,0.00018,0.00064,0.00067,0.00049,0.00106,0.00058,0.00002,0.00024,0.00015,0.00033,0.00026,0.00017,0.00003,0.00519
-8.97307,0.00021,0.00017,0.00005,0.00017,0.00066,0.00082,0.0006,0.00101,0.00054,0.00002,0.00025,0.00019,0.0004,0.00025,0.00016,0.00003,0.00553
-8.94907,0.00019,0.00017,0.00005,0.00015,0.00061,0.00081,0.00053,0.0009,0.00048,0.00002,0.00023,0.00018,0.00035,0.00022,0.00014,0.00003,0.00508
-8.92507,0.00019,0.00019,0.00005,0.00015,0.00066,0.00092,0.00052,0.00089,0.00048,0.00002,0.00025,0.0002,0.00035,0.00022,0.00015,0.00003,0.00527
-8.90107,0.00019,0.00026,0.00005,0.00015,0.00073,0.00118,0.0005,0.00092,0.0005,0.00002,0.00027,0.00026,0.00034,0.00023,0.00015,0.00003,0.00578
-8.87707,0.00018,0.00036,0.00005,0.00015,0.00078,0.0016,0.0005,0.00094,0.00048,0.00002,0.00029,0.00034,0.00034,0.00023,0.00015,0.00003,0.00643
-8.85407,0.00018,0.00044,0.00005,0.00015,0.00093,0.00198,0.00047,0.00097,0.00041,0.00002,0.00035,0.00042,0.00032,0.00024,0.00013,0.00003,0.00709
-8.83007,0.00019,0.00044,0.00005,0.00014,0.00088,0.002,0.00051,0.0009,0.00039,0.00002,0.00034,0.00043,0.00035,0.00023,0.00012,0.00003,0.00702
-8.80607,0.00018,0.00042,0.00005,0.00012,0.00079,0.00192,0.00047,0.00078,0.00036,0.00002,0.0003,0.00041,0.00033,0.0002,0.00011,0.00002,0.00648
-8.78207,0.00018,0.00041,0.00005,0.00012,0.00078,0.00188,0.00048,0.00075,0.00033,0.00002,0.0003,0.0004,0.00033,0.00019,0.0001,0.00003,0.00635
-8.75807,0.00018,0.0004,0.00005,0.00011,0.00078,0.00184,0.00047,0.00072,0.00031,0.00002,0.00029,0.0004,0.00033,0.00018,0.0001,0.00002,0.00621
-8.73407,0.00017,0.00039,0.00005,0.00011,0.00077,0.0018,0.00047,0.0007,0.0003,0.00002,0.00029,0.00039,0.00033,0.00018,0.00009,0.00002,0.00607
-8.71007,0.00017,0.00038,0.00005,0.00011,0.00076,0.00175,0.00046,0.00067,0.00028,0.00002,0.00029,0.00038,0.00033,0.00017,0.00009,0.00002,0.00592
-8.68607,0.00017,0.00037,0.00005,0.0001,0.00076,0.00173,0.00046,0.00065,0.00027,0.00002,0.00029,0.00037,0.00033,0.00016,0.00008,0.00002,0.00584
-8.66207,0.00019,0.00037,0.00005,0.0001,0.00077,0.00174,0.0005,0.00062,0.00025,0.00002,0.00029,0.00038,0.00036,0.00016,0.00008,0.00002,0.0059
-8.63807,0.00016,0.00036,0.00004,0.00009,0.00076,0.00171,0.00045,0.00057,0.00022,0.00002,0.00029,0.00037,0.00032,0.00014,0.00007,0.00002,0.00559
-8.61407,0.00016,0.00034,0.00004,0.00008,0.00075,0.00163,0.00043,0.00051,0.00021,0.00002,0.00028,0.00035,0.00031,0.00013,0.00006,0.00002,0.00533
-8.59007,0.0001,0.00024,0.00003,0.00006,0.00069,0.00116,0.00029,0.00038,0.00018,0.00002,0.00026,0.00026,0.0002,0.0001,0.00005,0.00001,0.00401
-8.56607,0.0001,0.00025,0.00003,0.00006,0.00073,0.00123,0.00031,0.00037,0.00018,0.00002,0.00028,0.00027,0.00022,0.0001,0.00006,0.00001,0.00421
-8.54207,0.00011,0.00024,0.00003,0.00006,0.00073,0.00118,0.00035,0.00038,0.00018,0.00002,0.00027,0.00026,0.00025,0.0001,0.00006,0.00001,0.00421
-8.51807,0.00011,0.00024,0.00003,0.00006,0.00073,0.00119,0.00038,0.00038,0.00018,0.00002,0.00027,0.00026,0.00027,0.0001,0.00005,0.00001,0.00427
-8.49407,0.00012,0.00024,0.00003,0.00006,0.00072,0.0012,0.00041,0.00039,0.00018,0.00002,0.00027,0.00026,0.00029,0.0001,0.00005,0.00001,0.00435
-8.47007,0.00012,0.00025,0.00003,0.00006,0.00073,0.00122,0.00044,0.00041,0.00017,0.00002,0.00027,0.00027,0.00031,0.00011,0.00005,0.00001,0.00448
-8.44607,0.00013,0.00025,0.00003,0.00006,0.00073,0.00126,0.00047,0.00042,0.00017,0.00002,0.00027,0.00027,0.00033,0.00011,0.00005,0.00001,0.00459
-8.42207,0.00017,0.00028,0.00005,0.00006,0.00081,0.00138,0.00057,0.00043,0.00018,0.00002,0.0003,0.0003,0.00041,0.00011,0.00006,0.00002,0.00514
-8.39807,0.00013,0.0003,0.00004,0.00006,0.00075,0.00147,0.0005,0.00041,0.00017,0.00002,0.00028,0.00031,0.00035,0.00011,0.00005,0.00001,0.00496
-8.37407,0.00012,0.00029,0.00003,0.00004,0.0007,0.00144,0.00044,0.00031,0.00016,0.00002,0.00026,0.00031,0.00032,0.00008,0.00005,0.00001,0.0046
-8.35007,0.00012,0.00028,0.00003,0.00004,0.00068,0.00141,0.00044,0.00029,0.00015,0.00002,0.00025,0.0003,0.00032,0.00008,0.00005,0.00001,0.00448
-8.32607,0.00012,0.00028,0.00003,0.00004,0.00067,0.00138,0.00046,0.00029,0.00015,0.00002,0.00025,0.00029,0.00032,0.00008,0.00005,0.00001,0.00444
-8.30207,0.00011,0.00027,0.00003,0.00003,0.00064,0.00134,0.00046,0.00026,0.00014,0.00002,0.00024,0.00028,0.00033,0.00007,0.00004,0.00001,0.0043
-8.27807,0.00011,0.00065,0.00003,0.00003,0.00079,0.00312,0.00048,0.00025,0.00014,0.00005,0.00029,0.00064,0.00034,0.00007,0.00004,0.00001,0.00705
-8.25407,0.00012,0.00056,0.00004,0.00003,0.00091,0.00276,0.00053,0.00032,0.00019,0.00006,0.00034,0.0006,0.00038,0.00009,0.00006,0.00002,0.00703
-8.23007,0.00009,0.00033,0.00002,0.00002,0.0004,0.00186,0.00049,0.00014,0.00016,0.00005,0.00015,0.00048,0.00033,0.00004,0.00004,0.00001,0.0046
-8.20607,0.00008,0.00038,0.00002,0.00002,0.00044,0.00218,0.0005,0.00013,0.00019,0.00006,0.00016,0.00056,0.00033,0.00004,0.00005,0.00001,0.00515
-8.18207,0.00008,0.00041,0.00002,0.00002,0.00097,0.00224,0.0005,0.00013,0.00021,0.00006,0.00036,0.00056,0.00033,0.00004,0.00006,0.00001,0.00599
-8.15807,0.00008,0.00039,0.00002,0.00002,0.00119,0.00208,0.00052,0.00016,0.00022,0.00006,0.00044,0.00051,0.00035,0.00005,0.00006,0.00001,0.00616
-8.13407,0.00013,0.00045,0.00005,0.00002,0.00165,0.00229,0.00076,0.00027,0.00026,0.00008,0.00061,0.00053,0.00051,0.00009,0.00008,0.00002,0.0078
-8.11007,0.00011,0.0004,0.00006,0.00001,0.00143,0.00205,0.00079,0.00016,0.00026,0.00007,0.00053,0.00049,0.00048,0.00005,0.00007,0.00001,0.00699
-8.08607,0.00012,0.00033,0.00009,0.00001,0.00155,0.00169,0.00094,0.00014,0.00028,0.00006,0.00057,0.00041,0.00054,0.00005,0.00007,0.00001,0.00685
-8.06207,0.00014,0.00026,0.00013,0.00001,0.00161,0.00134,0.00144,0.00015,0.00035,0.00005,0.00059,0.00032,0.00077,0.00005,0.00008,0.00001,0.0073
-8.03807,0.00017,0.00021,0.00028,0.00002,0.0009,0.00113,0.00249,0.00016,0.00058,0.00004,0.00033,0.00029,0.00117,0.00005,0.00012,0,0.00793
-8.01407,0.00018,0.00019,0.00019,0.00001,0.00016,0.00106,0.00048,0.00008,0.00025,0.00004,0.00007,0.00028,0.00019,0.00002,0.00006,0,0.00324
-7.99007,0.0002,0.00019,0.00017,0.00001,0.00015,0.00106,0.00006,0.00007,0.00017,0.00004,0.00006,0.00028,0,0.00002,0.00005,0,0.00253
-7.96607,0.00039,0.00019,0.00034,0.00001,0.00019,0.00106,0.0001,0.00008,0.00017,0.00004,0.00008,0.00028,0,0.00002,0.00005,0,0.00299
-7.94307,0.00059,0.00019,0.00052,0.00001,0.00022,0.00107,0.00015,0.00009,0.00017,0.00004,0.00009,0.00028,0,0.00002,0.00005,0,0.0035
-7.91907,0.00079,0.00019,0.00069,0.00001,0.00024,0.00109,0.0002,0.00009,0.00017,0.00004,0.0001,0.00028,0,0.00002,0.00005,0,0.00398
-7.89507,0.00092,0.0002,0.00081,0.00002,0.00023,0.00111,0.00023,0.00009,0.00017,0.00004,0.0001,0.00029,0,0.00002,0.00005,0,0.00428
-7.87107,0.00105,0.0002,0.00092,0.00002,0.00022,0.00113,0.00027,0.00009,0.00017,0.00005,0.00009,0.0003,0,0.00002,0.00005,0,0.00459
-7.84707,0.00118,0.0002,0.00104,0.00002,0.00022,0.00115,0.0003,0.00009,0.00018,0.00005,0.00009,0.0003,0,0.00002,0.00005,0,0.0049
-7.82307,0.00137,0.00021,0.00121,0.00002,0.00023,0.00122,0.00035,0.0001,0.00018,0.00005,0.0001,0.00032,0,0.00003,0.00005,0,0.00544
-7.79907,0.00171,0.00022,0.00151,0.00003,0.00022,0.00124,0.00044,0.00011,0.00018,0.00005,0.00009,0.00033,0,0.00003,0.00005,0,0.0062
-7.77507,0.00211,0.00022,0.00186,0.00003,0.00022,0.00127,0.00054,0.00011,0.00018,0.00005,0.00009,0.00033,0,0.00003,0.00005,0,0.00711
-7.75107,0.00279,0.00022,0.00246,0.00005,0.00021,0.00126,0.00072,0.00013,0.00018,0.00005,0.00009,0.00033,0.00001,0.00003,0.00005,0,0.00855
-7.72707,0.00352,0.00022,0.00311,0.00006,0.0002,0.00124,0.00092,0.00015,0.00017,0.00005,0.00008,0.00032,0.00001,0.00003,0.00005,0,0.01013
-7.70307,0.00432,0.00023,0.00382,0.00008,0.00019,0.00125,0.00113,0.00016,0.00017,0.00005,0.00008,0.00032,0.00001,0.00003,0.00005,0,0.01189
-7.67907,0.00539,0.00024,0.00476,0.0001,0.00019,0.00131,0.00141,0.00019,0.00017,0.00005,0.00008,0.00034,0.00001,0.00003,0.00004,0,0.01433
-7.65507,0.01058,0.00027,0.0093,0.00014,0.00022,0.00146,0.00264,0.00022,0.00018,0.00006,0.0001,0.00038,0.00001,0.00003,0.00005,0,0.02564
-7.63107,0.03384,0.00038,0.02977,0.00036,0.00026,0.00175,0.00862,0.00046,0.00028,0.00011,0.00011,0.00045,0.00005,0.00004,0.00007,0,0.07655
-7.60707,0.03186,0.00041,0.02815,0.00049,0.00033,0.0018,0.00844,0.00058,0.00022,0.00009,0.00014,0.00045,0.00006,0.00005,0.00005,0,0.07312
-7.58307,0.02406,0.00039,0.0214,0.00054,0.00028,0.0017,0.00672,0.00061,0.00018,0.00009,0.00012,0.00042,0.00006,0.00005,0.00004,0,0.05665
-7.55907,0.0235,0.0004,0.02098,0.0006,0.00026,0.00169,0.00677,0.00067,0.00017,0.00009,0.00011,0.00042,0.00006,0.00005,0.00004,0,0.05582
-7.53507,0.02497,0.00042,0.02236,0.00068,0.00023,0.0017,0.00733,0.00074,0.00017,0.00009,0.0001,0.00042,0.00007,0.00005,0.00004,0,0.05936
-7.51107,0.02566,0.00043,0.02307,0.00076,0.0002,0.0017,0.00777,0.0008,0.00016,0.00007,0.00009,0.00041,0.00008,0.00005,0.00003,0,0.06128
-7.48707,0.02885,0.00046,0.02602,0.0009,0.00019,0.00176,0.00895,0.00092,0.00016,0.00006,0.00008,0.00042,0.0001,0.00005,0.00003,0,0.06896
-7.46307,0.03267,0.00048,0.02955,0.00105,0.00019,0.00178,0.01032,0.00106,0.00016,0.00006,0.00008,0.00042,0.00012,0.00006,0.00003,0,0.07803
-7.43907,0.05304,0.0006,0.04815,0.00124,0.00018,0.0019,0.01721,0.00122,0.00026,0.00006,0.00007,0.00042,0.00021,0.00006,0.00003,0,0.12466
-7.41507,0.03354,0.00047,0.0305,0.00138,0.00017,0.00181,0.01096,0.00135,0.00015,0.00006,0.00007,0.00043,0.00013,0.00006,0.00003,0,0.08112
-7.39107,0.02928,0.00045,0.02672,0.00143,0.00017,0.00183,0.00976,0.00139,0.00013,0.00006,0.00007,0.00043,0.00012,0.00006,0.00003,0,0.07193
-7.36707,0.02004,0.0004,0.01835,0.00134,0.00016,0.00178,0.00682,0.00133,0.00009,0.00005,0.00007,0.00043,0.00008,0.00006,0.00003,0,0.05104
-7.34307,0.01946,0.00041,0.01788,0.00138,0.00016,0.00182,0.00676,0.00137,0.00009,0.00005,0.00007,0.00043,0.00008,0.00007,0.00003,0,0.05007
-7.31907,0.0198,0.00044,0.01825,0.00148,0.00018,0.002,0.00702,0.00145,0.00009,0.00005,0.00007,0.00047,0.00009,0.00007,0.00003,0,0.05149
-7.29507,0.0198,0.00043,0.0183,0.00154,0.00017,0.00191,0.00713,0.0015,0.00008,0.00005,0.00007,0.00045,0.00009,0.00007,0.00003,0,0.05162
-7.27107,0.02487,0.00154,0.02307,0.00163,0.00018,0.00294,0.00918,0.00158,0.00011,0.00006,0.00007,0.00046,0.00012,0.00007,0.00003,0,0.06591
-7.24707,0.044,0.00108,0.04089,0.00399,0.00018,0.00242,0.01644,0.00371,0.00015,0.00005,0.00007,0.00043,0.00021,0.00011,0.00006,0,0.11379
-7.22307,0.02784,0.00119,0.02597,0.00211,0.00018,0.00247,0.0106,0.002,0.00011,0.00004,0.00006,0.00041,0.00014,0.00008,0.00003,0,0.07325
-7.19907,0.02385,0.00113,0.02233,0.00166,0.00019,0.00237,0.00927,0.00159,0.0001,0.00004,0.00006,0.0004,0.00013,0.00008,0.00003,0,0.06322
-7.17507,0.02298,0.00118,0.02159,0.00157,0.00019,0.0024,0.00908,0.00149,0.0001,0.00004,0.00006,0.00039,0.00013,0.00007,0.00003,0,0.06131
-7.15107,0.02202,0.00117,0.02079,0.0014,0.00018,0.00233,0.00896,0.00133,0.00011,0.00004,0.00006,0.00038,0.00013,0.00007,0.00003,0,0.059
-7.12707,0.0213,0.0012,0.02017,0.00131,0.00019,0.00241,0.0088,0.00125,0.00012,0.00004,0.00006,0.00039,0.00013,0.00007,0.00003,0,0.05747
-7.10307,0.02003,0.00107,0.01902,0.0012,0.00018,0.00235,0.00842,0.00116,0.00013,0.00004,0.00006,0.00041,0.00013,0.00008,0.00003,0,0.05431
-7.07907,0.01908,0.00106,0.0182,0.00109,0.00018,0.00241,0.0082,0.00106,0.00014,0.00004,0.00006,0.00042,0.00012,0.00008,0.00004,0,0.05218
-7.05607,0.03175,0.00108,0.03019,0.00579,0.00019,0.00259,0.01355,0.00478,0.00037,0.00005,0.00006,0.00047,0.00019,0.00012,0.00011,0.00001,0.0913
-7.03207,0.03097,0.00151,0.02958,0.00567,0.00027,0.00524,0.01352,0.00473,0.00045,0.00011,0.0001,0.00113,0.0002,0.00013,0.00013,0.00001,0.09376
-7.00807,0.01951,0.00135,0.01874,0.00363,0.00026,0.00417,0.00879,0.00307,0.00033,0.00008,0.00008,0.00085,0.00013,0.00012,0.00009,0.00001,0.06123
-6.98407,0.01721,0.00133,0.01665,0.00268,0.00028,0.00352,0.00803,0.0023,0.00026,0.00005,0.00008,0.00065,0.00013,0.00012,0.00006,0.00001,0.05337
-6.96007,0.01551,0.00117,0.01509,0.00189,0.00026,0.00258,0.00744,0.00165,0.00022,0.00003,0.00006,0.00042,0.00012,0.00011,0.00005,0.00001,0.04663
-6.93607,0.0157,0.00113,0.01531,0.00174,0.00025,0.0024,0.00761,0.00151,0.00024,0.00002,0.00006,0.00038,0.00013,0.00012,0.00006,0.00001,0.04667
-6.91207,0.01691,0.00115,0.01653,0.0018,0.00026,0.00256,0.00833,0.00151,0.00028,0.00003,0.00006,0.00042,0.00014,0.00012,0.00007,0.00001,0.05017
-6.88807,0.0195,0.0013,0.01914,0.00198,0.00029,0.00271,0.00979,0.00159,0.00032,0.00003,0.00006,0.00041,0.00016,0.00012,0.00008,0.00001,0.0575
-6.86407,0.02293,0.00133,0.02239,0.0026,0.0003,0.0027,0.01132,0.00187,0.00078,0.00002,0.00006,0.0004,0.00018,0.0002,0.00022,0.00001,0.06732
-6.84007,0.02446,0.00101,0.02379,0.00306,0.00024,0.00248,0.01194,0.00211,0.00118,0.00002,0.00007,0.00043,0.00018,0.0003,0.00034,0.00002,0.07163
-6.81607,0.02705,0.00108,0.02648,0.00287,0.00022,0.0024,0.0136,0.00202,0.00117,0.00002,0.00005,0.00037,0.00022,0.00027,0.00034,0.00002,0.07818
-6.79207,0.03124,0.00112,0.03081,0.00244,0.0002,0.00261,0.01626,0.0018,0.00114,0.00002,0.00004,0.0004,0.00028,0.00026,0.00033,0.00002,0.08897
-6.76807,0.02365,0.00112,0.02338,0.00209,0.0002,0.00286,0.01241,0.00163,0.00104,0.00002,0.00003,0.00046,0.00021,0.00025,0.00032,0.00001,0.06969
-6.74407,0.0199,0.0012,0.01986,0.00196,0.00019,0.00354,0.01091,0.00213,0.00101,0.00002,0.00003,0.00061,0.0002,0.00031,0.00033,0.00001,0.06223
-6.72007,0.01575,0.00115,0.01591,0.00194,0.00016,0.00365,0.00908,0.00264,0.00091,0.00002,0.00002,0.00066,0.00018,0.00034,0.00031,0.00001,0.05272
-6.69607,0.0228,0.00461,0.02464,0.00571,0.00023,0.02255,0.01692,0.01714,0.00838,0.0002,0.00007,0.00478,0.00047,0.00273,0.003,0.00001,0.13425
-6.67207,0.01508,0.00102,0.01616,0.00374,0.00018,0.00415,0.01077,0.00844,0.00122,0.00005,0.00002,0.00087,0.00028,0.00107,0.00044,0,0.0635
-6.64807,0.01348,0.00082,0.01422,0.00368,0.00021,0.00237,0.00912,0.00686,0.00128,0.00002,0.00001,0.00043,0.00021,0.0008,0.00046,0,0.05399
-6.62407,0.01022,0.00034,0.01086,0.0033,0.00016,0.00075,0.00704,0.00539,0.00135,0.00001,0.00001,0.00011,0.00016,0.00053,0.00041,0,0.04064
-6.60007,0.01353,0.00039,0.01442,0.00393,0.00033,0.00089,0.00943,0.00667,0.00229,0.00001,0.00003,0.00017,0.00022,0.00088,0.00072,0.00001,0.05392
-6.57607,0.02321,0.00071,0.02424,0.00764,0.00054,0.0032,0.01503,0.00946,0.00325,0.00004,0.00016,0.00077,0.0003,0.00069,0.00095,0.00001,0.09021
-6.55207,0.02139,0.00056,0.02224,0.00611,0.00034,0.00269,0.01379,0.00718,0.0033,0.00004,0.00009,0.00067,0.00028,0.00055,0.00098,0.00001,0.08023
-6.52807,0.01584,0.00034,0.01628,0.00365,0.00013,0.00064,0.00999,0.0047,0.0029,0.00001,0.00002,0.00008,0.00021,0.00066,0.00096,0.00001,0.05641
-6.50407,0.00719,0.00009,0.00767,0.00381,0.00006,0.00026,0.00502,0.00495,0.00174,0,0.00001,0.00004,0.00012,0.00031,0.00047,0.00001,0.03176
-6.48007,0.01062,0.00019,0.01175,0.00481,0.00027,0.00037,0.00834,0.00743,0.00174,0.00001,0.00003,0.00009,0.00019,0.00062,0.0005,0.00002,0.04699
-6.45607,0.01039,0.00023,0.01153,0.00436,0.00032,0.00035,0.00824,0.00645,0.00173,0.00001,0.00004,0.00008,0.00019,0.00054,0.00049,0.00002,0.04496
-6.43207,0.0103,0.00027,0.01148,0.00402,0.00037,0.00034,0.0083,0.00569,0.00173,0.00001,0.00004,0.00006,0.00019,0.00045,0.00049,0.00002,0.04377
-6.40807,0.01222,0.00034,0.01383,0.00407,0.00029,0.00049,0.01033,0.0064,0.00206,0.00001,0.00003,0.00006,0.00024,0.00059,0.00057,0.00002,0.05156
-6.38407,0.01299,0.00036,0.01478,0.00417,0.00029,0.00055,0.01119,0.00656,0.00228,0.00001,0.00004,0.00006,0.00026,0.0006,0.00064,0.00002,0.05478
-6.36007,0.01665,0.00038,0.01907,0.00583,0.00036,0.00071,0.01474,0.01195,0.00321,0.00001,0.00004,0.00011,0.00035,0.00136,0.00096,0.00003,0.07575
-6.33607,0.01911,0.00037,0.02207,0.00589,0.00035,0.00076,0.01742,0.01239,0.00388,0.00001,0.00005,0.00013,0.00042,0.00147,0.00118,0.00003,0.08553
-6.31207,0.01659,0.0004,0.01923,0.00624,0.00039,0.00144,0.01543,0.01288,0.00425,0.00003,0.00007,0.00035,0.0004,0.00152,0.00134,0.00004,0.08058
-6.28807,0.01354,0.00044,0.01585,0.0056,0.00041,0.00124,0.01316,0.01042,0.0043,0.00002,0.00007,0.00023,0.00038,0.00109,0.00134,0.00003,0.06812
-6.26407,0.01417,0.00062,0.01669,0.00641,0.00059,0.00219,0.01412,0.0119,0.00469,0.00002,0.00012,0.00042,0.00042,0.00126,0.00148,0.00004,0.07514
-6.24007,0.01311,0.00063,0.01559,0.00625,0.00058,0.00235,0.0135,0.01204,0.00444,0.00002,0.00012,0.00046,0.00041,0.00136,0.00141,0.00004,0.07233
-6.21607,0.0125,0.00058,0.01493,0.0067,0.00061,0.00248,0.01308,0.01334,0.00452,0.00002,0.00014,0.00051,0.0004,0.00153,0.00146,0.00004,0.07285
-6.19207,0.0132,0.00044,0.01561,0.00719,0.00057,0.00185,0.0133,0.01392,0.00508,0.00003,0.00013,0.00039,0.00038,0.00159,0.00167,0.00005,0.07538
-6.16807,0.01034,0.00042,0.01235,0.00575,0.00062,0.00189,0.01079,0.01188,0.00531,0.00003,0.00014,0.00041,0.00035,0.00147,0.00171,0.00004,0.0635
-6.14507,0.0088,0.00036,0.01044,0.00541,0.00062,0.00154,0.00917,0.01077,0.00439,0.00002,0.00014,0.00034,0.00031,0.00123,0.0014,0.00003,0.05498
-6.12107,0.00766,0.00028,0.00929,0.00477,0.00059,0.00087,0.00867,0.00981,0.00437,0.00002,0.00011,0.00017,0.00033,0.00113,0.00139,0.00003,0.04946
-6.09707,0.00754,0.00026,0.00925,0.0048,0.00055,0.00068,0.00878,0.01028,0.00358,0.00001,0.00009,0.00012,0.00032,0.00119,0.00113,0.00003,0.04861
-6.07307,0.00683,0.00023,0.00851,0.00446,0.00048,0.00059,0.00831,0.0097,0.00309,0.00001,0.00008,0.0001,0.0003,0.00114,0.00097,0.00002,0.04481
-6.04907,0.00679,0.00022,0.0085,0.00449,0.00052,0.00052,0.00837,0.00987,0.00289,0.00001,0.00009,0.00008,0.00029,0.00115,0.00091,0.00002,0.04472
-6.02507,0.00757,0.00037,0.00954,0.00575,0.00069,0.0015,0.00966,0.01488,0.00328,0.00001,0.00013,0.00028,0.00037,0.00193,0.00102,0.00003,0.05701
-6.00107,0.01158,0.00111,0.01531,0.00769,0.00124,0.00508,0.01836,0.0213,0.00945,0.00002,0.00026,0.00092,0.00097,0.00277,0.003,0.00004,0.09911
-5.97707,0.01071,0.00073,0.01413,0.0069,0.0011,0.00343,0.01666,0.01748,0.00834,0.00002,0.00023,0.00065,0.00081,0.00211,0.00269,0.00004,0.08602
-5.95307,0.00921,0.00077,0.01175,0.00643,0.00098,0.00399,0.01227,0.0149,0.00315,0.00002,0.00021,0.00078,0.00044,0.00166,0.00098,0.00003,0.06758
-5.92907,0.011,0.00077,0.01409,0.00689,0.00104,0.00376,0.01479,0.01479,0.00281,0.00002,0.0002,0.00072,0.00049,0.00147,0.00087,0.00003,0.07374
-5.90507,0.01073,0.00069,0.01385,0.00643,0.00098,0.003,0.01473,0.0134,0.00255,0.00001,0.00017,0.00053,0.00047,0.00133,0.0008,0.00004,0.0697
-5.88107,0.01144,0.0007,0.01484,0.00736,0.00097,0.00297,0.0159,0.01476,0.00254,0.00001,0.00016,0.00051,0.0005,0.00143,0.00079,0.00007,0.07495
-5.85707,0.01166,0.00083,0.01522,0.00759,0.00099,0.00336,0.0164,0.01589,0.0026,0.00001,0.00016,0.00055,0.0005,0.0017,0.00082,0.00009,0.07836
-5.83307,0.01177,0.00112,0.01571,0.00739,0.00098,0.00435,0.01735,0.01802,0.00314,0.00001,0.00015,0.00066,0.00052,0.00233,0.00107,0.0001,0.08467
-5.80907,0.00973,0.0008,0.01283,0.00707,0.00097,0.00303,0.01406,0.01507,0.00223,0.00001,0.00014,0.00045,0.00042,0.0015,0.00073,0.00006,0.06911
-5.78507,0.00964,0.00113,0.01279,0.00727,0.00111,0.00424,0.01416,0.01596,0.00268,0.00002,0.0002,0.00064,0.00043,0.00164,0.00086,0.00006,0.07284
-5.76107,0.0084,0.00133,0.01121,0.00688,0.00097,0.00478,0.01243,0.01445,0.00193,0.00001,0.00014,0.00068,0.00035,0.00136,0.00061,0.00006,0.0656
-5.73707,0.00787,0.00146,0.01062,0.00681,0.00095,0.00516,0.01201,0.01426,0.00187,0.00001,0.00014,0.00073,0.00034,0.00131,0.00061,0.00006,0.06419
-5.71307,0.00784,0.00271,0.01078,0.00673,0.00096,0.00972,0.01254,0.0142,0.00185,0.00002,0.00017,0.00136,0.00035,0.0013,0.00061,0.00006,0.07121
-5.68907,0.00785,0.00149,0.01094,0.00666,0.00103,0.00492,0.01302,0.01407,0.00178,0.00001,0.00013,0.00064,0.00036,0.00129,0.0006,0.00006,0.06485
-5.66507,0.00692,0.00145,0.00986,0.00587,0.00096,0.00467,0.0122,0.01253,0.00135,0.00001,0.00012,0.00059,0.00033,0.00114,0.00049,0.00005,0.05854
-5.64107,0.00743,0.00275,0.01064,0.00549,0.00101,0.00761,0.01331,0.01195,0.00149,0.00002,0.00013,0.00081,0.00037,0.00112,0.00053,0.00005,0.06471
-5.61707,0.00797,0.00873,0.01145,0.00476,0.00105,0.02018,0.01449,0.01086,0.00166,0.00008,0.00012,0.00163,0.00041,0.00111,0.00058,0.00004,0.08512
-5.59307,0.00916,0.00973,0.01322,0.00428,0.00113,0.02237,0.01686,0.01021,0.00184,0.00009,0.00013,0.00177,0.00047,0.00112,0.00064,0.00004,0.09306
-5.56907,0.00935,0.00427,0.01347,0.00387,0.00099,0.01046,0.01698,0.00896,0.00164,0.00004,0.00011,0.00091,0.00043,0.00091,0.00052,0.00003,0.07296
-5.54507,0.01023,0.00389,0.01484,0.00368,0.00106,0.00971,0.01894,0.00861,0.00169,0.00004,0.00012,0.00087,0.00048,0.00088,0.00054,0.00003,0.07559
-5.52107,0.01148,0.00358,0.01685,0.00358,0.00121,0.00916,0.02192,0.00894,0.00167,0.00003,0.00013,0.00084,0.00055,0.00093,0.00054,0.00003,0.08144
-5.49707,0.02275,0.00342,0.03319,0.00505,0.00178,0.00887,0.04279,0.01308,0.00213,0.00003,0.00018,0.00083,0.001,0.00129,0.00056,0.00003,0.13699
-5.47307,0.02073,0.00325,0.03056,0.00426,0.00125,0.0087,0.04007,0.01147,0.00198,0.00003,0.00014,0.00083,0.00096,0.00119,0.00058,0.00003,0.12601
-5.44907,0.01542,0.00322,0.02296,0.00242,0.00055,0.00874,0.03058,0.00729,0.0019,0.00003,0.00007,0.00084,0.00074,0.00086,0.00061,0.00002,0.09625
-5.42507,0.01635,0.00388,0.02448,0.00129,0.00048,0.01052,0.03269,0.00544,0.00212,0.00003,0.00007,0.001,0.00076,0.0008,0.00069,0.00002,0.10063
-5.40107,0.01535,0.00385,0.02327,0.00125,0.00047,0.01041,0.03134,0.00507,0.00188,0.00003,0.00006,0.00098,0.0007,0.00071,0.00063,0.00002,0.09603
-5.37707,0.00955,0.00609,0.01461,0.00129,0.0011,0.01418,0.02005,0.00507,0.00168,0.00006,0.00007,0.0011,0.00047,0.00069,0.00061,0.00002,0.07664
-5.35307,0.00305,0.01173,0.00484,0.00134,0.00213,0.02163,0.00724,0.00516,0.00165,0.00018,0.00013,0.00122,0.00021,0.00068,0.00064,0.00002,0.06187
-5.32907,0.00365,0.01311,0.00597,0.00231,0.00281,0.02275,0.00934,0.00817,0.00203,0.00023,0.00017,0.00118,0.00029,0.00096,0.00083,0.00002,0.07384
-5.30507,0.00356,0.00829,0.00581,0.00254,0.00159,0.01523,0.009,0.00861,0.00218,0.00015,0.0001,0.00093,0.00026,0.00096,0.00087,0.00002,0.06011
-5.28107,0.00367,0.00776,0.00597,0.00287,0.00134,0.01462,0.00917,0.00905,0.00258,0.00014,0.00009,0.00093,0.00025,0.00095,0.00098,0.00003,0.06041
-5.25807,0.00468,0.00947,0.00743,0.00347,0.00127,0.01614,0.01072,0.0097,0.00498,0.00021,0.00008,0.00104,0.00026,0.00093,0.00166,0.00005,0.07208
-5.23407,0.00521,0.0085,0.00855,0.00432,0.00112,0.01704,0.01339,0.00899,0.00479,0.00014,0.00008,0.00113,0.00038,0.00061,0.00146,0.00008,0.0758
-5.21007,0.0046,0.00766,0.00733,0.00469,0.001,0.01511,0.01123,0.00769,0.00375,0.00014,0.00007,0.00103,0.00031,0.0003,0.00093,0.0001,0.06596
-5.18607,0.00457,0.00748,0.00688,0.00621,0.00102,0.01493,0.00975,0.01018,0.00362,0.00014,0.00007,0.00103,0.00023,0.00037,0.00078,0.00012,0.06736
-5.16207,0.0031,0.00643,0.00453,0.00418,0.00126,0.01339,0.00609,0.00667,0.00243,0.00012,0.00009,0.00092,0.00014,0.00033,0.00052,0.00012,0.05032
-5.13807,0.00241,0.00602,0.00357,0.0034,0.00191,0.01294,0.00507,0.00537,0.00202,0.00011,0.00014,0.00092,0.00014,0.00031,0.00049,0.00011,0.04491
-5.11407,0.0021,0.00579,0.00317,0.00307,0.00205,0.01254,0.00469,0.00475,0.00178,0.00011,0.00015,0.00091,0.00014,0.00023,0.00045,0.00009,0.04201
-5.09007,0.00172,0.0052,0.00263,0.00209,0.00122,0.01122,0.00415,0.00353,0.0016,0.0001,0.00009,0.0008,0.00015,0.0002,0.00044,0.00007,0.03518
-5.06607,0.00166,0.00475,0.00257,0.00176,0.00081,0.01028,0.00421,0.0031,0.00164,0.00009,0.00006,0.00073,0.00017,0.00018,0.00047,0.00006,0.03253
-5.04207,0.00192,0.00515,0.00313,0.00162,0.00049,0.01195,0.00584,0.00321,0.00183,0.00009,0.00004,0.00087,0.00029,0.0002,0.00055,0.00005,0.03722
-5.01807,0.0039,0.01061,0.0074,0.0023,0.00121,0.01853,0.01842,0.00507,0.00398,0.00026,0.00009,0.00079,0.0014,0.0003,0.00113,0.00005,0.07545
-4.99407,0.00298,0.00692,0.00546,0.00247,0.00342,0.0118,0.01222,0.00433,0.00283,0.00017,0.00026,0.00044,0.00078,0.00031,0.0008,0.00009,0.0553
-4.97007,0.00246,0.00687,0.00423,0.00245,0.00981,0.01138,0.00811,0.00428,0.00193,0.00018,0.00082,0.00039,0.00039,0.00027,0.00043,0.00008,0.05407
-4.94607,0.0027,0.00768,0.0046,0.00335,0.01338,0.013,0.00831,0.00697,0.00198,0.0002,0.00109,0.00048,0.00034,0.00079,0.00041,0.00017,0.06545
-4.92207,0.00293,0.01095,0.00501,0.00314,0.00926,0.0239,0.00893,0.00618,0.00228,0.00022,0.00072,0.0015,0.00033,0.00055,0.00046,0.00013,0.07649
-4.89807,0.00297,0.00762,0.00502,0.00274,0.00848,0.01328,0.00876,0.0063,0.00224,0.0002,0.00065,0.00054,0.0003,0.00058,0.00044,0.00012,0.06024
-4.87407,0.00317,0.00903,0.00535,0.00293,0.0108,0.01765,0.00924,0.00706,0.00255,0.00023,0.00085,0.0009,0.0003,0.00068,0.00051,0.00013,0.07137
-4.85007,0.00298,0.00822,0.00512,0.00293,0.01184,0.01548,0.0091,0.00776,0.00228,0.00021,0.00094,0.00072,0.00028,0.00079,0.00047,0.00014,0.06925
-4.82607,0.00428,0.00802,0.00755,0.00521,0.01978,0.01467,0.014,0.01351,0.0042,0.0002,0.0015,0.00059,0.00045,0.00117,0.00101,0.00018,0.09633
-4.80207,0.00495,0.00778,0.00941,0.00623,0.02511,0.01267,0.01917,0.01561,0.0037,0.00022,0.00185,0.00032,0.00067,0.00128,0.00086,0.0002,0.11002
-4.77807,0.00517,0.00767,0.01019,0.00625,0.02303,0.01243,0.02174,0.0164,0.00228,0.00022,0.00168,0.0003,0.00077,0.00145,0.0004,0.0002,0.11018
-4.75407,0.00536,0.00646,0.01087,0.00651,0.01988,0.01064,0.02399,0.01743,0.00196,0.0002,0.00145,0.00027,0.00088,0.00156,0.00031,0.00021,0.10798
-4.73007,0.00454,0.00672,0.0093,0.00529,0.01898,0.01107,0.02105,0.01664,0.00149,0.00021,0.00137,0.00027,0.00081,0.00184,0.00021,0.00021,0.1
-4.70607,0.00443,0.00769,0.00906,0.00488,0.02275,0.01268,0.02036,0.0164,0.00144,0.00025,0.00162,0.0003,0.00076,0.00198,0.00021,0.00021,0.10502
-4.68207,0.00408,0.00816,0.0084,0.00442,0.03815,0.0138,0.01897,0.01544,0.00131,0.00026,0.00267,0.00035,0.00069,0.00199,0.0002,0.00021,0.11911
-4.65807,0.00399,0.00835,0.00821,0.00371,0.03554,0.01425,0.01852,0.01479,0.00135,0.00028,0.00252,0.00041,0.00066,0.00214,0.00022,0.00022,0.11515
-4.63407,0.00309,0.0077,0.00641,0.00237,0.03214,0.01362,0.01449,0.00945,0.00122,0.00025,0.00227,0.0004,0.00049,0.0015,0.00021,0.00019,0.09581
-4.61007,0.00254,0.00688,0.00534,0.00146,0.02334,0.01235,0.01213,0.00571,0.00106,0.00023,0.00168,0.00038,0.00039,0.00095,0.00018,0.00015,0.07479
-4.58607,0.00237,0.00603,0.005,0.00123,0.01716,0.01112,0.01139,0.00541,0.00096,0.0002,0.00127,0.00037,0.00037,0.00095,0.00017,0.00015,0.06414
-4.56207,0.002,0.00555,0.00426,0.00126,0.0147,0.01084,0.00984,0.00473,0.00101,0.00018,0.00111,0.00034,0.00031,0.00086,0.00017,0.00015,0.05732
-4.53807,0.00269,0.00574,0.00576,0.00211,0.01517,0.01165,0.01289,0.00563,0.00177,0.00018,0.00115,0.00035,0.00036,0.0008,0.00025,0.0002,0.0667
-4.51407,0.00274,0.00604,0.00585,0.00228,0.01237,0.01231,0.01295,0.00556,0.00215,0.00018,0.00094,0.00033,0.00036,0.00077,0.0003,0.00022,0.06536
-4.49007,0.00247,0.0066,0.00525,0.00226,0.00977,0.0131,0.01172,0.00497,0.00246,0.00021,0.00073,0.00034,0.00035,0.00077,0.00033,0.00024,0.06157
-4.46607,0.00268,0.00766,0.00586,0.00251,0.00913,0.01505,0.0136,0.00548,0.00226,0.00026,0.00068,0.00039,0.00042,0.0008,0.00028,0.00025,0.0673
-4.44207,0.00223,0.00807,0.00502,0.00206,0.00871,0.01575,0.0121,0.00525,0.00159,0.00028,0.00064,0.00042,0.00037,0.00079,0.00019,0.0002,0.06366
-4.41807,0.00208,0.00792,0.0047,0.00202,0.00874,0.01542,0.01141,0.00534,0.0016,0.00029,0.00064,0.00043,0.00035,0.00074,0.00018,0.00018,0.06201
-4.39407,0.00287,0.02298,0.00627,0.00214,0.00912,0.03979,0.01526,0.00662,0.00269,0.00093,0.00068,0.00069,0.00047,0.00111,0.00026,0.00021,0.11209
-4.37007,0.00208,0.01237,0.0047,0.00207,0.00922,0.02092,0.01172,0.00595,0.00203,0.00055,0.00066,0.00044,0.00037,0.00076,0.00021,0.00017,0.07422
-4.34707,0.00229,0.00352,0.00551,0.0036,0.00846,0.00638,0.01443,0.00983,0.00177,0.00019,0.0006,0.0003,0.00046,0.00062,0.00017,0.00014,0.05828
-4.32307,0.0046,0.00232,0.01205,0.00909,0.0085,0.00448,0.03433,0.02396,0.00255,0.00016,0.00061,0.00039,0.00116,0.00099,0.00017,0.00024,0.10561
-4.29907,0.00223,0.00234,0.00566,0.00298,0.00832,0.00487,0.01527,0.00927,0.00159,0.00014,0.00057,0.00031,0.00044,0.00068,0.00017,0.00013,0.05498
-4.27507,0.0017,0.0009,0.00447,0.00226,0.00501,0.00184,0.0122,0.00654,0.0014,0.00007,0.00036,0.00021,0.00035,0.00038,0.00016,0.0001,0.03795
-4.25107,0.00184,0.00106,0.0049,0.00226,0.00539,0.00233,0.01338,0.00669,0.00146,0.00008,0.00038,0.00022,0.00037,0.00039,0.00018,0.0001,0.04103
-4.22707,0.00175,0.00123,0.00469,0.00215,0.00508,0.0028,0.0129,0.00648,0.00145,0.00009,0.00035,0.00023,0.00036,0.00039,0.00018,0.00009,0.04023
-4.20307,0.00145,0.0011,0.00394,0.00197,0.00354,0.00254,0.01102,0.00593,0.00145,0.00008,0.00024,0.00022,0.00032,0.00036,0.00019,0.00008,0.03444
-4.17907,0.00132,0.00096,0.00364,0.00191,0.00277,0.00225,0.01033,0.00587,0.00144,0.00007,0.00019,0.00022,0.0003,0.00037,0.00019,0.00008,0.0319
-4.15507,0.00143,0.00107,0.00399,0.00204,0.00329,0.00265,0.01157,0.00641,0.00137,0.00008,0.00022,0.00028,0.00034,0.00041,0.00017,0.00009,0.03542
-4.13107,0.00139,0.00102,0.00392,0.00204,0.00359,0.00254,0.01146,0.00662,0.00135,0.00007,0.00023,0.00023,0.00034,0.00047,0.00018,0.00011,0.03556
-4.10707,0.00274,0.00654,0.00687,0.00194,0.00254,0.01534,0.01923,0.00646,0.0026,0.00024,0.00016,0.00036,0.00054,0.00048,0.00018,0.00011,0.06635
-4.08307,0.00171,0.00315,0.00457,0.00188,0.00215,0.00775,0.01324,0.0064,0.00181,0.00012,0.00014,0.00019,0.00038,0.0005,0.00017,0.00011,0.04428
-4.05907,0.00198,0.00336,0.00556,0.00191,0.00197,0.00877,0.01661,0.00657,0.00178,0.00012,0.00013,0.00023,0.00048,0.0005,0.00018,0.00012,0.05027
-4.03507,0.00199,0.00352,0.00564,0.00196,0.00183,0.00931,0.01703,0.00686,0.00177,0.00013,0.00012,0.00025,0.00049,0.00052,0.00018,0.00013,0.05173
-4.01107,0.00189,0.00328,0.00546,0.00205,0.00179,0.0089,0.01671,0.00731,0.00169,0.00012,0.00011,0.00024,0.00048,0.00054,0.00017,0.00014,0.05088
-3.98707,0.00178,0.00327,0.00518,0.00197,0.0016,0.00896,0.01591,0.00722,0.00188,0.00012,0.0001,0.00025,0.00046,0.00056,0.0002,0.00015,0.04959
-3.96307,0.00167,0.00315,0.00492,0.00206,0.00171,0.00879,0.01532,0.00779,0.00178,0.00011,0.00011,0.00025,0.00044,0.00059,0.00018,0.00017,0.04903
-3.93907,0.00155,0.00316,0.00475,0.00216,0.00195,0.00893,0.01526,0.00841,0.00096,0.00011,0.00012,0.00025,0.00042,0.0006,0.00006,0.00018,0.04887
-3.91507,0.00148,0.00316,0.0046,0.00221,0.00219,0.00902,0.01493,0.00889,0.00098,0.00011,0.00013,0.00026,0.00041,0.00064,0.00006,0.0002,0.04927
-3.89107,0.00134,0.00306,0.0042,0.00183,0.00156,0.00884,0.01376,0.00758,0.0009,0.00011,0.00009,0.00025,0.00038,0.00061,0.00006,0.00015,0.04471
-3.86707,0.00123,0.00305,0.00391,0.00166,0.00153,0.00895,0.013,0.00709,0.00088,0.0001,0.00009,0.00026,0.00036,0.0006,0.00006,0.00015,0.04293
-3.84307,0.00115,0.00309,0.00374,0.00155,0.00154,0.00919,0.01266,0.00684,0.00087,0.00011,0.00009,0.00027,0.00035,0.00061,0.00007,0.00015,0.04227
-3.81907,0.00106,0.00318,0.0035,0.00141,0.00154,0.0097,0.01198,0.00638,0.00082,0.00011,0.00009,0.00028,0.00033,0.00059,0.00006,0.00014,0.04119
-3.79507,0.00097,0.00326,0.00328,0.00128,0.00155,0.0102,0.01135,0.00595,0.00077,0.00011,0.00009,0.0003,0.00031,0.00056,0.00006,0.00014,0.0402
-3.77107,0.0009,0.00331,0.00308,0.00117,0.00156,0.01055,0.01078,0.00566,0.00073,0.00011,0.00009,0.00032,0.00029,0.00057,0.00006,0.00013,0.03932
-3.74707,0.00084,0.00336,0.00291,0.00106,0.00158,0.01089,0.01031,0.00561,0.00074,0.00011,0.00009,0.00033,0.00028,0.00061,0.00007,0.00013,0.03894
-3.72307,0.00077,0.00339,0.00278,0.00161,0.00164,0.01115,0.01008,0.00745,0.00073,0.00011,0.00009,0.00034,0.00027,0.0007,0.00007,0.00013,0.04133
-3.69907,0.00075,0.00345,0.0028,0.00277,0.00173,0.01157,0.01029,0.01244,0.00105,0.00012,0.0001,0.00035,0.00027,0.00113,0.00011,0.00015,0.04908
-3.67507,0.00069,0.00348,0.00277,0.00393,0.00186,0.01184,0.01079,0.01481,0.00057,0.00012,0.0001,0.00036,0.00029,0.0009,0.00005,0.00012,0.05269
-3.65107,0.00069,0.00347,0.00282,0.00577,0.00216,0.01194,0.01108,0.02128,0.00061,0.00012,0.00012,0.00037,0.0003,0.0012,0.00005,0.00012,0.0621
-3.62707,0.00069,0.00347,0.00288,0.00769,0.00254,0.01201,0.01149,0.02867,0.00068,0.00012,0.00014,0.00037,0.00031,0.00164,0.00006,0.00013,0.07289
-3.60307,0.0007,0.00345,0.00302,0.00689,0.00235,0.01205,0.01224,0.0264,0.0008,0.00012,0.00013,0.00037,0.00034,0.00153,0.00007,0.00014,0.07059
-3.57907,0.00072,0.00343,0.00319,0.00534,0.00203,0.0121,0.01314,0.02151,0.00094,0.00011,0.00011,0.00038,0.00036,0.00134,0.00009,0.00016,0.06495
-3.55507,0.00089,0.0034,0.0042,0.00459,0.00178,0.0121,0.01788,0.01944,0.00127,0.00011,0.0001,0.00038,0.0005,0.00121,0.00011,0.0002,0.06815
-3.53107,0.00093,0.0034,0.00455,0.00455,0.00168,0.01219,0.01968,0.01965,0.00142,0.00011,0.00009,0.00038,0.00055,0.00121,0.00012,0.00022,0.07075
-3.50707,0.00142,0.00439,0.00729,0.00772,0.00262,0.01604,0.03213,0.03168,0.00198,0.00015,0.00014,0.0005,0.00089,0.00151,0.00011,0.00029,0.10885
-3.48307,0.00028,0.00399,0.0012,0.00615,0.00413,0.01475,0.00487,0.02099,0.00075,0.00013,0.00023,0.00046,0.00013,0.00138,0.0001,0.00015,0.05968
-3.46007,0.00026,0.0037,0.00123,0.00684,0.00469,0.01403,0.00525,0.0237,0.00041,0.00012,0.00025,0.00044,0.00013,0.00096,0.00003,0.00008,0.06213
-3.43607,0.00022,0.00328,0.00119,0.0055,0.00357,0.01291,0.0053,0.01874,0.0002,0.0001,0.00019,0.00041,0.00013,0.0006,0,0.00006,0.0524
-3.41207,0.00019,0.00282,0.00112,0.00401,0.00224,0.01136,0.00511,0.01431,0.00017,0.00009,0.00012,0.00037,0.00013,0.00046,0,0.00005,0.04255
-3.38807,0.00018,0.00267,0.00111,0.00376,0.00185,0.01093,0.00514,0.01371,0.00017,0.00008,0.0001,0.00035,0.00013,0.00044,0,0.00005,0.04069
-3.36407,0.00018,0.00261,0.00112,0.00391,0.00176,0.01079,0.00523,0.01437,0.00018,0.00008,0.00009,0.00035,0.00013,0.00046,0,0.00005,0.04131
-3.34007,0.00017,0.00255,0.00111,0.00368,0.00165,0.01068,0.00521,0.01381,0.00017,0.00008,0.00009,0.00035,0.00013,0.00044,0,0.00005,0.04016
-3.31607,0.00016,0.00251,0.00108,0.00315,0.00151,0.01062,0.00512,0.01228,0.00016,0.00007,0.00008,0.00035,0.00012,0.0004,0,0.00004,0.03765
-3.29207,0.00016,0.00248,0.00107,0.00295,0.00137,0.01068,0.00517,0.01177,0.00016,0.00007,0.00007,0.00035,0.00012,0.00039,0,0.00004,0.03686
-3.26807,0.00016,0.00248,0.00118,0.00286,0.00122,0.0109,0.00584,0.01196,0.00018,0.00007,0.00006,0.00036,0.00014,0.0004,0,0.00005,0.03787
-3.24407,0.00025,0.00693,0.00162,0.00423,0.0037,0.03116,0.00788,0.0174,0.00039,0.00023,0.00019,0.00101,0.00019,0.00058,0.00001,0.00005,0.0758
-3.22007,0.00024,0.007,0.00161,0.00599,0.00633,0.03197,0.00792,0.02448,0.00049,0.00023,0.00032,0.00104,0.00019,0.00081,0.00001,0.00005,0.08866
-3.19607,0.00021,0.00601,0.00149,0.006,0.00615,0.02804,0.00752,0.0252,0.00052,0.0002,0.00031,0.00092,0.00018,0.00084,0.00001,0.00006,0.08366
-3.17207,0.00018,0.00488,0.0014,0.00528,0.00486,0.02338,0.00727,0.02309,0.0005,0.00016,0.00024,0.00077,0.00017,0.00078,0.00001,0.00006,0.07301
-3.14807,0.00017,0.00477,0.00137,0.00538,0.00487,0.02329,0.00729,0.02382,0.00052,0.00016,0.00024,0.00077,0.00017,0.0008,0.00001,0.00006,0.07367
-3.12407,0.00015,0.00462,0.0013,0.00531,0.00485,0.02289,0.00699,0.02374,0.00052,0.00015,0.00024,0.00075,0.00017,0.0008,0.00001,0.00005,0.07253
-3.10007,0.00019,0.00458,0.00186,0.00594,0.00486,0.02305,0.01035,0.02808,0.00067,0.00015,0.00024,0.00076,0.00025,0.00096,0.00001,0.00008,0.08204
-3.07607,0.00019,0.0046,0.00197,0.00617,0.00501,0.02351,0.01103,0.02963,0.00074,0.00015,0.00024,0.00078,0.00026,0.00102,0.00002,0.00009,0.0854
-3.05207,0.00019,0.00468,0.00207,0.00646,0.00523,0.02419,0.01175,0.03148,0.00081,0.00015,0.00025,0.0008,0.00028,0.00109,0.00002,0.0001,0.08954
-3.02807,0.00011,0.00706,0.0011,0.00549,0.00543,0.03765,0.00623,0.02543,0.0006,0.00023,0.00026,0.00124,0.00014,0.00085,0.00001,0.00004,0.09189
-3.00407,0.00009,0.00824,0.00102,0.00553,0.0057,0.04461,0.00581,0.02574,0.00061,0.00027,0.00027,0.00147,0.00013,0.00086,0.00001,0.00004,0.1004
-2.98007,0.00009,0.00997,0.00108,0.00627,0.00622,0.05519,0.00631,0.02973,0.00071,0.00032,0.0003,0.00183,0.00014,0.001,0.00001,0.00004,0.11921
-2.95607,0.00008,0.00898,0.00096,0.00642,0.0067,0.05071,0.00566,0.03064,0.00073,0.00029,0.00032,0.00168,0.00013,0.00102,0.00001,0.00004,0.11437
-2.93207,0.00006,0.0064,0.00072,0.00555,0.00647,0.03697,0.00434,0.02696,0.0006,0.0002,0.0003,0.00123,0.0001,0.0009,0.00001,0.00003,0.09084
-2.90807,0.00004,0.00474,0.00053,0.00485,0.00704,0.02818,0.00325,0.02453,0.00054,0.00014,0.00032,0.00094,0.00007,0.00081,0.00001,0.00003,0.07603
-2.88407,0.00003,0.00389,0.00046,0.00524,0.0076,0.02333,0.00291,0.02717,0.00062,0.00011,0.00035,0.00078,0.00006,0.0009,0.00001,0.00002,0.07349
-2.86007,0.00003,0.0032,0.00041,0.00521,0.00764,0.01925,0.00259,0.02753,0.00062,0.00009,0.00035,0.00064,0.00006,0.00091,0.00001,0.00002,0.06855
-2.83607,0.00003,0.0025,0.00035,0.00518,0.00768,0.01502,0.0023,0.02797,0.00063,0.00006,0.00035,0.0005,0.00005,0.00092,0.00001,0.00002,0.06357
-2.81207,0.00002,0.00199,0.00031,0.00516,0.00775,0.0119,0.00204,0.02843,0.00064,0.00005,0.00035,0.0004,0.00004,0.00094,0.00001,0.00002,0.06004
-2.78807,0.00002,0.00184,0.00027,0.00533,0.00799,0.01097,0.00186,0.02986,0.00068,0.00004,0.00036,0.00036,0.00004,0.00098,0.00001,0.00002,0.06063
-2.76407,0.00002,0.0017,0.00024,0.00561,0.00829,0.01003,0.00171,0.032,0.00076,0.00004,0.00037,0.00033,0.00004,0.00105,0.00001,0.00002,0.06222
-2.74007,0.00002,0.00155,0.00021,0.00591,0.0086,0.00902,0.00158,0.03422,0.00084,0.00003,0.00038,0.0003,0.00003,0.00113,0.00001,0.00002,0.06385
-2.71607,0.00002,0.00139,0.00019,0.00621,0.00891,0.00794,0.00146,0.03652,0.00092,0.00002,0.00039,0.00026,0.00003,0.0012,0.00001,0.00002,0.0655
-2.69207,0.00002,0.0036,0.00022,0.01164,0.03457,0.02083,0.00181,0.06651,0.00168,0.00003,0.00151,0.00068,0.00004,0.00215,0.00002,0.00002,0.14533
-2.66807,0.00002,0.00176,0.00023,0.00898,0.01816,0.0102,0.00187,0.05401,0.00146,0.00002,0.00079,0.00033,0.00004,0.00176,0.00002,0.00003,0.09968
-2.64407,0.00002,0.00126,0.00026,0.01013,0.02477,0.0073,0.0021,0.06186,0.00162,0.00002,0.00107,0.00024,0.00004,0.00202,0.00002,0.00003,0.11276
-2.62007,0.00004,0.00267,0.00049,0.01087,0.00184,0.01895,0.00391,0.07246,0.002,0.00006,0.00008,0.00063,0.00008,0.00243,0.00002,0.00007,0.11661
-2.59607,0.00005,0.0081,0.00076,0.01419,0.00112,0.06263,0.00649,0.1005,0.00297,0.00021,0.00005,0.00208,0.00013,0.00337,0.00004,0.0001,0.2028
-2.57307,0.00003,0.00588,0.00067,0.01145,0.00108,0.04605,0.00584,0.08247,0.00275,0.00015,0.00004,0.00153,0.00012,0.00276,0.00004,0.00008,0.16093
-2.54907,0.00002,0.00312,0.0006,0.01051,0.00102,0.02495,0.00532,0.07715,0.00257,0.00008,0.00004,0.00082,0.00011,0.00258,0.00003,0.00008,0.129
-2.52507,0.00002,0.00277,0.00074,0.01535,0.00167,0.02247,0.00664,0.1172,0.00309,0.00007,0.00007,0.00074,0.00013,0.00393,0.00004,0.00014,0.17507
-2.50107,0.00001,0.00376,0.00071,0.0092,0.00838,0.02958,0.00631,0.06895,0.00243,0.00007,0.00034,0.00097,0.00013,0.00228,0.00003,0.00007,0.1332
-2.47707,0.00001,0.00558,0.00115,0.0095,0.01125,0.04501,0.01037,0.07292,0.00338,0.0001,0.00045,0.00147,0.00021,0.0024,0.00005,0.00008,0.16393
-2.45307,0.00002,0.0033,0.00094,0.00928,0.01211,0.0268,0.00849,0.07259,0.00259,0.00005,0.00048,0.00087,0.00017,0.00238,0.00004,0.00007,0.14018
-2.42907,0.00001,0.00211,0.0007,0.00238,0.00965,0.01675,0.00628,0.01668,0.00105,0.00002,0.00038,0.00054,0.00012,0.00052,0.00002,0.00002,0.05721
-2.40507,0.00001,0.00262,0.00096,0.00274,0.01158,0.02148,0.00866,0.02015,0.0014,0.00003,0.00045,0.00069,0.00017,0.00063,0.00002,0.00003,0.07162
-2.38107,0.00005,0.01048,0.00307,0.01259,0.02537,0.09162,0.02913,0.1104,0.00788,0.00016,0.00098,0.00296,0.00058,0.00364,0.00011,0.00015,0.29918
-2.35707,0.00004,0.00668,0.00205,0.00658,0.02229,0.05948,0.0195,0.0558,0.00459,0.00009,0.00085,0.00192,0.00038,0.00181,0.00007,0.00008,0.18222
-2.33307,0.00004,0.00673,0.00208,0.00739,0.02716,0.06113,0.01995,0.06085,0.00474,0.00009,0.00103,0.00197,0.00039,0.00194,0.00007,0.00008,0.19565
-2.30907,0.00005,0.00611,0.00202,0.00699,0.02786,0.05669,0.01961,0.05756,0.00453,0.00009,0.00105,0.00182,0.00038,0.00183,0.00007,0.00008,0.18673
-2.28507,0.00004,0.00435,0.00152,0.00366,0.02231,0.04139,0.01489,0.03206,0.00317,0.00006,0.00083,0.00132,0.00029,0.00103,0.00005,0.00005,0.12702
-2.26107,0.00003,0.00343,0.00112,0.00266,0.02004,0.03286,0.01104,0.0231,0.00235,0.00004,0.00074,0.00105,0.00021,0.00073,0.00003,0.00004,0.09947
-2.23707,0.00003,0.00284,0.00098,0.00204,0.01222,0.02757,0.00976,0.01764,0.00196,0.00003,0.00045,0.00088,0.00019,0.00055,0.00003,0.00003,0.07719
-2.21307,0.00002,0.00151,0.00069,0.00171,0.01146,0.01588,0.0068,0.0144,0.00079,0.00002,0.00042,0.00051,0.00013,0.00044,0.00001,0.00003,0.05482
-2.18907,0.00002,0.00136,0.00068,0.00159,0.01122,0.01473,0.0067,0.01374,0.00072,0.00002,0.00041,0.00047,0.00013,0.00042,0.00001,0.00003,0.05223
-2.16507,0.00002,0.0012,0.00066,0.00146,0.01091,0.01349,0.0066,0.013,0.00064,0.00002,0.00039,0.00043,0.00012,0.0004,0.00001,0.00003,0.04939
-2.14107,0.00023,0.00159,0.00195,0.002,0.01463,0.01729,0.02115,0.02177,0.00531,0.00002,0.00052,0.00054,0.00037,0.00069,0.00007,0.00005,0.08818
-2.11707,0.00073,0.0026,0.00398,0.00702,0.03725,0.02958,0.04354,0.0786,0.00959,0.00003,0.00131,0.00092,0.00073,0.00249,0.00013,0.00009,0.2186
-2.09307,0.00093,0.00291,0.00474,0.00428,0.03864,0.03279,0.05306,0.05205,0.01222,0.00003,0.00135,0.00102,0.00088,0.00167,0.00016,0.0001,0.20682
-2.06907,0.00041,0.00173,0.00269,0.00247,0.02123,0.02141,0.03081,0.03491,0.00594,0.00002,0.00074,0.00066,0.00052,0.00114,0.00008,0.0001,0.12488
-2.04507,0.00031,0.00147,0.00201,0.00205,0.01938,0.01919,0.02333,0.02967,0.00423,0.00002,0.00066,0.00059,0.00039,0.00096,0.00006,0.00008,0.10441
-2.02107,0.00031,0.00136,0.00192,0.00195,0.01953,0.01858,0.02262,0.02952,0.00393,0.00001,0.00066,0.00057,0.00038,0.00096,0.00006,0.00008,0.10245
-1.99707,0.00031,0.00127,0.00185,0.00182,0.01927,0.01796,0.02198,0.02896,0.00365,0.00001,0.00065,0.00055,0.00037,0.00094,0.00005,0.00008,0.09973
-1.97307,0.00031,0.00118,0.00178,0.00172,0.01878,0.01738,0.0213,0.0284,0.00337,0.00001,0.00063,0.00053,0.00035,0.00092,0.00005,0.00008,0.09681
-1.94907,0.00031,0.00113,0.00171,0.00165,0.01846,0.01703,0.02058,0.02795,0.00309,0.00001,0.00061,0.00052,0.00034,0.0009,0.00005,0.00008,0.09442
-1.92507,0.00032,0.00109,0.00166,0.00159,0.01819,0.01678,0.0202,0.02779,0.00287,0.00001,0.0006,0.00051,0.00033,0.0009,0.00004,0.00008,0.09295
-1.90107,0.00033,0.00104,0.00162,0.00152,0.01794,0.01656,0.0199,0.02767,0.00266,0.00001,0.00059,0.0005,0.00032,0.00089,0.00004,0.00008,0.09167
-1.87707,0.00037,0.00095,0.00154,0.00139,0.01713,0.01597,0.01948,0.02746,0.00226,0.00001,0.00055,0.00048,0.00031,0.00088,0.00004,0.00008,0.0889
-1.85307,0.00039,0.0009,0.00155,0.00134,0.01683,0.01572,0.0197,0.02746,0.00221,0.00001,0.00054,0.00047,0.00031,0.00088,0.00003,0.00008,0.08841
-1.82907,0.0004,0.00087,0.00155,0.00128,0.0166,0.01556,0.01983,0.02734,0.00216,0.00001,0.00053,0.00046,0.00031,0.00087,0.00003,0.00008,0.08788
-1.80507,0.00042,0.00083,0.00154,0.00122,0.01637,0.01541,0.01997,0.02722,0.00211,0.00001,0.00052,0.00046,0.00031,0.00087,0.00003,0.00008,0.08738
-1.78107,0.00044,0.00079,0.00154,0.00113,0.01635,0.01535,0.02008,0.02685,0.00205,0.00001,0.00051,0.00045,0.00031,0.00086,0.00003,0.00008,0.08684
-1.75707,0.00046,0.00079,0.00153,0.00108,0.01668,0.01575,0.0202,0.02677,0.00201,0.00001,0.00051,0.00046,0.00031,0.00085,0.00003,0.00008,0.08752
-1.73307,0.00064,0.00166,0.00171,0.0013,0.02172,0.03086,0.02293,0.0325,0.00311,0.00001,0.00066,0.00088,0.00034,0.00102,0.00004,0.00008,0.11947
-1.70907,0.00081,0.00131,0.00185,0.00141,0.0201,0.02598,0.02515,0.03624,0.00381,0.00001,0.0006,0.00074,0.00037,0.00112,0.00005,0.00008,0.11962
-1.68507,0.00107,0.00117,0.00204,0.00156,0.01918,0.0244,0.02791,0.04112,0.00471,0,0.00057,0.00069,0.0004,0.00126,0.00006,0.00009,0.12622
-1.66207,0.00161,0.00106,0.00245,0.00192,0.01836,0.02327,0.0336,0.05131,0.00657,0,0.00054,0.00065,0.00046,0.00155,0.00007,0.00009,0.14353
-1.63807,0.00094,0.00092,0.00178,0.00107,0.01733,0.02182,0.02473,0.03409,0.00316,0,0.0005,0.00061,0.00035,0.00104,0.00004,0.00008,0.10846
-1.61407,0.00099,0.00088,0.00181,0.00101,0.01677,0.02212,0.02533,0.03412,0.00312,0,0.00048,0.00061,0.00035,0.00104,0.00004,0.00008,0.10876
-1.59007,0.00104,0.00087,0.00181,0.00095,0.01634,0.02254,0.02557,0.03399,0.00308,0,0.00046,0.00062,0.00035,0.00103,0.00004,0.00008,0.10878
-1.56607,0.00109,0.00089,0.00182,0.0009,0.01618,0.02386,0.02584,0.03399,0.00302,0,0.00046,0.00065,0.00035,0.00103,0.00004,0.00008,0.11019
-1.54207,0.00115,0.00091,0.00182,0.00085,0.01605,0.02541,0.02615,0.03401,0.00297,0,0.00045,0.00068,0.00035,0.00102,0.00004,0.00008,0.11195
-1.51807,0.00122,0.00096,0.00184,0.0008,0.0159,0.02766,0.02664,0.03415,0.00292,0,0.00044,0.00074,0.00035,0.00102,0.00004,0.00008,0.11475
-1.49407,0.0013,0.00101,0.00186,0.00073,0.01573,0.03031,0.02713,0.03442,0.00282,0,0.00043,0.0008,0.00035,0.00102,0.00003,0.00008,0.11805
-1.47007,0.00136,0.00106,0.00189,0.0007,0.01551,0.03276,0.02764,0.03442,0.00281,0,0.00043,0.00086,0.00036,0.00102,0.00003,0.00008,0.12092
-1.44607,0.00146,0.00117,0.00198,0.00064,0.01341,0.0372,0.02917,0.03396,0.00281,0.00001,0.00036,0.00097,0.00037,0.001,0.00003,0.00008,0.12462
-1.42207,0.00166,0.0013,0.00223,0.0006,0.01289,0.04224,0.03298,0.03399,0.00285,0.00001,0.00035,0.0011,0.00041,0.001,0.00003,0.00008,0.13372
-1.39807,0.00172,0.00128,0.00226,0.00057,0.01131,0.04265,0.03345,0.03382,0.00285,0.00001,0.0003,0.0011,0.00041,0.00099,0.00003,0.00007,0.13283
-1.37407,0.00183,0.00143,0.00237,0.00054,0.01329,0.04847,0.03522,0.03452,0.00285,0.00001,0.00035,0.00124,0.00043,0.00101,0.00003,0.00008,0.14367
-1.35007,0.00219,0.00191,0.00284,0.00056,0.01753,0.06792,0.04223,0.0383,0.00293,0.00002,0.00045,0.00172,0.00051,0.00112,0.00003,0.00008,0.18033
-1.32607,0.0026,0.00276,0.00334,0.00057,0.0231,0.1012,0.04962,0.04208,0.00305,0.00002,0.00058,0.00256,0.0006,0.00122,0.00004,0.00009,0.23342
-1.30207,0.0031,0.0061,0.00369,0.0006,0.03369,0.2329,0.05445,0.0463,0.00321,0.00005,0.00084,0.00586,0.00064,0.00132,0.00004,0.00009,0.39288
-1.27807,0.00205,0.00576,0.00207,0.00041,0.01093,0.2393,0.03081,0.03493,0.00299,0.00005,0.00028,0.00598,0.00035,0.00099,0.00003,0.00007,0.33699
-1.25407,0.00158,0.00551,0.00132,0.00033,0.00582,0.252,0.02006,0.0317,0.00292,0.00004,0.00015,0.00626,0.00023,0.00089,0.00003,0.00006,0.32889
-1.23007,0.00175,0.00467,0.00133,0.00031,0.00637,0.2279,0.02078,0.03752,0.0033,0.00004,0.00016,0.00562,0.00023,0.00105,0.00003,0.00007,0.31113
-1.20607,0.00158,0.00259,0.00103,0.00024,0.00766,0.1357,0.01661,0.03689,0.00351,0.00003,0.00018,0.00331,0.00018,0.001,0.00003,0.00007,0.2106
-1.18207,0.00174,0.00155,0.00111,0.00022,0.01055,0.08489,0.01806,0.03943,0.00375,0.00002,0.00025,0.00204,0.00019,0.00106,0.00003,0.00007,0.16496
-1.15807,0.00167,0.00122,0.00107,0.00019,0.01308,0.06669,0.01733,0.03615,0.00358,0.00003,0.00031,0.00159,0.00018,0.00097,0.00003,0.00006,0.14414
-1.13407,0.00117,0.00091,0.00076,0.00013,0.01503,0.04636,0.01205,0.02173,0.00266,0.00004,0.00035,0.00107,0.00012,0.00056,0.00002,0.00003,0.10298
-1.11007,0.0012,0.00105,0.00082,0.00011,0.01026,0.0526,0.0129,0.01596,0.00226,0.00006,0.00023,0.0012,0.00013,0.0004,0.00001,0.00001,0.0992
-1.08607,0.00114,0.00099,0.00071,0.0001,0.00943,0.0528,0.01112,0.01689,0.00227,0.00006,0.00021,0.00119,0.00011,0.00042,0.00001,0.00001,0.09747
-1.06207,0.00121,0.00106,0.00074,0.0001,0.01031,0.05788,0.01167,0.01771,0.00231,0.00007,0.00023,0.0013,0.00011,0.00044,0.00001,0.00002,0.10518
-1.03807,0.00129,0.00112,0.00078,0.00009,0.01116,0.06294,0.01229,0.01854,0.00237,0.00008,0.00025,0.00141,0.00012,0.00046,0.00001,0.00002,0.11293
-1.01407,0.00192,0.00272,0.00108,0.0001,0.02479,0.2251,0.01757,0.03496,0.00396,0.00012,0.00055,0.00508,0.00017,0.00088,0.00002,0.00005,0.31908
-0.99007,0.00261,0.0026,0.00143,0.0001,0.02615,0.2039,0.0235,0.04803,0.00506,0.00016,0.00058,0.00454,0.00022,0.00121,0.00003,0.00008,0.3202
-0.96607,0.00369,0.00299,0.00173,0.00011,0.03422,0.2475,0.02864,0.08704,0.00984,0.00021,0.00074,0.00543,0.00026,0.00214,0.00005,0.00013,0.42474
-0.94207,0.00372,0.00214,0.00169,0.0001,0.02517,0.1747,0.02688,0.08011,0.00838,0.00016,0.00054,0.00382,0.00024,0.00195,0.00004,0.00011,0.32975
-0.91807,0.00365,0.00142,0.00161,0.00009,0.01722,0.1129,0.02481,0.07151,0.0067,0.00012,0.00037,0.00246,0.00021,0.00172,0.00003,0.00009,0.24491
-0.89407,0.00355,0.001,0.00153,0.00008,0.01224,0.07925,0.02295,0.06461,0.00547,0.00009,0.00026,0.00172,0.00019,0.00154,0.00003,0.00008,0.19459
-0.87007,0.00341,0.00063,0.00137,0.00007,0.00782,0.05018,0.01938,0.0553,0.00419,0.00006,0.00017,0.00109,0.00015,0.0013,0.00002,0.00007,0.1452
-0.84607,0.00327,0.00043,0.00133,0.00006,0.00514,0.03397,0.01838,0.04864,0.00315,0.00004,0.00011,0.00074,0.00014,0.00114,0.00002,0.00006,0.11662
-0.82207,0.00303,0.00025,0.00125,0.00005,0.00278,0.02007,0.01717,0.03957,0.00196,0.00003,0.00006,0.00044,0.00013,0.00093,0.00001,0.00006,0.0878
-0.79807,0.00269,0.00013,0.00116,0.00004,0.00117,0.01063,0.01576,0.0282,0.00068,0.00001,0.00003,0.00024,0.00012,0.00067,0.00001,0.00005,0.06159
-0.77507,0.00264,0.00009,0.00113,0.00006,0.00079,0.00669,0.01514,0.03078,0.0006,0.00001,0.00002,0.00015,0.00011,0.00072,0.00001,0.00006,0.059
-0.75107,0.00261,0.00004,0.0011,0.00011,0.00067,0.0031,0.01464,0.03865,0.00058,0.00001,0.00001,0.00006,0.00011,0.00088,0.00001,0.00007,0.06265
-0.72707,0.00254,0.00011,0.00105,0.00013,0.00305,0.0157,0.01372,0.04356,0.00087,0.00004,0.00006,0.0003,0.0001,0.00096,0.00001,0.00007,0.08225
-0.70307,0.00249,0.00015,0.001,0.00016,0.00483,0.02538,0.01281,0.04889,0.00118,0.00005,0.00009,0.00048,0.00009,0.00106,0.00001,0.00007,0.09875
-0.67907,0.00246,0.00016,0.00095,0.00018,0.00594,0.03161,0.01189,0.05401,0.00148,0.00007,0.00011,0.00058,0.00009,0.00115,0.00001,0.00007,0.11076
-0.65507,0.00241,0.00017,0.00091,0.00021,0.00702,0.0377,0.01095,0.05928,0.00179,0.00008,0.00012,0.00069,0.00008,0.00125,0.00001,0.00007,0.12272
-0.63107,0.00238,0.00016,0.00086,0.00024,0.00809,0.04377,0.00999,0.06453,0.0021,0.00009,0.00014,0.00079,0.00007,0.00134,0.00001,0.00007,0.13463
-0.60707,0.00234,0.00016,0.00082,0.00027,0.00918,0.04991,0.009,0.07044,0.00242,0.0001,0.00016,0.00089,0.00006,0.00145,0.00001,0.00007,0.14728
-0.58307,0.00224,0.00015,0.0008,0.00066,0.01064,0.05608,0.00789,0.1912,0.00381,0.00011,0.00018,0.00099,0.00005,0.00388,0.00001,0.00017,0.27887
-0.55907,0.00257,0.00014,0.00093,0.00094,0.01232,0.06357,0.00734,0.2412,0.00506,0.00012,0.0002,0.00111,0.00004,0.00484,0.00001,0.00021,0.34061
-0.53507,0.00393,0.00012,0.00147,0.00151,0.01367,0.07134,0.00943,0.434,0.01705,0.00014,0.00022,0.00122,0.00004,0.00843,0.00001,0.00026,0.56285
-0.51107,0.00452,0.0001,0.00162,0.00085,0.01494,0.07895,0.00877,0.184,0.00742,0.00015,0.00024,0.00133,0.00004,0.00353,0.00001,0.00012,0.30658
-0.48707,0.0056,0.00011,0.002,0.00079,0.01818,0.09526,0.01018,0.1564,0.00682,0.00017,0.00028,0.00158,0.00004,0.00297,0,0.0001,0.30048
-0.46307,0.00666,0.00012,0.00238,0.00072,0.02134,0.1175,0.01148,0.1284,0.00615,0.0002,0.00032,0.00188,0.00004,0.00241,0,0.00008,0.2997
-0.43907,0.00823,0.00014,0.00292,0.00058,0.02071,0.1211,0.01297,0.08426,0.00438,0.00021,0.00031,0.00191,0.00004,0.00155,0,0.00005,0.25936
-0.41507,0.00945,0.00017,0.00335,0.00054,0.01991,0.1235,0.01443,0.07451,0.00412,0.00021,0.00029,0.00191,0.00005,0.00136,0,0.00005,0.25385
-0.39107,0.036,0.00021,0.01234,0.00052,0.0191,0.1269,0.04702,0.06643,0.00655,0.00021,0.00028,0.00194,0.00013,0.00119,0.00001,0.00004,0.31885
-0.36707,0.0396,0.00027,0.01365,0.00053,0.0182,0.1292,0.04846,0.05955,0.00708,0.00021,0.00026,0.00194,0.00013,0.00103,0,0.00003,0.32013
-0.34307,0.03543,0.00033,0.01229,0.00045,0.0175,0.1312,0.03958,0.04663,0.00648,0.00021,0.00025,0.00194,0.00009,0.00078,0,0.00002,0.29317
-0.31907,0.02571,0.00042,0.00893,0.00032,0.01666,0.1322,0.02475,0.03176,0.00531,0.00021,0.00023,0.00191,0.00005,0.00051,0,0.00001,0.24899
-0.29507,0.01582,0.00072,0.00553,0.00015,0.01474,0.1374,0.01309,0.01079,0.00317,0.00021,0.0002,0.00194,0.00003,0.00017,0,0,0.20396
-0.27107,0.01571,0.00095,0.00562,0.00017,0.01346,0.1423,0.01168,0.00773,0.00276,0.0002,0.00018,0.00198,0.00003,0.00012,0,0.00001,0.2029
-0.24707,0.01521,0.0012,0.0057,0.00017,0.01124,0.1463,0.00895,0.00451,0.0019,0.00018,0.00015,0.00201,0.00003,0.00007,0,0.00001,0.19764
-0.22307,0.0221,0.00194,0.00842,0.00024,0.01422,0.2462,0.01186,0.00603,0.0027,0.00033,0.00017,0.00331,0.00003,0.00009,0,0.00001,0.31766
-0.19907,0.03536,0.00203,0.0139,0.00036,0.01177,0.1875,0.01617,0.00937,0.00287,0.00021,0.00014,0.00247,0.00004,0.00014,0,0.00001,0.28234
-0.17507,0.0958,0.00215,0.03815,0.00083,0.01127,0.1748,0.03905,0.02566,0.0061,0.00019,0.00013,0.00227,0.00006,0.00033,0.00001,0.00002,0.39681
-0.15107,0.1522,0.00227,0.06184,0.00133,0.01045,0.1543,0.05906,0.03729,0.00762,0.00015,0.00011,0.00195,0.00008,0.00047,0.00001,0.00003,0.48916
-0.12707,0.1593,0.00257,0.06617,0.00121,0.01035,0.1658,0.05264,0.03038,0.00701,0.00015,0.00011,0.00203,0.00006,0.00036,0.00001,0.00002,0.49817
-0.10307,0.1839,0.00094,0.0787,0.00123,0.00543,0.02284,0.04868,0.02624,0.00678,0.00001,0.00005,0.00029,0.00004,0.00029,0.00001,0.00001,0.37543
-0.07907,0.2251,0.00074,0.09824,0.00143,0.00479,0.01849,0.04982,0.02659,0.00796,0,0.00004,0.00023,0.00003,0.00027,0.00001,0.00001,0.43376
-0.05507,0.2993,0.00012,0.134,0.00201,0.0016,0.0057,0.0539,0.03143,0.0124,0,0.00001,0.00007,0.00002,0.00029,0.00001,0.00001,0.54088
-0.03107,0.6101,0.0005,0.2883,0.00222,0.00345,0.01001,0.05487,0.03115,0.01632,0,0.00003,0.00011,0.00006,0.00026,0.00001,0.00001,1.0174
-0.00707,0.5019,0.00059,0.2415,0.00243,0.00423,0.01015,0.04266,0.03227,0.02362,0.00001,0.00003,0.0001,0.00004,0.00025,0.00001,0.00001,0.8598
0.01693,0.488,0.00068,0.2385,0.00228,0.00505,0.01103,0.03816,0.02871,0.02536,0.00001,0.00004,0.00011,0.00005,0.00022,0.00001,0.00001,0.83821
0.04093,0.4794,0.00079,0.2376,0.00215,0.00599,0.01237,0.03527,0.02535,0.02704,0.00001,0.00004,0.00012,0.00006,0.00019,0.00001,0.00001,0.82639
0.06493,0.7579,0.00107,0.3824,0.00207,0.00775,0.02283,0.04375,0.01995,0.05291,0.00003,0.00005,0.00022,0.00008,0.00013,0.00003,0.00001,1.29118
0.08893,0.7959,0.0014,0.4078,0.00137,0.00902,0.03332,0.04065,0.01138,0.05588,0.00005,0.00006,0.00032,0.00009,0.00008,0.00003,0.00002,1.35737
0.11293,0.1341,0.0014,0.07828,0.00064,0.00801,0.01528,0.00543,0.00208,0.0004,0.00001,0.00005,0.00012,0.00007,0.00002,0,0.00003,0.24595
0.13593,0.1016,0.00138,0.06216,0.0007,0.00769,0.01494,0.00857,0.00418,0.00021,0.00002,0.00005,0.00012,0.00007,0.00004,0,0.00003,0.20177
0.15993,0.05185,0.00125,0.03483,0.00029,0.0067,0.01317,0.01216,0.00377,0.00014,0.00001,0.00004,0.0001,0.00007,0.00003,0,0.00002,0.12443
0.18393,0.04223,0.00123,0.03003,0.0003,0.00623,0.01255,0.01305,0.0048,0.00023,0.00001,0.00004,0.00009,0.00006,0.00003,0,0.00002,0.11092
0.20793,0.03417,0.00118,0.02607,0.00036,0.00558,0.01169,0.01406,0.00642,0.00056,0.00001,0.00003,0.00008,0.00006,0.00004,0,0.00002,0.10033
0.23193,0.03007,0.00119,0.02368,0.00036,0.00541,0.01154,0.01394,0.00697,0.00061,0,0.00003,0.00008,0.00006,0.00004,0,0.00002,0.09399
0.25593,0.01985,0.00117,0.01477,0.00035,0.00518,0.01115,0.00491,0.00743,0.00064,0,0.00003,0.00007,0.00001,0.00004,0,0.00002,0.06563
0.27993,0.01887,0.00118,0.01446,0.00036,0.00509,0.01114,0.00539,0.00814,0.00071,0,0.00003,0.00007,0.00001,0.00005,0,0.00002,0.06552
0.30393,0.01789,0.0012,0.01415,0.00036,0.00499,0.01114,0.00588,0.00885,0.00078,0,0.00003,0.00007,0.00001,0.00005,0,0.00003,0.06541
0.32793,0.01319,0.00123,0.01176,0.00047,0.00487,0.0112,0.00685,0.01215,0.00085,0,0.00002,0.00007,0.00001,0.00006,0,0.00003,0.06277
0.35193,0.01107,0.00128,0.01078,0.00062,0.00475,0.01141,0.00769,0.0151,0.00092,0,0.00002,0.00007,0.00001,0.00007,0,0.00003,0.06382
0.37593,0.00971,0.00135,0.0102,0.00077,0.00463,0.01166,0.00848,0.01792,0.00099,0,0.00002,0.00006,0.00001,0.00008,0,0.00003,0.06591
0.39993,0.01192,0.00144,0.01591,0.00146,0.00477,0.0122,0.02956,0.02736,0.00126,0,0.00002,0.00006,0.00006,0.00013,0,0.00004,0.10618
0.42393,0.0126,0.00154,0.01871,0.002,0.0049,0.01275,0.0416,0.03455,0.00153,0,0.00002,0.00006,0.00008,0.00016,0.00001,0.00004,0.13054
0.44793,0.01311,0.00164,0.02126,0.00258,0.00508,0.01337,0.05315,0.04211,0.00188,0,0.00002,0.00006,0.0001,0.00019,0.00001,0.00004,0.15461
0.47193,0.02695,0.00293,0.05667,0.00647,0.01225,0.02096,0.1845,0.09757,0.01419,0.00001,0.00003,0.00008,0.00029,0.00049,0.00003,0.00005,0.42347
0.49593,0.02954,0.00773,0.0691,0.01004,0.6834,0.08667,0.246,0.1406,0.0197,0.00009,0.00241,0.00035,0.00036,0.00066,0.00004,0.00007,1.29677
0.51993,0.02013,0.00528,0.04631,0.01138,0.1542,0.04194,0.161,0.1487,0.02493,0.00003,0.0005,0.00014,0.00022,0.00056,0.00003,0.00009,0.61543
0.54393,0.0175,0.00627,0.0409,0.01341,0.1775,0.0489,0.1425,0.1698,0.02901,0.00003,0.00056,0.00016,0.00017,0.00058,0.00003,0.00011,0.64743
0.56793,0.01609,0.00816,0.03889,0.01782,0.2431,0.06235,0.1289,0.2279,0.03253,0.00004,0.00069,0.00018,0.00013,0.00069,0.00002,0.00019,0.77768
0.59193,0.01287,0.00962,0.03217,0.02024,0.2853,0.07203,0.1051,0.2541,0.03616,0.00004,0.00075,0.00019,0.00008,0.00072,0.00002,0.00021,0.82961
0.61593,0.00859,0.00683,0.02422,0.01601,0.2006,0.0495,0.09206,0.1833,0.03994,0.00003,0.00048,0.00012,0.00007,0.0005,0.00002,0.00012,0.62239
0.63993,0.00294,0.00449,0.01047,0.00641,0.1433,0.0287,0.05099,0.06314,0.02217,0.00001,0.00029,0.00006,0.00004,0.00019,0.00002,0.00003,0.33324
0.66393,0.00179,0.00405,0.00844,0.00498,0.03553,0.02476,0.04775,0.04195,0.02452,0.00001,0.00005,0.00004,0.00004,0.00013,0.00002,0,0.19408
0.68793,0.0016,0.0052,0.00824,0.00507,0.04344,0.03033,0.04788,0.04148,0.02711,0.00002,0.00006,0.00005,0.00003,0.00012,0.00002,0,0.21065
0.71193,0.0014,0.00592,0.00791,0.00513,0.05182,0.03401,0.0471,0.04079,0.02968,0.00002,0.00007,0.00005,0.00003,0.00011,0.00002,0,0.22406
0.73593,0.00492,0.03532,0.02378,0.06635,0.3938,0.2491,0.1147,0.5325,0.162,0.00017,0.0006,0.00039,0.00003,0.00053,0.00008,0.00041,1.58468
0.75993,0.00244,0.01071,0.01451,0.03918,0.1986,0.05635,0.07555,0.3048,0.07622,0.00002,0.00023,0.00006,0.00002,0.0003,0.00004,0.00024,0.77927
0.78393,0.00267,0.01376,0.01788,0.06487,0.4002,0.06724,0.09142,0.4867,0.08187,0.00002,0.00042,0.00005,0.00002,0.00039,0.00005,0.00041,1.22796
0.80793,0.0009,0.01417,0.00779,0.01517,0.3147,0.06721,0.04532,0.1146,0.03109,0.00002,0.00029,0.00004,0.00001,0.00012,0.00002,0.00008,0.61153
0.83193,0.00021,0.00864,0.0025,0.00355,0.1607,0.03943,0.0169,0.02706,0.00724,0.00001,0.00014,0.00002,0.00001,0.00003,0.00001,0.00002,0.26647
0.85593,0.00003,0.00223,0.00061,0.00003,0.00068,0.00796,0.00503,0.00014,0.00163,0.00001,0,0,0,0,0,0,0.01835
0.87993,0.00094,0.00422,0.01592,0.0098,0.1636,0.01496,0.0994,0.05567,0.4712,0.00002,0.00009,0.00001,0,0,0.00034,0.00008,0.83625
0.90393,0.0007,0.01052,0.01644,0.01038,0.3538,0.03305,0.1164,0.05762,0.5787,0.00004,0.00016,0.00001,0.00001,0,0.00044,0.00009,1.17836
0.92793,0.00029,0.0137,0.00943,0.00793,0.2896,0.04736,0.08102,0.03918,0.3573,0.00004,0.00011,0.00001,0.00001,0.00001,0.00029,0.00004,0.84632
0.95193,0.00026,0.02006,0.00979,0.01397,0.321,0.07088,0.09944,0.06415,0.376,0.00004,0.0001,0.00001,0.00001,0.00001,0.00033,0.00003,0.97607
0.97593,0.00024,0.02879,0.00811,0.01206,0.3533,0.1004,0.08622,0.05521,0.348,0.00004,0.00009,0.00001,0.00001,0.00001,0.00032,0.00003,0.99284
0.99993,0.00029,0.0367,0.00757,0.01229,0.4021,0.128,0.07841,0.05693,0.3755,0.00004,0.00008,0.00001,0.00001,0.00001,0.00037,0.00005,1.09835
1.02293,0.00034,0.04471,0.0066,0.0127,0.3564,0.1466,0.06492,0.05856,0.4808,0.00004,0.00005,0.00003,0.00001,0.00001,0.00053,0.00007,1.17236
1.04693,0.00046,0.04864,0.00686,0.0161,0.3338,0.1537,0.06879,0.07187,0.6169,0.00003,0.00004,0.00004,0.00001,0.00002,0.00071,0.00009,1.31806
1.07093,0.00057,0.05807,0.00471,0.01781,0.3382,0.1759,0.04139,0.07676,0.5324,0.00003,0.00003,0.00005,0.00001,0.00003,0.00065,0.0001,1.24673
1.09493,0.00073,0.04576,0.00538,0.01915,0.2663,0.1377,0.04729,0.07955,0.6262,0.00003,0.00003,0.00005,0.00002,0.00003,0.00079,0.0001,1.22911
1.11893,0.00095,0.0403,0.00653,0.024,0.2178,0.1188,0.05659,0.09417,0.8298,0.00002,0.00002,0.00006,0.00003,0.00005,0.00108,0.00012,1.39033
1.14293,0.00131,0.03466,0.00795,0.03407,0.1518,0.09513,0.06742,0.1318,1.765,0.00002,0.00001,0.00007,0.00004,0.00009,0.00242,0.00017,2.29196
1.16693,0.0029,0.03426,0.01349,0.04142,0.1132,0.08965,0.1147,0.1458,3.604,0.00002,0.00002,0.0001,0.00006,0.00014,0.00511,0.00017,4.16505
1.19093,0.00111,0.02555,0.01316,0.05832,0.1116,0.07073,0.08869,0.1682,1.215,0.00002,0.00002,0.00007,0.00013,0.00027,0.00187,0.00013,1.75487
1.21493,0.00206,0.03314,0.0216,0.08397,0.1458,0.08863,0.137,0.2321,2.412,0.00002,0.00003,0.00011,0.00024,0.00041,0.00388,0.00016,3.16115
1.23893,0.00294,0.05096,0.02594,0.03628,0.1864,0.1348,0.1636,0.09677,2.321,0.00002,0.00004,0.00018,0.00028,0.00021,0.00395,0.00007,3.02342
1.26293,0.0025,0.0549,0.02219,0.01905,0.1829,0.1299,0.1341,0.04508,0.4915,0.00001,0.00006,0.00027,0.00024,0.00013,0.00088,0.00002,1.08373
1.28693,0.00255,0.06065,0.01476,0.01276,0.2102,0.1369,0.1004,0.02814,0.3332,0.00001,0.00008,0.00031,0.00017,0.00011,0.00062,0.00001,0.90087
1.31093,0.00218,0.0336,0.00566,0.0003,0.1042,0.08277,0.05373,0.00084,0.1702,0.00001,0.00004,0.0002,0.00007,0,0.00034,0,0.45414
1.33493,0.0023,0.0316,0.00613,0.00011,0.09268,0.07471,0.05484,0.00037,0.06149,0.00001,0.00005,0.00022,0.00009,0,0.00014,0,0.32473
1.35893,0.00228,0.02906,0.00612,0.00008,0.08121,0.06736,0.05371,0.00029,0.04725,0,0.00004,0.00021,0.00009,0,0.00011,0,0.28782
1.38293,0.00227,0.02626,0.00615,0.00005,0.06924,0.05959,0.05288,0.00021,0.034,0,0.00004,0.0002,0.0001,0,0.00008,0,0.25107
1.40693,0.00317,0.02997,0.00879,0.00003,0.07428,0.06543,0.07233,0.00017,0.02178,0,0.00006,0.00026,0.00015,0,0.00006,0,0.27649
1.43093,0.00495,0.02641,0.01423,0.00001,0.06349,0.05572,0.1113,0.00009,0.01168,0,0.00006,0.00025,0.00027,0,0.00004,0,0.28851
1.45493,0.0028,0.00903,0.00813,0,0.02133,0.01896,0.06269,0.00003,0.00484,0,0.00002,0.00009,0.00016,0,0.00002,0,0.12808
1.47893,0,0,0,0,0,0,0,0,0,0,0,0,0,0,0,0,0
1.50293,0,0,0,0,0,0,0,0,0,0,0,0,0,0,0,0,0
1.52693,0.00205,0.01648,0.00655,0.00015,1.886,0.01797,0.04756,0.00251,0.00129,0.00004,0.00388,0.00033,0.00015,0.00001,0,0.00003,1.985
1.55093,0.036,0.09546,0.0994,0.00095,1.925,0.1477,0.7243,0.01122,0.00664,0.00006,0.00434,0.00156,0.00257,0.00004,0.00002,0.00014,3.05541
1.57493,0.01978,0.02726,0.04966,0.0007,0.953,0.03864,0.3706,0.00813,0.00707,0.00004,0.00241,0.00048,0.00138,0.00003,0.00002,0.0001,1.47931
1.59893,0.02118,0.09586,0.04758,0.01103,0.7748,0.109,0.3625,0.01339,0.02582,0.00005,0.00256,0.00164,0.00148,0.00029,0.00009,0.00006,1.46732
1.62293,0.02818,0.1953,0.06835,0.01333,0.6071,0.1867,0.4939,0.0181,0.05299,0.00004,0.00207,0.00462,0.0022,0.00038,0.00019,0.00009,1.67355
1.64693,0.03292,0.2086,0.07397,0.01812,0.7397,0.195,0.5454,0.02578,0.07994,0.00005,0.00266,0.00509,0.00252,0.00053,0.00029,0.00013,1.9307
1.67093,0.04389,0.2072,0.08812,0.03328,0.7733,0.1901,0.6757,0.04093,0.1414,0.00005,0.0029,0.0052,0.00324,0.00101,0.00052,0.00018,2.20701
1.69493,0.05611,0.1482,0.09981,0.03471,0.7516,0.1319,0.8048,0.04519,0.2329,0.00006,0.00305,0.00396,0.00397,0.00108,0.00086,0.00022,2.31842
1.71893,0.07811,0.1525,0.1288,0.0274,0.6673,0.1323,1.074,0.04811,0.3749,0.00007,0.00294,0.00419,0.00536,0.00091,0.00138,0.00029,2.69858
1.74293,0.114,0.143,0.1626,0.00995,0.3832,0.1205,1.444,0.05424,0.616,0.00004,0.00179,0.00408,0.00724,0.00053,0.0023,0.00042,3.0639
1.76693,0.00427,0.1125,0.01675,0.00709,0.2354,0.09294,0.08692,0.02307,0.01865,0.00001,0.00108,0.00339,0.00066,0.00032,0.00007,0.00009,0.60321
1.79093,0.1545,0.2737,0.188,0.05122,0.782,0.1939,1.769,0.1459,1.221,0.00016,0.00524,0.00879,0.00951,0.00216,0.00457,0.00043,4.81009
1.81493,0.093,0.1685,0.09489,0.1064,1.045,0.1349,1,0.2356,1.024,0.00016,0.00839,0.00527,0.00501,0.00459,0.00385,0.00074,3.9303
1.83893,0.02441,0.09922,0.03256,0.07921,0.7167,0.08389,0.2783,0.2292,0.3093,0.00006,0.00619,0.00314,0.00163,0.00356,0.00117,0.0008,1.86934
1.86293,0.01375,0.1306,0.02594,0.1271,0.6527,0.1035,0.149,0.3029,0.1915,0.00006,0.0057,0.00438,0.00136,0.00577,0.00073,0.00083,1.71582
1.88693,0.02017,0.1157,0.03418,0.1852,0.446,0.08254,0.1973,0.3984,0.2414,0.00005,0.00401,0.00422,0.00187,0.00841,0.00092,0.00093,1.7413
1.91093,0.02987,0.1506,0.02207,0.3406,0.3939,0.07338,0.1892,0.6705,0.2515,0.00011,0.00443,0.0063,0.00153,0.01547,0.00099,0.0013,2.15176
1.93393,0.02387,0.2247,0.02649,0.3583,0.4149,0.1085,0.1703,0.5817,0.2348,0.00017,0.00515,0.00946,0.00159,0.01653,0.00088,0.00102,2.17836
1.95793,0.01369,0.2067,0.02109,0.4136,0.3829,0.1045,0.1061,0.5013,0.1977,0.0002,0.00509,0.00866,0.00119,0.01974,0.00066,0.00074,1.98385
1.98193,0.00695,0.1665,0.03589,0.7916,0.4022,0.07843,0.1077,0.3833,0.1954,0.0002,0.00636,0.00738,0.00167,0.03841,0.00067,0.00063,2.22328
2.00593,0.00309,0.1697,0.01454,0.1286,0.04132,0.0656,0.04226,0.1597,0.04475,0.00017,0.00099,0.00799,0.00072,0.00654,0.00019,0.0002,0.68635
2.02993,0.0011,0.1986,0.01991,0.0625,0.03827,0.08873,0.0442,0.02952,0.05502,0.00019,0.00074,0.00936,0.00098,0.00344,0.00024,0.00001,0.55281
2.05393,0.00171,0.1622,0.01806,0.05087,0.04826,0.07524,0.04455,0.02796,0.05017,0.00015,0.00087,0.00771,0.00098,0.00289,0.00022,0.00001,0.49186
2.07793,0.01198,0.1681,0.03545,0.06046,0.0663,0.07831,0.1384,0.04235,0.05299,0.00017,0.0012,0.00804,0.0025,0.00349,0.00024,0.00003,0.67
2.10193,0.0179,0.1843,0.04263,0.06486,0.123,0.08335,0.1812,0.05234,0.05891,0.0002,0.00242,0.00909,0.00331,0.0038,0.00029,0.00005,0.82764
2.12593,0.02517,0.1374,0.06631,0.1361,0.104,0.05859,0.2658,0.1262,0.07394,0.00016,0.00213,0.00706,0.00531,0.00823,0.0003,0.00009,1.01679
2.14993,0.03059,0.1093,0.08273,0.1563,0.07917,0.0441,0.3215,0.1502,0.1198,0.00013,0.00169,0.00586,0.00672,0.00955,0.00057,0.00012,1.11833
2.17393,0.01509,0.04587,0.03114,0.06155,0.01915,0.00696,0.1346,0.06107,0.01668,0.00005,0.00059,0.00269,0.00287,0.00391,0.00003,0.00004,0.40231
2.19793,0.01186,0.0421,0.01868,0.02746,0.01697,0.00618,0.08938,0.02818,0.00802,0.00005,0.00054,0.00251,0.00192,0.0018,0.00002,0.00002,0.2557
2.22193,0.01185,0.04017,0.01566,0.02082,0.01657,0.00574,0.0795,0.0192,0.00668,0.00005,0.00055,0.00244,0.00173,0.00136,0.00004,0.00003,0.22237
2.24593,0.01183,0.0408,0.01285,0.01863,0.0185,0.00565,0.0692,0.0124,0.00766,0.00005,0.00062,0.00254,0.00154,0.00117,0.00006,0.00004,0.20356
2.26993,0.00946,0.03815,0.0076,0.0171,0.02,0.00546,0.04408,0.00593,0.00869,0.00006,0.00068,0.00243,0.00106,0.00101,0.00008,0.00006,0.16185
2.29393,0.00956,0.03539,0.00657,0.01938,0.02123,0.0053,0.04015,0.00385,0.00993,0.00006,0.00072,0.00231,0.00097,0.0011,0.0001,0.00007,0.1567
2.31793,0.01074,0.03643,0.00617,0.02815,0.02569,0.00549,0.03971,0.00353,0.01108,0.00007,0.00087,0.00243,0.00097,0.00156,0.00012,0.00011,0.17312
2.34193,0.01083,0.03832,0.00559,0.03043,0.02975,0.00591,0.03685,0.00332,0.01072,0.00008,0.00104,0.00261,0.00093,0.0017,0.00013,0.00012,0.17832
2.36593,0.01071,0.05796,0.0051,0.03289,0.05059,0.01314,0.03375,0.00356,0.0114,0.00016,0.00183,0.00404,0.00088,0.00185,0.00013,0.00013,0.22812
2.38993,0.01027,0.04899,0.00441,0.03556,0.04485,0.01023,0.02955,0.00364,0.01116,0.00014,0.00166,0.00347,0.0008,0.00201,0.00013,0.00014,0.20701
2.41393,0.00986,0.04127,0.00366,0.03876,0.03989,0.00773,0.02504,0.00373,0.01118,0.00013,0.00151,0.00297,0.00071,0.0022,0.00013,0.00016,0.18891
2.43793,0.00915,0.02772,0.00275,0.0413,0.0275,0.00299,0.01972,0.00401,0.00961,0.00008,0.00109,0.00205,0.00059,0.00235,0.00012,0.00017,0.15121
2.46193,0.00878,0.02619,0.0026,0.04222,0.02698,0.00268,0.01823,0.00443,0.00959,0.00008,0.0011,0.00196,0.00056,0.00243,0.00012,0.00017,0.14812
2.48593,0.00841,0.02469,0.00246,0.04292,0.02649,0.00236,0.01683,0.00483,0.00961,0.00008,0.00111,0.00187,0.00053,0.00248,0.00012,0.00018,0.14498
2.50993,0.00828,0.02298,0.00236,0.04627,0.02624,0.00204,0.01567,0.00532,0.0097,0.00008,0.00112,0.00177,0.0005,0.0027,0.00012,0.0002,0.14535
2.53393,0.00783,0.02044,0.0021,0.04853,0.02402,0.0015,0.01352,0.00622,0.00876,0.00008,0.00109,0.0016,0.00045,0.00285,0.00012,0.00021,0.13932
2.55793,0.00861,0.02264,0.00201,0.07629,0.0212,0.00087,0.01305,0.01314,0.00783,0.00008,0.00104,0.00186,0.00048,0.00456,0.00012,0.00028,0.17406
2.58193,0.00771,0.01913,0.0017,0.07087,0.0195,0.00038,0.01073,0.01272,0.00674,0.00007,0.00104,0.0016,0.00042,0.00426,0.00011,0.00028,0.15725
2.60593,0.006,0.01673,0.0015,0.0732,0.02078,0.00041,0.00771,0.01273,0.00646,0.00007,0.00113,0.00141,0.0003,0.00447,0.0001,0.0003,0.15329
2.62993,0.00454,0.01161,0.00123,0.06891,0.0202,0.00045,0.00525,0.01208,0.00618,0.00006,0.00112,0.001,0.0002,0.00424,0.0001,0.0003,0.13746
2.65393,0.00441,0.00929,0.00117,0.05989,0.01935,0.00049,0.00491,0.01078,0.00592,0.00005,0.0011,0.0008,0.00019,0.00369,0.00009,0.00029,0.12243
2.67793,0.00435,0.00667,0.00113,0.05212,0.01866,0.00059,0.00463,0.00972,0.00567,0.00005,0.00109,0.00058,0.00019,0.00321,0.00009,0.00027,0.10901
2.70193,0.0043,0.00372,0.00109,0.04517,0.01804,0.00069,0.00434,0.00883,0.00541,0.00004,0.00108,0.00032,0.00018,0.00279,0.00009,0.00026,0.09635
2.72593,0.00463,0.03211,0.00122,0.04016,0.1752,0.00339,0.005,0.00831,0.00604,0.00027,0.01487,0.00325,0.00021,0.00249,0.00009,0.00025,0.29748
2.74993,0.00488,0.00749,0.00128,0.03858,0.05453,0.00132,0.00494,0.01137,0.00581,0.00011,0.00486,0.00077,0.00023,0.00242,0.00009,0.00026,0.13892
2.77393,0.00487,0.00377,0.00134,0.03275,0.033,0.00178,0.00447,0.01179,0.00533,0.00009,0.00305,0.00039,0.00023,0.00205,0.00008,0.00024,0.10523
2.79793,0.00507,0.00379,0.00149,0.02876,0.03173,0.00246,0.00457,0.01253,0.00537,0.00009,0.00307,0.0004,0.00024,0.0018,0.00008,0.00024,0.10171
2.82093,0.00532,0.00389,0.00167,0.0279,0.03071,0.00359,0.00483,0.01353,0.00556,0.0001,0.0031,0.00042,0.00026,0.00175,0.00009,0.00024,0.10295
2.84493,0.00557,0.00398,0.00185,0.02703,0.02961,0.0048,0.0051,0.01452,0.00577,0.00011,0.00311,0.00044,0.00028,0.00169,0.00009,0.00024,0.10419
2.86893,0.00584,0.00407,0.00205,0.02615,0.02842,0.00607,0.0054,0.01552,0.00599,0.00012,0.00312,0.00046,0.0003,0.00164,0.00009,0.00024,0.10546
2.89293,0.00565,0.00346,0.00195,0.02575,0.02393,0.00804,0.00426,0.0203,0.00488,0.00011,0.00282,0.00041,0.00026,0.00161,0.00008,0.00025,0.10375
2.91693,0.00601,0.00365,0.00227,0.02548,0.02309,0.01162,0.00443,0.02335,0.00496,0.00012,0.00287,0.00046,0.00028,0.00159,0.00008,0.00025,0.1105
2.94093,0.00636,0.00385,0.0026,0.02516,0.02215,0.01551,0.00459,0.02649,0.00503,0.00013,0.00291,0.00051,0.0003,0.00156,0.00008,0.00026,0.1175
2.96493,0.0067,0.00407,0.00294,0.02476,0.02112,0.01969,0.00475,0.02973,0.0051,0.00014,0.00295,0.00057,0.00032,0.00153,0.00008,0.00027,0.12471
2.98893,0.00717,0.00445,0.00346,0.02461,0.01954,0.02661,0.00496,0.03363,0.00518,0.00015,0.00296,0.00067,0.00035,0.00151,0.00009,0.00028,0.1356
3.01293,0.01532,0.00617,0.01345,0.02722,0.01812,0.0483,0.0073,0.03671,0.00563,0.00017,0.00305,0.00105,0.00048,0.00165,0.00009,0.00031,0.18502
3.03693,0.05274,0.01236,0.06577,0.0325,0.0177,0.08806,0.0203,0.04638,0.00759,0.00019,0.00331,0.00211,0.00117,0.00213,0.0001,0.00035,0.35277
3.06093,0.05881,0.02818,0.08773,0.0386,0.01726,0.2729,0.02782,0.06532,0.00911,0.0003,0.00456,0.00558,0.00196,0.00263,0.00014,0.00042,0.62132
3.08493,0.0452,0.01769,0.06674,0.02418,0.01739,0.1549,0.02488,0.06527,0.01,0.00035,0.00715,0.0034,0.00183,0.00221,0.00009,0.00022,0.44149
3.10893,0.03733,0.01577,0.05454,0.029,0.01677,0.1326,0.01891,0.08539,0.00757,0.00031,0.00755,0.00311,0.00147,0.00292,0.00007,0.00025,0.41356
3.13293,0.039,0.01641,0.05463,0.03147,0.01665,0.1317,0.01651,0.08366,0.00673,0.00028,0.00769,0.0033,0.00135,0.00375,0.00004,0.00021,0.41338
3.15693,0.04437,0.01807,0.06126,0.04381,0.0143,0.1947,0.01621,0.1223,0.00628,0.00028,0.00927,0.00421,0.00145,0.00502,0.00007,0.00035,0.54194
3.18093,0.00704,0.00443,0.00637,0.01648,0.00337,0.06525,0.00365,0.03011,0.00223,0.00013,0.0031,0.00131,0.00043,0.00095,0.00006,0.00025,0.14515
3.20493,0.00646,0.00324,0.00483,0.01521,0.00295,0.04835,0.00287,0.02958,0.0018,0.00011,0.00249,0.00098,0.00034,0.00082,0.00005,0.00024,0.12032
3.22893,0.00591,0.00219,0.00365,0.01355,0.00245,0.03338,0.00221,0.02886,0.0014,0.00008,0.00193,0.00069,0.00025,0.00069,0.00005,0.00022,0.09751
3.25293,0.00612,0.00172,0.00353,0.01328,0.0022,0.026,0.00194,0.0286,0.00109,0.00007,0.00158,0.00055,0.00019,0.00065,0.00005,0.00022,0.0878
3.27693,0.01121,0.00216,0.01043,0.02174,0.00296,0.02039,0.00291,0.1118,0.00097,0.00006,0.00145,0.00057,0.00024,0.00334,0.00004,0.00024,0.19051
3.30093,0.01352,0.00331,0.01439,0.02852,0.00486,0.01495,0.00343,0.1894,0.00044,0.00003,0.00093,0.00071,0.00023,0.00579,0.00004,0.00026,0.2808
3.32493,0.02074,0.00683,0.02705,0.09595,0.013,0.02122,0.00615,1.032,0.00074,0.00006,0.00119,0.00149,0.00048,0.03253,0.00004,0.00038,1.25986
3.34893,0.01151,0.01035,0.02029,0.0397,0.02854,0.0332,0.0083,0.4683,0.00189,0.00011,0.00287,0.00244,0.00077,0.01236,0.00004,0.00026,0.64094
3.37293,0.0142,0.0061,0.01575,0.0189,0.01032,0.02088,0.01646,0.1063,0.00419,0.00014,0.00157,0.00137,0.00139,0.00292,0.00012,0.00022,0.22084
3.39693,0.02116,0.00631,0.01793,0.01674,0.00936,0.03452,0.03861,0.08257,0.0074,0.00019,0.0017,0.00136,0.00201,0.00236,0.00018,0.0002,0.2426
3.42093,0.02531,0.00639,0.01918,0.0145,0.00858,0.05662,0.05753,0.0628,0.0084,0.00025,0.00196,0.00153,0.00159,0.00188,0.00013,0.00017,0.26682
3.44493,0.03289,0.00712,0.02688,0.01337,0.00844,0.07911,0.07674,0.04897,0.00931,0.0003,0.00228,0.002,0.00149,0.00162,0.00011,0.00014,0.31077
3.46893,0.04389,0.00766,0.04336,0.01548,0.00859,0.07652,0.09134,0.04367,0.00912,0.00033,0.0028,0.00208,0.00147,0.00172,0.00011,0.00014,0.34828
3.49293,0.04113,0.012,0.04582,0.01628,0.01285,0.06504,0.08549,0.04463,0.00792,0.00051,0.00639,0.00224,0.00126,0.0022,0.00009,0.00013,0.34398
3.51693,0.02049,0.01258,0.02418,0.0132,0.01278,0.04187,0.04526,0.03068,0.00443,0.00047,0.00628,0.00218,0.00087,0.00189,0.00006,0.00011,0.21732
3.54093,0.02207,0.01122,0.02396,0.01244,0.01104,0.04515,0.05403,0.02121,0.00649,0.00039,0.00474,0.00223,0.00488,0.00146,0.00027,0.00011,0.22169
3.56493,0.01304,0.00822,0.01223,0.01061,0.0081,0.0412,0.03389,0.01204,0.00364,0.00025,0.00283,0.00201,0.00275,0.00085,0.00014,0.00011,0.15191
3.58893,0.02094,0.0063,0.01383,0.0136,0.00604,0.0398,0.08792,0.05145,0.00516,0.00018,0.00192,0.00169,0.00306,0.00191,0.00016,0.00013,0.2541
3.61293,0.05191,0.01186,0.01863,0.02128,0.01477,0.1071,0.155,0.1161,0.01109,0.0003,0.00471,0.00487,0.00632,0.00374,0.00028,0.00015,0.52812
3.63693,0.1294,0.0182,0.08368,0.02085,0.01462,0.1626,0.164,0.2122,0.03312,0.00027,0.00523,0.00966,0.00387,0.00709,0.0002,0.00017,0.86516
3.66093,0.07697,0.02681,0.0534,0.01725,0.01129,0.3172,0.08491,0.1297,0.02222,0.00022,0.00541,0.01597,0.002,0.00405,0.00013,0.00015,0.76767
3.68493,0.00955,0.00333,0.00545,0.01527,0.00398,0.01168,0.03381,0.00684,0.00078,0.00009,0.00188,0.00154,0.00074,0.00068,0.00002,0.00015,0.09581
3.70893,0.01081,0.00197,0.00175,0.00391,0.00369,0.02114,0.02211,0.01465,0.00185,0.00015,0.00188,0.00208,0.00115,0.00094,0.00001,0.00002,0.08811
3.73193,0.01,0.00227,0.00211,0.00467,0.0037,0.03684,0.01931,0.02558,0.00195,0.00017,0.00215,0.00291,0.001,0.0016,0.00001,0.00002,0.1143
3.75593,0.01129,0.00393,0.00979,0.01442,0.00733,0.1312,0.03123,0.1321,0.00766,0.0002,0.00445,0.00817,0.00157,0.00593,0.00005,0.0001,0.36942
3.77993,0.0116,0.00614,0.01713,0.02319,0.01258,0.1936,0.06017,0.2482,0.02024,0.00017,0.00658,0.01215,0.00314,0.00817,0.00017,0.00014,0.62337
3.80393,0.00775,0.00383,0.01628,0.02015,0.00928,0.1535,0.04668,0.1999,0.01921,0.00013,0.00478,0.00887,0.00262,0.00639,0.00018,0.00012,0.49968
3.82793,0.00637,0.0056,0.02417,0.01722,0.00986,0.1187,0.03751,0.1234,0.01641,0.00013,0.00557,0.00712,0.00224,0.00532,0.00017,0.0002,0.37997
3.85193,0.00613,0.00511,0.01639,0.01309,0.00683,0.08834,0.03115,0.08975,0.01274,0.00011,0.00389,0.00533,0.00159,0.00376,0.00016,0.00013,0.28451
3.87593,0.00636,0.00483,0.01215,0.01183,0.01992,0.0817,0.032,0.1194,0.01189,0.00011,0.00364,0.00527,0.0014,0.00667,0.0002,0.0001,0.31747
3.89993,0.01321,0.01355,0.0173,0.01424,0.03044,0.1576,0.07114,0.1549,0.02427,0.00018,0.00552,0.01146,0.0036,0.00936,0.00048,0.00012,0.52737
3.92393,0.02936,0.02144,0.03609,0.01658,0.0389,0.2482,0.1762,0.2109,0.05197,0.00026,0.00743,0.0169,0.00916,0.01234,0.00166,0.00016,0.87755
3.94793,0.01733,0.0223,0.02659,0.01202,0.06582,0.1549,0.1083,0.2228,0.03979,0.00031,0.00802,0.01156,0.00535,0.01812,0.00065,0.00024,0.7141
3.97193,0.02174,0.04061,0.02113,0.00928,0.04384,0.106,0.09456,0.1615,0.0399,0.00043,0.00841,0.01022,0.00414,0.01161,0.00055,0.00016,0.57409
3.99593,0.02193,0.01855,0.01919,0.00715,0.03437,0.07911,0.05616,0.1093,0.02963,0.00029,0.00746,0.0077,0.00272,0.00702,0.00047,0.0001,0.40114
4.01993,0.023,0.01707,0.03953,0.01268,0.05109,0.08947,0.09365,0.1315,0.02017,0.00052,0.00698,0.00704,0.00363,0.00758,0.00037,0.00012,0.5044
4.04393,0.03241,0.01477,0.02851,0.00911,0.04035,0.07845,0.06511,0.1485,0.016,0.00045,0.00621,0.00676,0.00292,0.00783,0.00031,0.00017,0.45785
4.06793,0.03109,0.01061,0.02288,0.0113,0.02896,0.07666,0.06032,0.1166,0.01312,0.00033,0.00485,0.00556,0.00258,0.00633,0.00024,0.00016,0.39159
4.09193,0.04976,0.01258,0.02506,0.04517,0.03516,0.09251,0.1347,0.1363,0.01307,0.00029,0.00539,0.00616,0.00311,0.00984,0.00021,0.00022,0.56952
4.11593,0.03044,0.01023,0.02509,0.00744,0.03022,0.1786,0.06284,0.1056,0.00685,0.0002,0.00557,0.00867,0.00308,0.0055,0.00014,0.00022,0.48069
4.13993,0.04951,0.01059,0.03175,0.01024,0.02465,0.2158,0.08283,0.1805,0.01745,0.0002,0.0057,0.01041,0.00573,0.0094,0.00027,0.00039,0.65542
4.16393,0.04552,0.01065,0.0283,0.01541,0.01502,0.0976,0.07836,0.1643,0.02182,0.00017,0.00527,0.00591,0.00604,0.00923,0.00031,0.00033,0.50425
4.18793,0.03812,0.01228,0.02592,0.0199,0.01479,0.09194,0.0752,0.1684,0.01715,0.00022,0.0051,0.00586,0.00561,0.00895,0.00029,0.00029,0.49001
4.21193,0.03023,0.0188,0.02193,0.0234,0.02079,0.08913,0.05547,0.1823,0.01574,0.00023,0.00481,0.00528,0.00449,0.01025,0.00026,0.00028,0.48339
4.23593,0.02599,0.02012,0.01487,0.02557,0.03378,0.09496,0.04666,0.2056,0.01816,0.00021,0.01504,0.00579,0.0034,0.01048,0.00025,0.00034,0.52123
4.25993,0.0302,0.02007,0.01757,0.03357,0.03918,0.09959,0.052,0.2309,0.02319,0.00023,0.01988,0.00616,0.0039,0.01204,0.00036,0.00046,0.5893
4.28393,0.02317,0.02952,0.02879,0.04926,0.03218,0.103,0.06657,0.2051,0.01914,0.00028,0.02948,0.00672,0.00371,0.01042,0.00035,0.00046,0.60815
4.30793,0.01036,0.01767,0.02492,0.03343,0.02613,0.08621,0.02823,0.1155,0.00888,0.00018,0.00837,0.00534,0.00161,0.00485,0.00011,0.00024,0.37202
4.33193,0.0177,0.04811,0.01793,0.0297,0.04156,0.269,0.03923,0.1469,0.01163,0.00033,0.01623,0.0181,0.00278,0.00944,0.00016,0.0004,0.6692
4.35593,0.01794,0.02014,0.01703,0.02125,0.04347,0.3531,0.02331,0.128,0.01608,0.00027,0.01545,0.02194,0.00196,0.00639,0.00023,0.00039,0.68695
4.37993,0.02081,0.02064,0.01909,0.02252,0.04389,0.3087,0.02325,0.1164,0.01571,0.00028,0.00909,0.01882,0.00201,0.00616,0.00024,0.00044,0.62806
4.40393,0.02276,0.02067,0.01919,0.02282,0.04073,0.22,0.024,0.1154,0.01575,0.00029,0.00739,0.01347,0.00198,0.00632,0.00025,0.00048,0.5315
4.42793,0.03379,0.02333,0.02238,0.02615,0.03556,0.1509,0.03294,0.1249,0.02231,0.00031,0.00706,0.0096,0.00263,0.00597,0.00052,0.00051,0.49886
4.45193,0.03131,0.0378,0.02172,0.03122,0.03444,0.1699,0.04281,0.1592,0.0199,0.00038,0.00696,0.01105,0.00233,0.00595,0.0004,0.00056,0.57593
4.47593,0.03132,0.03387,0.01744,0.02644,0.03003,0.1405,0.05239,0.1343,0.01419,0.00035,0.00349,0.0099,0.00223,0.00543,0.0003,0.00048,0.50267
4.49993,0.01893,0.03691,0.01311,0.0389,0.02431,0.1531,0.04776,0.2226,0.01745,0.00021,0.00311,0.01137,0.00235,0.00643,0.00051,0.00078,0.59783
4.52393,0.01436,0.03897,0.0149,0.04139,0.02244,0.1706,0.04497,0.222,0.01808,0.00021,0.00362,0.01257,0.00347,0.00607,0.00072,0.00075,0.61512
4.54793,0.01152,0.02795,0.01079,0.01826,0.01622,0.09602,0.02729,0.07462,0.01117,0.00018,0.00125,0.00839,0.00121,0.00415,0.00019,0.00036,0.30957
4.57193,0.01995,0.03124,0.01576,0.03162,0.01643,0.1615,0.04429,0.08924,0.01419,0.00022,0.00133,0.01214,0.00171,0.00613,0.0002,0.00043,0.44637
4.59593,0.01927,0.03017,0.01537,0.0312,0.01774,0.1608,0.04172,0.08906,0.01472,0.00024,0.00144,0.01162,0.002,0.00633,0.00022,0.00049,0.4424
4.61893,0.01801,0.02889,0.01478,0.03109,0.01945,0.1537,0.03723,0.08976,0.01499,0.00027,0.00155,0.01074,0.00221,0.00641,0.00023,0.00057,0.42988
4.64293,0.01844,0.02933,0.01414,0.03171,0.0283,0.1242,0.03626,0.08359,0.01532,0.00035,0.00192,0.00877,0.00275,0.00741,0.00025,0.00057,0.40331
4.66693,0.01754,0.03065,0.01081,0.03107,0.02485,0.09657,0.03262,0.07649,0.01438,0.00036,0.00136,0.00718,0.00162,0.005,0.00026,0.00051,0.35128
4.69093,0.01925,0.03687,0.01069,0.03233,0.02791,0.1057,0.03747,0.08052,0.01575,0.00042,0.00163,0.00809,0.00169,0.00506,0.00031,0.00056,0.38425
4.71493,0.02571,0.05285,0.01326,0.03868,0.03314,0.1628,0.05143,0.1033,0.02845,0.00057,0.00228,0.01039,0.00191,0.00556,0.00045,0.00067,0.53146
4.73893,0.02772,0.05598,0.01438,0.04675,0.04097,0.1832,0.06048,0.1102,0.02271,0.00061,0.0026,0.01229,0.00178,0.00576,0.00037,0.00077,0.58656
4.76293,0.02359,0.04216,0.01262,0.03521,0.03423,0.105,0.03861,0.0907,0.01584,0.00052,0.00227,0.01037,0.00142,0.00558,0.00026,0.00087,0.41926
4.78693,0.01767,0.03745,0.01169,0.02864,0.03182,0.09137,0.02926,0.04856,0.01414,0.00048,0.0022,0.0101,0.00117,0.00354,0.00021,0.00045,0.32875
4.81093,0.01628,0.03741,0.01112,0.03064,0.03245,0.084,0.02723,0.05465,0.0136,0.00052,0.00205,0.00959,0.00113,0.00386,0.0002,0.00045,0.32518
4.83493,0.01754,0.04194,0.01238,0.03783,0.03259,0.07771,0.02536,0.06252,0.01452,0.00058,0.00217,0.01172,0.0011,0.00403,0.00025,0.00052,0.34275
4.85893,0.01809,0.03059,0.01064,0.04158,0.02164,0.07124,0.02268,0.06368,0.01421,0.00074,0.00134,0.00797,0.00075,0.00369,0.00026,0.00036,0.30946
4.88293,0.01934,0.03926,0.00982,0.04687,0.02416,0.07952,0.0246,0.07665,0.01869,0.00095,0.00126,0.00986,0.00081,0.00427,0.00038,0.00048,0.35694
4.90693,0.02172,0.048,0.00962,0.0762,0.02559,0.07894,0.03218,0.1238,0.03946,0.0012,0.0014,0.01255,0.00108,0.00645,0.00078,0.00096,0.47993
4.93093,0.01497,0.06188,0.01117,0.08479,0.0264,0.08102,0.03494,0.09684,0.02546,0.00121,0.00203,0.01058,0.00116,0.00731,0.00052,0.00091,0.46117
4.95493,0.01035,0.04323,0.00965,0.04797,0.01528,0.07523,0.02515,0.05808,0.01292,0.00072,0.00199,0.00787,0.00111,0.00571,0.00032,0.00064,0.31621
4.97893,0.01871,0.02444,0.01332,0.06824,0.01532,0.09126,0.0377,0.07547,0.01452,0.00056,0.00243,0.01166,0.00192,0.00667,0.0005,0.00085,0.38356
5.00293,0.01928,0.02246,0.01336,0.07258,0.01721,0.08503,0.03616,0.08577,0.01419,0.00055,0.00217,0.01188,0.00124,0.00656,0.00052,0.00118,0.39014
5.02693,0.02712,0.02436,0.0187,0.09634,0.02419,0.0992,0.04155,0.1184,0.0222,0.00085,0.00285,0.01498,0.00158,0.00998,0.00079,0.00202,0.50511
5.05093,0.0249,0.02943,0.01896,0.06071,0.01803,0.09912,0.03304,0.06663,0.01886,0.00056,0.00248,0.01226,0.00135,0.00675,0.00055,0.00105,0.39468
5.07493,0.01773,0.02481,0.01339,0.0429,0.01318,0.07915,0.02687,0.04025,0.01363,0.00034,0.00199,0.00873,0.00054,0.0036,0.00033,0.00058,0.28801
5.09893,0.01547,0.02727,0.01058,0.03574,0.01382,0.06694,0.02394,0.03328,0.01105,0.00043,0.00181,0.00771,0.00043,0.00324,0.00027,0.00045,0.25242
5.12293,0.02321,0.03821,0.01375,0.04991,0.02415,0.07675,0.02944,0.04416,0.01432,0.00075,0.00286,0.0105,0.00054,0.00453,0.00045,0.00072,0.33424
5.14693,0.0247,0.04526,0.01296,0.04415,0.03217,0.07471,0.02159,0.04416,0.01599,0.0011,0.00272,0.01248,0.00065,0.00447,0.00049,0.00071,0.3383
5.17093,0.02392,0.02455,0.01679,0.02974,0.01954,0.07148,0.02075,0.04054,0.02011,0.00037,0.0027,0.00964,0.00076,0.00412,0.00056,0.00056,0.28614
5.19493,0.02529,0.023,0.02004,0.02885,0.01462,0.06321,0.02248,0.03726,0.02017,0.00036,0.0023,0.00885,0.00082,0.00391,0.00057,0.00048,0.27221
5.21893,0.03268,0.02786,0.03335,0.03572,0.01501,0.06589,0.031,0.05091,0.02107,0.0005,0.00268,0.00979,0.00096,0.00438,0.00066,0.00058,0.33305
5.24293,0.03931,0.03329,0.03442,0.03965,0.01668,0.0847,0.03781,0.06565,0.01938,0.00073,0.00535,0.02048,0.00107,0.00477,0.00076,0.00069,0.40474
5.26693,0.02385,0.01989,0.02044,0.03089,0.01303,0.04872,0.02831,0.04584,0.0179,0.00052,0.00288,0.00611,0.00104,0.00479,0.00067,0.00062,0.26549
5.29093,0.02135,0.02151,0.01934,0.02612,0.01163,0.0743,0.02318,0.04182,0.02539,0.0006,0.00312,0.01013,0.00115,0.00598,0.00097,0.00105,0.28764
5.31493,0.02051,0.02661,0.01722,0.02454,0.01032,0.09418,0.02358,0.03402,0.02282,0.0008,0.00283,0.01312,0.00129,0.00597,0.00085,0.00096,0.29962
5.33893,0.02037,0.02636,0.01634,0.02531,0.00936,0.08921,0.0226,0.0299,0.01967,0.00085,0.00234,0.01223,0.00124,0.00563,0.00074,0.00081,0.28296
5.36293,0.02931,0.03212,0.02085,0.03363,0.01324,0.08932,0.02434,0.03877,0.02164,0.00122,0.00195,0.01405,0.00105,0.00561,0.00079,0.00075,0.32864
5.38693,0.02681,0.03207,0.0214,0.04061,0.01252,0.08651,0.02222,0.04204,0.02581,0.00136,0.00189,0.01496,0.00076,0.00442,0.00078,0.00053,0.33468
5.41093,0.02501,0.03463,0.02416,0.04276,0.01759,0.08284,0.02337,0.03659,0.02179,0.00161,0.00202,0.01581,0.00065,0.00444,0.00068,0.00038,0.33433
5.43493,0.02285,0.03707,0.02543,0.04584,0.02324,0.08774,0.02783,0.03834,0.02452,0.0019,0.00225,0.01651,0.00056,0.00464,0.00076,0.00039,0.35987
5.45893,0.02449,0.04102,0.0304,0.04614,0.02966,0.09071,0.03494,0.03388,0.02582,0.00179,0.00241,0.01662,0.00055,0.00407,0.00076,0.00035,0.38362
5.48293,0.02727,0.05672,0.03144,0.04726,0.02683,0.1037,0.0334,0.03081,0.02679,0.00172,0.00252,0.01765,0.00041,0.00396,0.00084,0.00033,0.41165
5.50593,0.0195,0.03185,0.02304,0.03752,0.02829,0.06832,0.02911,0.03906,0.01993,0.00171,0.00233,0.01073,0.00069,0.00507,0.00056,0.00045,0.31816
5.52993,0.01921,0.03121,0.02326,0.03374,0.03549,0.06815,0.0267,0.03721,0.0176,0.0018,0.00234,0.01035,0.00089,0.00521,0.00049,0.00054,0.31419
5.55393,0.0216,0.03571,0.02865,0.03623,0.03728,0.07361,0.02685,0.03097,0.01941,0.00211,0.00238,0.0111,0.00119,0.00585,0.00059,0.00061,0.33415
5.57793,0.02075,0.03462,0.02907,0.0411,0.03732,0.07514,0.02461,0.02934,0.01768,0.00194,0.00257,0.01051,0.00144,0.00663,0.00061,0.00067,0.334
5.60193,0.01889,0.05095,0.02505,0.04476,0.02627,0.08655,0.02001,0.02798,0.01838,0.00157,0.0033,0.01229,0.00123,0.00583,0.00069,0.00065,0.3444
5.62593,0.01855,0.02489,0.01891,0.04299,0.01661,0.06386,0.01402,0.02561,0.01567,0.00143,0.00182,0.01062,0.00095,0.00518,0.00046,0.00047,0.26205
5.64993,0.02021,0.02282,0.02159,0.03924,0.01975,0.06717,0.02013,0.02505,0.01444,0.00163,0.00155,0.01091,0.00085,0.00384,0.00041,0.00036,0.26994
5.67393,0.03953,0.04005,0.04554,0.03716,0.02987,0.08572,0.04784,0.05191,0.01984,0.00379,0.0034,0.02328,0.00103,0.0043,0.00062,0.00159,0.43548
5.69793,0.04022,0.05161,0.05468,0.0335,0.03936,0.08741,0.05964,0.05906,0.02473,0.00647,0.00459,0.03643,0.00145,0.00605,0.00078,0.00307,0.50904
5.72193,0.0305,0.0292,0.03801,0.02589,0.03084,0.06353,0.03629,0.02874,0.01407,0.00411,0.00177,0.0136,0.00058,0.00265,0.00071,0.00081,0.32129
5.74593,0.02749,0.0309,0.04557,0.04366,0.02971,0.09112,0.04905,0.03082,0.02085,0.00513,0.00313,0.02042,0.00167,0.00732,0.00119,0.00083,0.40885
5.76993,0.02469,0.03183,0.03672,0.05069,0.02519,0.08019,0.03274,0.03465,0.01594,0.00503,0.00453,0.02228,0.00096,0.00869,0.00081,0.00099,0.37594
5.79393,0.02564,0.05029,0.06247,0.06837,0.03875,0.07022,0.05556,0.05434,0.02158,0.00689,0.00755,0.02419,0.00086,0.01047,0.00136,0.00205,0.50059
5.81793,0.02222,0.03968,0.04305,0.04833,0.02615,0.0652,0.03681,0.03812,0.01577,0.00729,0.01075,0.0203,0.00093,0.00639,0.0011,0.00159,0.38368
5.84193,0.02533,0.04154,0.03863,0.04152,0.01951,0.06918,0.04242,0.03274,0.02824,0.00755,0.00427,0.02274,0.00142,0.00657,0.00161,0.0012,0.38447
5.86593,0.01402,0.03181,0.0364,0.03532,0.01983,0.03934,0.03664,0.02603,0.0132,0.00639,0.00287,0.01771,0.00105,0.00624,0.00087,0.00115,0.28887
5.88993,0.01786,0.0407,0.03263,0.03747,0.02405,0.04059,0.04474,0.0313,0.01198,0.00976,0.00298,0.02155,0.00115,0.00867,0.0009,0.00125,0.32759
5.91393,0.01728,0.04574,0.0421,0.0904,0.03384,0.03247,0.0442,0.03073,0.01039,0.00715,0.00503,0.02314,0.00108,0.00597,0.00076,0.00134,0.39162
5.93793,0.01948,0.03868,0.03013,0.04198,0.02607,0.03185,0.02972,0.02997,0.01021,0.00651,0.00352,0.01992,0.00099,0.00545,0.00071,0.00127,0.29646
5.96193,0.03139,0.06011,0.0303,0.04958,0.03236,0.05424,0.03235,0.05712,0.02259,0.00977,0.00466,0.018,0.00122,0.01611,0.00115,0.00318,0.42413
5.98593,0.02494,0.05134,0.02822,0.03656,0.01742,0.03665,0.02415,0.05122,0.01864,0.00561,0.00564,0.01396,0.0012,0.02003,0.00101,0.00304,0.33964
6.00993,0.02604,0.05269,0.02646,0.0355,0.0158,0.04066,0.02443,0.04745,0.01798,0.00509,0.00644,0.01287,0.00132,0.01617,0.00107,0.00254,0.33251
6.03393,0.02157,0.05839,0.02716,0.03604,0.03467,0.05737,0.02254,0.06182,0.01483,0.00615,0.00846,0.0159,0.00142,0.02419,0.00095,0.00372,0.39518
6.05793,0.03874,0.07765,0.03322,0.04189,0.02458,0.07116,0.02972,0.07448,0.01775,0.01286,0.01052,0.01643,0.00365,0.03722,0.00116,0.00431,0.49534
6.08193,0.03091,0.0714,0.03232,0.03151,0.01842,0.05129,0.02552,0.05896,0.01657,0.00761,0.00971,0.01271,0.0034,0.02844,0.00101,0.0031,0.40289
6.10593,0.03048,0.06976,0.03181,0.02909,0.02054,0.05502,0.02801,0.05487,0.02079,0.00645,0.01034,0.00863,0.00347,0.02228,0.00108,0.00274,0.39536
6.12993,0.0338,0.06688,0.02715,0.03027,0.02107,0.05357,0.02657,0.05898,0.01976,0.00571,0.00865,0.00741,0.00342,0.02551,0.00107,0.00301,0.39283
6.15393,0.03312,0.05973,0.02332,0.03224,0.0219,0.04645,0.02835,0.06446,0.01929,0.00276,0.00568,0.00699,0.00361,0.02362,0.00106,0.00361,0.37618
6.17793,0.02675,0.05688,0.02034,0.03339,0.023,0.04336,0.02976,0.06886,0.01901,0.00256,0.00546,0.00642,0.00348,0.0262,0.00109,0.00425,0.3708
6.20193,0.02676,0.04742,0.01495,0.03002,0.02433,0.03123,0.03322,0.07059,0.01776,0.00256,0.00554,0.00611,0.00375,0.02559,0.00105,0.00442,0.34529
6.22593,0.0312,0.04597,0.01739,0.03849,0.02835,0.02622,0.03995,0.07511,0.01887,0.00269,0.00573,0.00592,0.00418,0.02737,0.00116,0.00488,0.37349
6.24993,0.03435,0.04628,0.01753,0.03914,0.02605,0.02442,0.04245,0.06889,0.01853,0.00281,0.00566,0.00619,0.00476,0.02262,0.00124,0.0043,0.36523
6.27393,0.04361,0.0478,0.01903,0.0436,0.02727,0.02469,0.04947,0.06186,0.01883,0.00315,0.00567,0.00674,0.00628,0.01813,0.00134,0.00388,0.38135
6.29793,0.04892,0.04683,0.01951,0.05371,0.02827,0.02418,0.052,0.0588,0.01984,0.00292,0.00539,0.00752,0.00722,0.01666,0.00151,0.00377,0.39706
6.32193,0.05112,0.04159,0.02104,0.07367,0.03137,0.02092,0.06606,0.06056,0.02055,0.00241,0.00546,0.00693,0.00749,0.01649,0.00161,0.0034,0.43067
6.34593,0.04998,0.04435,0.02361,0.09193,0.03472,0.02281,0.06899,0.06905,0.02308,0.00249,0.00525,0.00632,0.0071,0.01696,0.00206,0.00373,0.47244
6.36993,0.05443,0.04656,0.02695,0.1104,0.04212,0.02909,0.0735,0.08392,0.02618,0.00328,0.00542,0.00723,0.00777,0.01659,0.00239,0.00384,0.53967
6.39393,0.05721,0.04578,0.02147,0.0744,0.03644,0.03007,0.07867,0.06574,0.03319,0.00238,0.00386,0.00654,0.00614,0.01465,0.00282,0.00364,0.48302
6.41693,0.06998,0.06501,0.0307,0.07727,0.036,0.03584,0.1024,0.06044,0.02871,0.00234,0.00355,0.00869,0.00726,0.01839,0.00236,0.00361,0.55256
6.44093,0.04441,0.06613,0.0272,0.04965,0.02569,0.02773,0.06914,0.03536,0.02005,0.00205,0.00316,0.00852,0.00452,0.0145,0.00144,0.0024,0.40196
6.46493,0.03481,0.06184,0.02268,0.04124,0.02211,0.02623,0.0516,0.02953,0.02012,0.00226,0.0034,0.00739,0.00335,0.01163,0.00144,0.00171,0.34134
6.48893,0.03462,0.044,0.01773,0.03745,0.02273,0.02476,0.0513,0.02922,0.02032,0.00266,0.0037,0.00491,0.00286,0.01069,0.00137,0.00142,0.30974
6.51293,0.03018,0.03909,0.01647,0.03077,0.01945,0.01899,0.05361,0.03076,0.01656,0.00231,0.00411,0.00464,0.00267,0.01084,0.0012,0.00124,0.28289
6.53693,0.02934,0.03133,0.01578,0.03064,0.01931,0.01601,0.04572,0.0303,0.01226,0.00198,0.005,0.00466,0.00286,0.01129,0.00096,0.00124,0.25867
6.56093,0.03143,0.03335,0.0167,0.03673,0.02015,0.01661,0.04393,0.03249,0.01267,0.00187,0.00504,0.0054,0.00293,0.01251,0.00098,0.00125,0.27403
6.58493,0.039,0.0373,0.02178,0.04812,0.02467,0.0166,0.06105,0.04175,0.01542,0.00193,0.00505,0.00713,0.0039,0.01614,0.00138,0.00167,0.34289
6.60893,0.05073,0.04697,0.02905,0.07123,0.02975,0.01782,0.08246,0.07177,0.01978,0.00199,0.00362,0.00682,0.00466,0.03103,0.00186,0.00302,0.47256
6.63293,0.0446,0.04005,0.02699,0.0783,0.03287,0.0185,0.04908,0.05928,0.01972,0.00255,0.00306,0.00595,0.00281,0.01947,0.00143,0.00273,0.40739
6.65693,0.03789,0.04327,0.02211,0.06913,0.03528,0.0157,0.052,0.05337,0.01795,0.00207,0.00312,0.0065,0.00296,0.01416,0.00116,0.00279,0.37946
6.68093,0.03961,0.05125,0.02058,0.06122,0.02886,0.01824,0.06034,0.0423,0.02031,0.00196,0.003,0.00742,0.00331,0.01135,0.00124,0.00271,0.3737
6.70493,0.04255,0.06321,0.02404,0.07068,0.02582,0.02498,0.066,0.05023,0.02607,0.00208,0.00318,0.00936,0.00374,0.01185,0.00136,0.00277,0.42793
6.72893,0.03748,0.05452,0.0198,0.05554,0.02291,0.01974,0.05765,0.03768,0.01933,0.00207,0.00317,0.00762,0.00292,0.01109,0.0011,0.00214,0.35475
6.75293,0.03557,0.04404,0.01975,0.04871,0.02022,0.01995,0.06053,0.03566,0.0184,0.00206,0.00279,0.00698,0.00277,0.00978,0.00111,0.00195,0.33026
6.77693,0.0334,0.04122,0.02119,0.03916,0.02509,0.02086,0.06171,0.03639,0.01836,0.00229,0.00242,0.00762,0.00253,0.00887,0.00102,0.0021,0.32423
6.80093,0.03034,0.0379,0.01848,0.03913,0.01964,0.01999,0.05891,0.03217,0.01526,0.0021,0.00248,0.00667,0.00215,0.00739,0.001,0.00157,0.29518
6.82493,0.03544,0.04167,0.01963,0.04538,0.01701,0.02161,0.06699,0.03109,0.01808,0.00215,0.00269,0.0068,0.00207,0.00692,0.00116,0.00144,0.32013
6.84893,0.03755,0.0433,0.0201,0.05708,0.01772,0.02238,0.06877,0.03643,0.01931,0.00211,0.00297,0.00716,0.00221,0.0073,0.00135,0.00158,0.34731
6.87293,0.03346,0.03418,0.0191,0.06301,0.01947,0.0163,0.06203,0.02931,0.01575,0.00176,0.0029,0.00619,0.00186,0.0074,0.00151,0.00134,0.31556
6.89693,0.03313,0.03412,0.02398,0.1412,0.02144,0.01658,0.0653,0.03543,0.01734,0.00181,0.0037,0.00665,0.00227,0.00871,0.0027,0.0018,0.41616
6.92093,0.03958,0.04065,0.0248,0.09978,0.03345,0.01783,0.06481,0.04972,0.02633,0.00183,0.00452,0.00617,0.0032,0.01167,0.00241,0.00282,0.42957
6.94493,0.03251,0.03729,0.02071,0.08352,0.02083,0.01622,0.05387,0.0475,0.01825,0.0017,0.00446,0.00528,0.00201,0.00906,0.00169,0.00275,0.35764
6.96893,0.04063,0.07413,0.02335,0.1018,0.02567,0.02197,0.07991,0.0583,0.02017,0.00186,0.00575,0.00527,0.00241,0.01013,0.00207,0.00373,0.47714
6.99293,0.03515,0.03611,0.02073,0.0943,0.02601,0.01783,0.04559,0.05161,0.01893,0.00194,0.00553,0.00564,0.00175,0.00894,0.00188,0.00361,0.37555
7.01693,0.03042,0.03318,0.01866,0.09969,0.02603,0.01819,0.04757,0.04579,0.01901,0.00205,0.00646,0.00566,0.00169,0.00817,0.0018,0.00301,0.36739
7.04093,0.03036,0.03333,0.01784,0.08555,0.02536,0.01885,0.0503,0.04035,0.01955,0.00209,0.00684,0.00606,0.00178,0.0072,0.00158,0.00263,0.34967
7.06493,0.03023,0.03397,0.01752,0.04623,0.01857,0.01656,0.0527,0.02894,0.01625,0.00182,0.00558,0.0048,0.002,0.00655,0.00155,0.00191,0.28518
7.08893,0.03823,0.05291,0.02214,0.04396,0.02117,0.02403,0.071,0.02873,0.0232,0.00227,0.00661,0.0053,0.00218,0.00871,0.00218,0.00249,0.3551
7.11293,0.05668,0.07375,0.03091,0.05252,0.0209,0.02865,0.08184,0.04253,0.02323,0.00279,0.00476,0.00888,0.00225,0.01216,0.0016,0.00322,0.44668
7.13693,0.03832,0.0769,0.019,0.02271,0.01321,0.02508,0.05208,0.02632,0.02264,0.00224,0.00433,0.00664,0.00177,0.0065,0.00158,0.00195,0.32128
7.16093,0.03732,0.07037,0.01969,0.02241,0.01567,0.02528,0.04847,0.02574,0.0228,0.00215,0.00584,0.00703,0.00171,0.00876,0.00163,0.00194,0.31682
7.18493,0.04587,0.08325,0.02105,0.02578,0.02056,0.02785,0.04894,0.02538,0.02311,0.00254,0.00765,0.01024,0.00186,0.01197,0.00191,0.0025,0.36047
7.20893,0.04011,0.08108,0.01892,0.02606,0.01995,0.02622,0.04452,0.02497,0.02099,0.00286,0.00625,0.01022,0.00176,0.00873,0.0019,0.00235,0.33689
7.23293,0.02544,0.0595,0.01607,0.02433,0.01852,0.02611,0.03805,0.02693,0.01719,0.00223,0.00458,0.00802,0.00136,0.00743,0.00161,0.00206,0.27943
7.25693,0.02657,0.06074,0.0182,0.03208,0.02114,0.03336,0.03936,0.03275,0.01859,0.0026,0.00575,0.00816,0.00186,0.0093,0.00197,0.00284,0.31527
7.28093,0.02807,0.06402,0.02456,0.03748,0.02244,0.03189,0.03936,0.03662,0.02211,0.00305,0.00698,0.00969,0.00284,0.01059,0.00199,0.00325,0.34494
7.30393,0.02723,0.05279,0.02051,0.03986,0.01794,0.02528,0.03294,0.03409,0.01653,0.00233,0.00635,0.00856,0.00222,0.01041,0.00172,0.00291,0.30167
7.32793,0.02404,0.04378,0.01853,0.03881,0.01384,0.01734,0.02864,0.03053,0.01241,0.00179,0.00462,0.00643,0.00181,0.01039,0.00137,0.00235,0.25668
7.35193,0.03664,0.04624,0.02366,0.07349,0.01839,0.01872,0.06065,0.04353,0.01384,0.00217,0.0076,0.00947,0.00203,0.01543,0.00143,0.00358,0.37687
7.37593,0.03164,0.04037,0.02457,0.07017,0.01368,0.01575,0.03911,0.03695,0.01168,0.002,0.00637,0.00721,0.00175,0.01442,0.00137,0.00289,0.31993
7.39993,0.02749,0.04728,0.02256,0.08448,0.01395,0.01643,0.03382,0.0267,0.00949,0.00197,0.00668,0.0083,0.00155,0.01443,0.0013,0.00262,0.31906
7.42393,0.03347,0.05851,0.02196,0.09972,0.02095,0.02056,0.04223,0.02875,0.01074,0.00216,0.00872,0.00906,0.0019,0.01657,0.00158,0.00497,0.38184
7.44793,0.03285,0.04334,0.03617,0.07957,0.01675,0.02356,0.0399,0.02087,0.02671,0.00267,0.00945,0.00754,0.0022,0.01444,0.00139,0.00323,0.36065
7.47193,0.03675,0.06936,0.01655,0.05499,0.01854,0.0311,0.0574,0.02396,0.02002,0.003,0.01036,0.00661,0.00342,0.01392,0.0031,0.00263,0.3717
7.49593,0.04063,0.08399,0.025,0.05493,0.0207,0.03353,0.04866,0.02324,0.01763,0.00394,0.00698,0.00581,0.00422,0.01359,0.00324,0.00244,0.38853
7.51993,0.03231,0.04554,0.01531,0.0544,0.02006,0.02496,0.03509,0.01676,0.01416,0.00241,0.00506,0.00455,0.00288,0.00941,0.00257,0.0017,0.28715
7.54393,0.0351,0.05124,0.01837,0.04678,0.02522,0.03061,0.03782,0.01676,0.01809,0.00245,0.01075,0.00508,0.00288,0.00898,0.00305,0.002,0.31517
7.56793,0.03661,0.05096,0.01468,0.0376,0.02401,0.02766,0.0375,0.01535,0.02183,0.00238,0.00892,0.00514,0.00294,0.00808,0.00332,0.00233,0.2993
7.59193,0.04136,0.04773,0.01428,0.04235,0.02457,0.02596,0.03867,0.01688,0.02884,0.00229,0.00681,0.00568,0.00326,0.01178,0.00371,0.00328,0.31745
7.61593,0.03445,0.02901,0.01579,0.04285,0.02442,0.0193,0.02827,0.01319,0.02085,0.0019,0.00581,0.00513,0.00254,0.00647,0.00322,0.00256,0.25577
7.63993,0.04415,0.03313,0.02021,0.05028,0.02664,0.01898,0.02984,0.01568,0.01781,0.00244,0.00834,0.00581,0.00292,0.00662,0.00307,0.00285,0.28876
7.66393,0.06862,0.04294,0.02833,0.09913,0.03273,0.02542,0.04151,0.02735,0.02652,0.00333,0.01095,0.00755,0.00485,0.0087,0.0056,0.00413,0.43766
7.68793,0.0614,0.03589,0.02175,0.08507,0.027,0.02054,0.03884,0.02588,0.02798,0.00318,0.01067,0.00521,0.00406,0.0083,0.00717,0.0044,0.38733
7.71193,0.05036,0.03353,0.02246,0.06752,0.03128,0.02182,0.04264,0.02458,0.01391,0.00353,0.00988,0.00568,0.00424,0.00626,0.00242,0.00378,0.34388
7.73593,0.03889,0.03752,0.02626,0.05655,0.04202,0.02675,0.04077,0.02685,0.01855,0.00452,0.01243,0.00603,0.00369,0.00813,0.00229,0.00405,0.3553
7.75993,0.0314,0.03607,0.02426,0.04894,0.03207,0.03025,0.04451,0.03018,0.02591,0.00458,0.01051,0.00649,0.00297,0.01015,0.0031,0.00425,0.34564
7.78393,0.03758,0.0427,0.02664,0.06766,0.03639,0.03776,0.05547,0.02848,0.03651,0.0051,0.01115,0.00788,0.00316,0.00972,0.00464,0.00371,0.41455
7.80793,0.03575,0.04836,0.03223,0.06247,0.02924,0.03346,0.05229,0.03651,0.03747,0.00465,0.00968,0.0085,0.00398,0.01265,0.00407,0.00421,0.41552
7.83193,0.0309,0.04942,0.02533,0.05786,0.02156,0.02647,0.04758,0.03227,0.01983,0.00307,0.00694,0.00765,0.00406,0.01239,0.00294,0.00303,0.3513
7.85593,0.0599,0.07666,0.05252,0.1004,0.03856,0.03453,0.07593,0.03739,0.03607,0.00579,0.01,0.0139,0.00579,0.0151,0.00425,0.00556,0.57235
7.87993,0.04161,0.04876,0.02748,0.08262,0.03326,0.02433,0.04262,0.02924,0.02168,0.00375,0.00701,0.01015,0.00363,0.01002,0.0032,0.0049,0.39427
7.90393,0.03001,0.04431,0.01749,0.06495,0.02807,0.02012,0.03096,0.02526,0.0175,0.00325,0.00551,0.00874,0.00293,0.0076,0.00224,0.00404,0.31298
7.92793,0.03101,0.04744,0.01852,0.06755,0.04588,0.02177,0.0302,0.02709,0.02403,0.00335,0.00621,0.00739,0.00307,0.00945,0.00231,0.00443,0.3497
7.95193,0.02569,0.04883,0.019,0.06121,0.02796,0.02142,0.02793,0.02561,0.01942,0.00309,0.00504,0.00648,0.00291,0.00677,0.00237,0.00451,0.30824
7.97593,0.02256,0.04942,0.01993,0.07283,0.02791,0.0237,0.02626,0.02744,0.01939,0.00385,0.00523,0.0083,0.00328,0.00843,0.0021,0.00505,0.32567
7.99993,0.01911,0.04136,0.01848,0.08207,0.01742,0.02411,0.02309,0.02113,0.01617,0.0032,0.0055,0.00556,0.00311,0.0088,0.00213,0.00483,0.29606
8.02393,0.01998,0.04651,0.01855,0.06961,0.01616,0.02099,0.02104,0.02072,0.01451,0.00344,0.00598,0.00554,0.00307,0.00592,0.00199,0.00499,0.279
8.04793,0.02066,0.05217,0.02125,0.06642,0.01475,0.01852,0.02118,0.01967,0.01393,0.0031,0.00595,0.00537,0.00333,0.00388,0.00212,0.00574,0.27804
8.07193,0.02555,0.06851,0.02985,0.06944,0.01671,0.02215,0.02889,0.02718,0.01749,0.00424,0.00814,0.0066,0.00418,0.00865,0.00317,0.00565,0.34641
8.09593,0.02637,0.06435,0.02445,0.05136,0.01704,0.02061,0.0222,0.02948,0.01443,0.00419,0.00805,0.00459,0.00343,0.01204,0.00207,0.00576,0.31042
8.11993,0.02826,0.0679,0.02193,0.04852,0.01931,0.02095,0.02128,0.03039,0.01453,0.00398,0.00662,0.00466,0.00419,0.01642,0.00211,0.0063,0.31734
8.14393,0.03735,0.0611,0.02097,0.03619,0.01599,0.01796,0.01759,0.01872,0.01356,0.00391,0.00459,0.00498,0.00583,0.00694,0.00227,0.00435,0.2723
8.16793,0.03625,0.06601,0.02113,0.03743,0.0277,0.02051,0.02544,0.02133,0.01522,0.00564,0.00559,0.00765,0.00654,0.0066,0.00265,0.00451,0.31019
8.19193,0.02741,0.07173,0.02276,0.04297,0.03074,0.02374,0.02062,0.02149,0.01318,0.00601,0.00553,0.00744,0.0053,0.00645,0.00255,0.00634,0.31425
8.21493,0.02342,0.06163,0.02032,0.03874,0.02624,0.02285,0.02134,0.02213,0.01225,0.00442,0.00531,0.00734,0.00499,0.00679,0.00262,0.00552,0.28591
8.23893,0.02651,0.0665,0.0201,0.03848,0.02563,0.0243,0.02296,0.02506,0.01566,0.00452,0.00573,0.00787,0.00527,0.00687,0.00308,0.00538,0.30391
8.26293,0.02782,0.06072,0.01611,0.038,0.02279,0.02455,0.02384,0.02403,0.01455,0.0046,0.00647,0.00724,0.00536,0.0064,0.00345,0.00472,0.29065
8.28693,0.03416,0.051,0.01427,0.04889,0.01974,0.02178,0.03132,0.0329,0.01352,0.00476,0.00794,0.00617,0.00632,0.00675,0.00426,0.00421,0.30799
8.31093,0.03186,0.05888,0.01392,0.09769,0.01881,0.02972,0.04381,0.05162,0.01591,0.00722,0.01111,0.00694,0.00677,0.00803,0.00767,0.00621,0.41617
8.33493,0.02969,0.04734,0.01766,0.05845,0.02179,0.02576,0.03521,0.0357,0.01416,0.00496,0.00751,0.00568,0.00539,0.00712,0.00407,0.00708,0.32757
8.35893,0.03083,0.04796,0.01615,0.05482,0.01789,0.02498,0.03279,0.02634,0.01632,0.00482,0.00815,0.00687,0.0058,0.00809,0.00466,0.00526,0.31173
8.38293,0.02992,0.04489,0.01724,0.05634,0.01661,0.02248,0.02722,0.02225,0.01853,0.00455,0.00725,0.00668,0.00459,0.00887,0.00635,0.00529,0.29907
8.40693,0.03792,0.05107,0.03244,0.1047,0.02101,0.03066,0.03066,0.02588,0.03557,0.00628,0.01001,0.00775,0.00726,0.0107,0.01132,0.00707,0.43032
8.43093,0.03622,0.04308,0.02886,0.05744,0.01726,0.02133,0.02262,0.01975,0.03167,0.00512,0.00826,0.00592,0.00567,0.01077,0.00739,0.00401,0.32537
8.45493,0.03889,0.04706,0.02634,0.05269,0.01764,0.02381,0.0264,0.02311,0.03919,0.0057,0.01851,0.00625,0.00771,0.02063,0.01295,0.00655,0.37344
8.47893,0.03469,0.04219,0.01847,0.03585,0.01767,0.0215,0.02316,0.01511,0.03078,0.00574,0.01036,0.00475,0.00533,0.00926,0.00644,0.00356,0.28485
8.50293,0.0398,0.05025,0.01841,0.03777,0.01761,0.02341,0.02349,0.01415,0.0282,0.00585,0.01095,0.00426,0.00548,0.00798,0.00611,0.00367,0.29739
8.52693,0.04117,0.05501,0.02128,0.0398,0.01738,0.02774,0.02018,0.01545,0.028,0.00666,0.01294,0.00502,0.00392,0.00784,0.00508,0.00601,0.31348
8.55093,0.02724,0.03918,0.0166,0.02496,0.01722,0.02402,0.01762,0.01599,0.02012,0.00471,0.0107,0.00442,0.00287,0.00626,0.00359,0.00429,0.2398
8.57493,0.02852,0.0495,0.01828,0.03271,0.02593,0.02708,0.02038,0.01996,0.02321,0.00501,0.01442,0.00658,0.0031,0.00724,0.00323,0.0052,0.29035
8.59893,0.02838,0.05578,0.01952,0.03647,0.02697,0.02659,0.02469,0.02322,0.01961,0.00537,0.01604,0.0068,0.00301,0.0072,0.00338,0.00583,0.30887
8.62293,0.02823,0.05802,0.01625,0.03449,0.0309,0.0237,0.02634,0.02087,0.01831,0.00563,0.01631,0.00575,0.003,0.00642,0.00349,0.00621,0.30392
8.64693,0.02727,0.05845,0.01478,0.03773,0.03299,0.0236,0.02299,0.01791,0.01627,0.00595,0.01571,0.0059,0.00265,0.0059,0.0034,0.00586,0.29737
8.67093,0.02979,0.09444,0.027,0.04523,0.02817,0.03034,0.02891,0.02087,0.01901,0.00924,0.02079,0.01113,0.00295,0.00855,0.00376,0.0073,0.38747
8.69493,0.02538,0.07619,0.01314,0.04273,0.02168,0.02879,0.0275,0.01579,0.0169,0.00709,0.01376,0.00614,0.00283,0.00637,0.00387,0.00624,0.3144
8.71893,0.02494,0.07297,0.01168,0.05196,0.02166,0.02439,0.02424,0.01439,0.0146,0.00678,0.01154,0.00353,0.00275,0.00705,0.00429,0.00731,0.30409
8.74293,0.02912,0.06687,0.0118,0.0537,0.02398,0.02361,0.02591,0.0157,0.01475,0.00771,0.01077,0.00368,0.00303,0.01082,0.0047,0.00588,0.31203
8.76693,0.02306,0.05745,0.01267,0.04919,0.0172,0.01966,0.02688,0.01574,0.01622,0.00591,0.00862,0.00321,0.00309,0.00627,0.00414,0.00457,0.2739
8.79093,0.03358,0.08545,0.02133,0.07078,0.0236,0.023,0.04218,0.0234,0.02693,0.00809,0.01007,0.00559,0.004,0.00793,0.00489,0.00602,0.39684
8.81493,0.02615,0.07881,0.01723,0.06738,0.01549,0.01794,0.03391,0.02671,0.02875,0.00865,0.00896,0.0048,0.00434,0.00899,0.00439,0.00499,0.35749
8.83893,0.02229,0.124,0.01536,0.04603,0.01841,0.02291,0.0317,0.02076,0.02968,0.01126,0.01073,0.0057,0.00378,0.00773,0.00498,0.00543,0.38074
8.86293,0.02015,0.07982,0.01488,0.04954,0.01866,0.01501,0.02701,0.01492,0.03101,0.00747,0.00913,0.00503,0.00434,0.00945,0.00545,0.00647,0.31834
8.88693,0.01997,0.06322,0.01405,0.05117,0.01983,0.01264,0.02672,0.0131,0.02936,0.00759,0.01027,0.00462,0.0049,0.00613,0.00688,0.00687,0.29733
8.91093,0.02075,0.0522,0.01589,0.06338,0.01915,0.0132,0.03117,0.01315,0.03536,0.00733,0.01051,0.00506,0.00602,0.00642,0.00851,0.00927,0.31737
8.93493,0.02175,0.0507,0.01894,0.05379,0.01907,0.01697,0.03618,0.01302,0.03314,0.01448,0.01171,0.0046,0.00545,0.00626,0.00822,0.00908,0.32335
8.95893,0.01967,0.04131,0.01234,0.04195,0.01456,0.01619,0.02282,0.01263,0.02878,0.0045,0.00928,0.0042,0.00494,0.00518,0.00619,0.00698,0.25153
8.98293,0.02953,0.05504,0.01622,0.05252,0.03069,0.02466,0.02558,0.02027,0.04578,0.00506,0.01148,0.0047,0.00828,0.00727,0.00706,0.01183,0.35596
9.00693,0.03007,0.07891,0.01511,0.0509,0.02206,0.0471,0.02484,0.02035,0.02759,0.00553,0.01087,0.00474,0.00684,0.00703,0.0077,0.01523,0.37487
9.03093,0.02704,0.03967,0.01346,0.04504,0.01532,0.0128,0.02397,0.01477,0.02131,0.00539,0.00922,0.00488,0.00588,0.00502,0.00829,0.00907,0.26112
9.05493,0.05735,0.06215,0.02079,0.1403,0.02411,0.021,0.04597,0.02617,0.02189,0.00586,0.02537,0.02143,0.00787,0.01501,0.00847,0.01841,0.52215
9.07893,0.03676,0.02901,0.0155,0.05215,0.01867,0.01482,0.02151,0.02378,0.0231,0.00553,0.00999,0.00383,0.00531,0.00717,0.0066,0.01269,0.28642
9.10193,0.03647,0.02678,0.01771,0.04896,0.02027,0.02061,0.01901,0.02546,0.02645,0.00638,0.00977,0.00379,0.00534,0.00757,0.00609,0.00968,0.29034
9.12593,0.04098,0.02762,0.01767,0.07431,0.02008,0.01705,0.02677,0.02368,0.04912,0.00678,0.0081,0.00507,0.00527,0.00771,0.00902,0.00862,0.34786
9.14993,0.02767,0.03547,0.01348,0.06424,0.0181,0.01801,0.02722,0.0201,0.06107,0.00861,0.00742,0.00371,0.00504,0.00734,0.01156,0.00753,0.33657
9.17393,0.03092,0.04324,0.01685,0.07243,0.02214,0.0193,0.02166,0.01917,0.04488,0.01007,0.00828,0.00493,0.00645,0.00833,0.01057,0.00747,0.34669
9.19793,0.03341,0.05187,0.01745,0.09123,0.02437,0.01707,0.02116,0.02789,0.0481,0.01041,0.00756,0.00528,0.00749,0.00916,0.01047,0.00672,0.38964
9.22193,0.03166,0.05271,0.01795,0.05442,0.01917,0.01727,0.02063,0.02034,0.04745,0.01115,0.00654,0.00793,0.00855,0.00589,0.00862,0.00551,0.3358
9.24593,0.047,0.05071,0.01644,0.04065,0.01515,0.01821,0.02276,0.01794,0.04383,0.01027,0.00527,0.0089,0.01417,0.00595,0.01012,0.00464,0.33202
9.26993,0.03841,0.07573,0.01552,0.03348,0.01448,0.02302,0.03034,0.01722,0.0503,0.00825,0.00451,0.0083,0.00852,0.00639,0.00954,0.0055,0.34952
9.29393,0.04204,0.04929,0.03199,0.04934,0.01576,0.03259,0.03431,0.02191,0.04779,0.0081,0.00893,0.00808,0.00843,0.00969,0.01095,0.00493,0.38413
9.31793,0.03685,0.05161,0.01886,0.04287,0.01073,0.02783,0.03015,0.01969,0.04109,0.0051,0.00575,0.00844,0.01074,0.01262,0.00978,0.00445,0.33656
9.34193,0.02461,0.04577,0.01263,0.03599,0.00925,0.0152,0.03068,0.01357,0.02771,0.00663,0.00387,0.00341,0.0085,0.0102,0.01144,0.00486,0.26432
9.36593,0.02894,0.05839,0.01592,0.04361,0.0146,0.01414,0.0286,0.01324,0.03183,0.00638,0.00618,0.00343,0.01336,0.01574,0.01384,0.00619,0.31439
9.38993,0.03115,0.07491,0.01587,0.05082,0.01809,0.01503,0.03276,0.01458,0.03482,0.00786,0.00563,0.00475,0.01387,0.01615,0.01866,0.00806,0.36301
9.41393,0.02638,0.06823,0.0154,0.04384,0.01101,0.01377,0.03027,0.01421,0.03065,0.00906,0.00532,0.00497,0.01225,0.01559,0.01774,0.005,0.32369
9.43793,0.03462,0.06849,0.01633,0.06016,0.01864,0.01328,0.0308,0.02059,0.03674,0.0082,0.00803,0.00329,0.01261,0.01832,0.017,0.00558,0.37269
9.46193,0.02615,0.06477,0.01248,0.031,0.0112,0.01066,0.03068,0.01248,0.02387,0.00848,0.0045,0.00199,0.01121,0.01134,0.0111,0.00388,0.2758
9.48593,0.03018,0.06605,0.01749,0.0386,0.01663,0.0134,0.04039,0.01632,0.03058,0.01083,0.00438,0.00229,0.01359,0.01148,0.01179,0.00477,0.32877
9.50993,0.03217,0.05259,0.02481,0.04709,0.02558,0.02093,0.03664,0.01949,0.02648,0.01271,0.005,0.00378,0.01467,0.01157,0.00831,0.0064,0.34822
9.53393,0.02633,0.0386,0.02468,0.05025,0.02958,0.01854,0.02973,0.02083,0.02091,0.01151,0.00602,0.00394,0.01172,0.00915,0.00625,0.00844,0.31647
9.55793,0.03145,0.04644,0.02263,0.06328,0.02766,0.01897,0.02332,0.01709,0.02186,0.0126,0.00606,0.0043,0.01379,0.00869,0.00759,0.00987,0.3356
9.58193,0.03675,0.04825,0.02169,0.07699,0.0257,0.01694,0.02393,0.01575,0.02453,0.01144,0.00639,0.00476,0.01465,0.00898,0.00877,0.01166,0.35719
9.60593,0.03443,0.0487,0.02076,0.07439,0.02348,0.01609,0.0245,0.01472,0.02589,0.01059,0.00653,0.00457,0.01446,0.00822,0.00906,0.01016,0.34655
9.62993,0.02847,0.06904,0.01999,0.07897,0.02717,0.01644,0.03472,0.01349,0.02918,0.0109,0.00878,0.00468,0.01668,0.00727,0.01459,0.00889,0.38926
9.65393,0.02956,0.07878,0.02261,0.07737,0.0307,0.01827,0.03789,0.0147,0.02575,0.01225,0.00993,0.00471,0.02113,0.00847,0.01555,0.00898,0.41664
9.67793,0.02764,0.03579,0.02842,0.09228,0.02602,0.02119,0.03408,0.01491,0.02573,0.01025,0.00592,0.00529,0.01791,0.0085,0.01431,0.01047,0.37871
9.70193,0.02184,0.02805,0.02445,0.07303,0.02086,0.01801,0.02877,0.01009,0.01683,0.00802,0.0049,0.00475,0.01345,0.00903,0.0143,0.00886,0.30524
9.72593,0.02556,0.02815,0.02683,0.07151,0.02106,0.01915,0.02449,0.01027,0.01799,0.01022,0.00579,0.00508,0.01626,0.01217,0.01497,0.0102,0.3197
9.74993,0.03105,0.03131,0.03009,0.07326,0.02064,0.01941,0.02586,0.00943,0.0219,0.01122,0.00649,0.00442,0.01793,0.01325,0.01502,0.01011,0.34139
9.77393,0.04533,0.0434,0.03316,0.09288,0.02472,0.01405,0.02858,0.01134,0.02791,0.01818,0.00828,0.00443,0.02915,0.02237,0.01642,0.01118,0.43138
9.79793,0.03448,0.04132,0.04772,0.06784,0.0207,0.01414,0.02263,0.01306,0.0257,0.00948,0.008,0.00315,0.02009,0.00924,0.01312,0.00801,0.35867
9.82193,0.03895,0.04427,0.04069,0.07179,0.02055,0.01293,0.02359,0.01522,0.02748,0.00858,0.00529,0.0035,0.01788,0.01076,0.01239,0.00946,0.36333
9.84593,0.06278,0.05853,0.05645,0.1039,0.02535,0.01871,0.03969,0.01666,0.03061,0.00881,0.00531,0.0043,0.02538,0.01852,0.01573,0.01151,0.50224
9.86993,0.0558,0.03618,0.05038,0.05554,0.02663,0.01725,0.0313,0.01186,0.02667,0.01095,0.005,0.00412,0.02268,0.01196,0.01557,0.01003,0.39192
9.89393,0.06514,0.06928,0.07338,0.07586,0.05783,0.04198,0.07849,0.01966,0.03816,0.01721,0.00825,0.00725,0.03224,0.01556,0.02217,0.01419,0.63665
9.91793,0.04804,0.06257,0.06648,0.07393,0.0284,0.02695,0.05955,0.01642,0.04116,0.0158,0.00639,0.0056,0.02798,0.01442,0.01923,0.01221,0.52513
9.94193,0.04902,0.06211,0.05674,0.0704,0.02424,0.02449,0.05889,0.01458,0.03896,0.01386,0.00655,0.00524,0.02692,0.01411,0.02042,0.01092,0.49745
9.96593,0.04268,0.07019,0.06175,0.08031,0.02414,0.02029,0.05851,0.01351,0.03541,0.01544,0.00954,0.0046,0.02605,0.01102,0.02084,0.01434,0.50861
9.98993,0.03592,0.06675,0.0666,0.08742,0.01766,0.01777,0.04637,0.01332,0.0412,0.01499,0.01005,0.0042,0.02903,0.0099,0.02012,0.01674,0.49804
10.01293,0.03586,0.0564,0.0644,0.08877,0.01787,0.0188,0.03883,0.01298,0.05229,0.01311,0.00806,0.00515,0.02885,0.00671,0.02133,0.01117,0.48057
10.03693,0.03036,0.04704,0.04194,0.07916,0.01694,0.01921,0.03542,0.0141,0.05122,0.01092,0.00752,0.00434,0.02969,0.00688,0.01824,0.00917,0.42215
10.06093,0.02398,0.04468,0.03146,0.06336,0.01552,0.01624,0.02995,0.01351,0.04136,0.00921,0.00771,0.00327,0.0263,0.00781,0.01297,0.00957,0.3569
10.08493,0.03279,0.05367,0.03514,0.09183,0.01844,0.0209,0.03802,0.01553,0.05174,0.01923,0.01049,0.00386,0.03018,0.00966,0.0131,0.01526,0.45985
10.10893,0.0294,0.05016,0.03333,0.06899,0.01373,0.02094,0.0358,0.01738,0.04837,0.01575,0.01238,0.00376,0.02774,0.00989,0.01055,0.01207,0.41024
10.13293,0.01478,0.03212,0.01967,0.04574,0.00717,0.00887,0.0315,0.00911,0.02443,0.00686,0.00811,0.00181,0.02086,0.01093,0.00868,0.00888,0.25953
10.15693,0.00832,0.03308,0.01233,0.03011,0.0072,0.00627,0.03649,0.00569,0.01366,0.00423,0.00461,0.00131,0.01435,0.0074,0.00519,0.00842,0.19867
10.18093,0.00552,0.0178,0.00816,0.01712,0.0068,0.00327,0.01736,0.00318,0.00801,0.00185,0.00277,0.00107,0.00672,0.00335,0.00323,0.00708,0.11329
10.20493,0.00386,0.01045,0.00521,0.01307,0.00464,0.00158,0.01,0.0013,0.00517,0.0009,0.00177,0.00092,0.00384,0.00173,0.00259,0.00625,0.07328
10.22893,0.00193,0.00274,0.00214,0.01486,0.00139,0.00139,0.00543,0.00085,0.00298,0.00046,0.00108,0.00084,0.00187,0.00091,0.00206,0.00395,0.04488
10.25293,0.00126,0.00231,0.00134,0.01418,0.00108,0.00138,0.00422,0.00064,0.00187,0.0003,0.0009,0.0008,0.00119,0.00075,0.00175,0.00282,0.0368
10.27693,0.00076,0.00233,0.00073,0.01062,0.00072,0.00144,0.00283,0.00041,0.00117,0.00029,0.00066,0.00069,0.00059,0.00048,0.00122,0.00166,0.02661
10.30093,0.00036,0.00239,0.0003,0.00624,0.00028,0.00142,0.00169,0.00018,0.00059,0.00027,0.0003,0.00038,0.00021,0.00024,0.00069,0.00065,0.01619
10.32493,0.00019,0.00171,0.00015,0.0037,0,0.00099,0.00095,0.00006,0.0003,0.00018,0.00003,0.00011,0.00011,0.00014,0.00043,0.00031,0.00935
10.34893,0.00009,0.00105,0.00007,0.00177,0,0.00061,0.00047,0.00003,0.00015,0.00011,0.00002,0.00006,0.00005,0.00007,0.00021,0.00016,0.00493
10.37293,0.00001,0.00017,0.00001,0.00023,0,0.0001,0.00006,0,0.00002,0.00002,0,0.00001,0.00001,0.00001,0.00003,0.00002,0.0007
10.39693,0,0,0,0,0,0,0,0,0,0,0,0,0,0,0,0,0
10.42093,0,0,0,0,0,0,0,0,0,0,0,0,0,0,0,0,0
10.44493,0,0,0,0,0,0,0,0,0,0,0,0,0,0,0,0,0
10.46893,0,0,0,0,0,0,0,0,0,0,0,0,0,0,0,0,0
10.49293,0,0,0,0,0,0,0,0,0,0,0,0,0,0,0,0,0
10.51693,0,0,0,0,0,0,0,0,0,0,0,0,0,0,0,0,0
10.54093,0,0,0,0,0,0,0,0,0,0,0,0,0,0,0,0,0
10.56493,0,0,0,0,0,0,0,0,0,0,0,0,0,0,0,0,0
10.58893,0,0,0,0,0,0,0,0,0,0,0,0,0,0,0,0,0
10.61293,0,0,0,0,0,0,0,0,0,0,0,0,0,0,0,0,0
10.63693,0,0,0,0,0,0,0,0,0,0,0,0,0,0,0,0,0
10.66093,0,0,0,0,0,0,0,0,0,0,0,0,0,0,0,0,0
10.68493,0,0,0,0,0,0,0,0,0,0,0,0,0,0,0,0,0
10.70893,0,0,0,0,0,0,0,0,0,0,0,0,0,0,0,0,0
10.73293,0,0,0,0,0,0,0,0,0,0,0,0,0,0,0,0,0
10.75693,0,0,0,0,0,0,0,0,0,0,0,0,0,0,0,0,0
10.78093,0,0,0,0,0,0,0,0,0,0,0,0,0,0,0,0,0
10.80493,0,0,0,0,0,0,0,0,0,0,0,0,0,0,0,0,0
10.82893,0,0,0,0,0,0,0,0,0,0,0,0,0,0,0,0,0
10.85293,0,0,0,0,0,0,0,0,0,0,0,0,0,0,0,0,0
10.87693,0,0,0,0,0,0,0,0,0,0,0,0,0,0,0,0,0
10.89993,0,0,0,0,0,0,0,0,0,0,0,0,0,0,0,0,0
10.92393,0,0,0,0,0,0,0,0,0,0,0,0,0,0,0,0,0
10.94793,0,0,0,0,0,0,0,0,0,0,0,0,0,0,0,0,0
10.97193,0,0,0,0,0,0,0,0,0,0,0,0,0,0,0,0,0
10.99593,0,0,0,0,0,0,0,0,0,0,0,0,0,0,0,0,0
11.01993,0,0,0,0,0,0,0,0,0,0,0,0,0,0,0,0,0
11.04393,0,0,0,0,0,0,0,0,0,0,0,0,0,0,0,0,0
11.06793,0,0,0,0,0,0,0,0,0,0,0,0,0,0,0,0,0
11.09193,0,0,0,0,0,0,0,0,0,0,0,0,0,0,0,0,0
11.11593,0,0,0,0,0,0,0,0,0,0,0,0,0,0,0,0,0
11.13993,0,0,0,0,0,0,0,0,0,0,0,0,0,0,0,0,0
11.16393,0,0,0,0,0,0,0,0,0,0,0,0,0,0,0,0,0
11.18793,0,0,0,0,0,0,0,0,0,0,0,0,0,0,0,0,0
11.21193,0,0,0,0,0,0,0,0,0,0,0,0,0,0,0,0,0
11.23593,0,0,0,0,0,0,0,0,0,0,0,0,0,0,0,0,0
11.25993,0,0,0,0,0,0,0,0,0,0,0,0,0,0,0,0,0
11.28393,0,0,0,0,0,0,0,0,0,0,0,0,0,0,0,0,0
11.30793,0,0,0,0,0,0,0,0,0,0,0,0,0,0,0,0,0
11.33193,0,0,0,0,0,0,0,0,0,0,0,0,0,0,0,0,0
11.35593,0,0,0,0,0,0,0,0,0,0,0,0,0,0,0,0,0
11.37993,0,0,0,0,0,0,0,0,0,0,0,0,0,0,0,0,0
11.40393,0,0,0,0,0,0,0,0,0,0,0,0,0,0,0,0,0
11.42793,0,0,0,0,0,0,0,0,0,0,0,0,0,0,0,0,0
11.45193,0,0,0,0,0,0,0,0,0,0,0,0,0,0,0,0,0
11.47593,0,0,0,0,0,0,0,0,0,0,0,0,0,0,0,0,0
11.49993,0,0,0,0,0,0,0,0,0,0,0,0,0,0,0,0,0
11.52393,0,0,0,0,0,0,0,0,0,0,0,0,0,0,0,0,0
11.54793,0,0,0,0,0,0,0,0,0,0,0,0,0,0,0,0,0
11.57193,0,0,0,0,0,0,0,0,0,0,0,0,0,0,0,0,0
11.59593,0,0,0,0,0,0,0,0,0,0,0,0,0,0,0,0,0
11.61993,0,0,0,0,0,0,0,0,0,0,0,0,0,0,0,0,0
11.64393,0,0,0,0,0,0,0,0,0,0,0,0,0,0,0,0,0
11.66793,0,0,0,0,0,0,0,0,0,0,0,0,0,0,0,0,0
11.69193,0,0,0,0,0,0,0,0,0,0,0,0,0,0,0,0,0
11.71593,0,0,0,0,0,0,0,0,0,0,0,0,0,0,0,0,0
11.73993,0,0,0,0,0,0,0,0,0,0,0,0,0,0,0,0,0
11.76393,0,0,0,0,0,0,0,0,0,0,0,0,0,0,0,0,0
11.78793,0,0,0,0,0,0,0,0,0,0,0,0,0,0,0,0,0
11.81093,0,0,0,0,0,0,0,0,0,0,0,0,0,0,0,0,0
11.83493,0,0,0,0,0,0,0,0,0,0,0,0,0,0,0,0,0
11.85893,0,0,0,0,0,0,0,0,0,0,0,0,0,0,0,0,0
11.88293,0,0,0,0,0,0,0,0,0,0,0,0,0,0,0,0,0
11.90693,0,0,0,0,0,0,0,0,0,0,0,0,0,0,0,0,0
11.93093,0,0,0,0,0,0,0,0,0,0,0,0,0,0,0,0,0
11.95493,0,0,0,0,0,0,0,0,0,0,0,0,0,0,0,0,0
11.97893,0,0,0,0,0,0,0,0,0,0,0,0,0,0,0,0,0
12.00293,0,0,0,0,0,0,0,0,0,0,0,0,0,0,0,0,0
12.02693,0,0,0,0,0,0,0,0,0,0,0,0,0,0,0,0,0
12.05093,0,0,0,0,0,0,0,0,0,0,0,0,0,0,0,0,0
12.07493,0,0,0,0,0,0,0,0,0,0,0,0,0,0,0,0,0
12.09893,0,0,0,0,0,0,0,0,0,0,0,0,0,0,0,0,0
12.12293,0,0,0,0,0,0,0,0,0,0,0,0,0,0,0,0,0
12.14693,0,0,0,0,0,0,0,0,0,0,0,0,0,0,0,0,0
12.17093,0,0,0,0,0,0,0,0,0,0,0,0,0,0,0,0,0
12.19493,0,0,0,0,0,0,0,0,0,0,0,0,0,0,0,0,0
12.21893,0,0,0,0,0,0,0,0,0,0,0,0,0,0,0,0,0
12.24293,0,0,0,0,0,0,0,0,0,0,0,0,0,0,0,0,0
12.26693,0,0,0,0,0,0,0,0,0,0,0,0,0,0,0,0,0
12.29093,0,0,0,0,0,0,0,0,0,0,0,0,0,0,0,0,0
12.31493,0,0,0,0,0,0,0,0,0,0,0,0,0,0,0,0,0
12.33893,0,0,0,0,0,0,0,0,0,0,0,0,0,0,0,0,0
12.36293,0,0,0,0,0,0,0,0,0,0,0,0,0,0,0,0,0
12.38693,0,0,0,0,0,0,0,0,0,0,0,0,0,0,0,0,0
12.41093,0,0,0,0,0,0,0,0,0,0,0,0,0,0,0,0,0
12.43493,0,0,0,0,0,0,0,0,0,0,0,0,0,0,0,0,0
12.45893,0,0,0,0,0,0,0,0,0,0,0,0,0,0,0,0,0
12.48293,0,0,0,0,0,0,0,0,0,0,0,0,0,0,0,0,0
12.50693,0,0,0,0,0,0,0,0,0,0,0,0,0,0,0,0,0
12.53093,0,0,0,0,0,0,0,0,0,0,0,0,0,0,0,0,0
12.55493,0,0,0,0,0,0,0,0,0,0,0,0,0,0,0,0,0
12.57893,0,0,0,0,0,0,0,0,0,0,0,0,0,0,0,0,0
12.60293,0,0,0,0,0,0,0,0,0,0,0,0,0,0,0,0,0
12.62693,0,0,0,0,0,0,0,0,0,0,0,0,0,0,0,0,0
12.65093,0,0,0,0,0,0,0,0,0,0,0,0,0,0,0,0,0
12.67493,0,0,0,0,0,0,0,0,0,0,0,0,0,0,0,0,0
12.69793,0,0,0,0,0,0,0,0,0,0,0,0,0,0,0,0,0
12.72193,0,0,0,0,0,0,0,0,0,0,0,0,0,0,0,0,0
12.74593,0,0,0,0,0,0,0,0,0,0,0,0,0,0,0,0,0
12.76993,0,0,0,0,0,0,0,0,0,0,0,0,0,0,0,0,0
12.79393,0,0,0,0,0,0,0,0,0,0,0,0,0,0,0,0,0
12.81793,0,0,0,0,0,0,0,0,0,0,0,0,0,0,0,0,0
12.84193,0,0,0,0,0,0,0,0,0,0,0,0,0,0,0,0,0
12.86593,0,0,0,0,0,0,0,0,0,0,0,0,0,0,0,0,0
12.88993,0,0,0,0,0,0,0,0,0,0,0,0,0,0,0,0,0
12.91393,0,0,0,0,0,0,0,0,0,0,0,0,0,0,0,0,0
12.93793,0,0,0,0,0,0,0,0,0,0,0,0,0,0,0,0,0
12.96193,0,0,0,0,0,0,0,0,0,0,0,0,0,0,0,0,0
12.98593,0,0,0,0,0,0,0,0,0,0,0,0,0,0,0,0,0
13.00993,0,0,0,0,0,0,0,0,0,0,0,0,0,0,0,0,0
13.03393,0,0,0,0,0,0,0,0,0,0,0,0,0,0,0,0,0
13.05793,0,0,0,0,0,0,0,0,0,0,0,0,0,0,0,0,0
13.08193,0,0,0,0,0,0,0,0,0,0,0,0,0,0,0,0,0
13.10593,0,0,0,0,0,0,0,0,0,0,0,0,0,0,0,0,0
13.12993,0,0,0,0,0,0,0,0,0,0,0,0,0,0,0,0,0
13.15393,0,0,0,0,0,0,0,0,0,0,0,0,0,0,0,0,0
13.17793,0,0,0,0,0,0,0,0,0,0,0,0,0,0,0,0,0
13.20193,0,0,0,0,0,0,0,0,0,0,0,0,0,0,0,0,0
13.22593,0,0,0,0,0,0,0,0,0,0,0,0,0,0,0,0,0
13.24993,0,0,0,0,0,0,0,0,0,0,0,0,0,0,0,0,0